x,u,time_step,t
-5.0,1.9151695967140057e-174,0,0.0
-4.95,5.485185441411177e-171,0,0.0
-4.9,1.4502131273426031e-167,0,0.0
-4.8500000000000005,3.539393026569407e-164,0,0.0
-4.800000000000001,7.974109428607447e-161,0,0.0
-4.750000000000001,1.6584104776809567e-157,0,0.0
-4.700000000000001,3.1838919149073134e-154,0,0.0
-4.650000000000001,5.6426230777592994e-151,0,0.0
-4.600000000000001,9.231243499549699e-148,0,0.0
-4.550000000000002,1.3941060578871172e-144,0,0.0
-4.500000000000002,1.9435148500487404e-141,0,0.0
-4.450000000000002,2.501130508792719e-138,0,0.0
-4.400000000000002,2.971264305128334e-135,0,0.0
-4.350000000000002,3.2583869594584385e-132,0,0.0
-4.3000000000000025,3.2985302689916586e-129,0,0.0
-4.250000000000003,3.082440696948047e-126,0,0.0
-4.200000000000003,2.6590434112051945e-123,0,0.0
-4.150000000000003,2.1174470880226795e-120,0,0.0
-4.100000000000003,1.5565251678798429e-117,0,0.0
-4.050000000000003,1.0562243351600895e-114,0,0.0
-4.0000000000000036,6.616261056706476e-112,0,0.0
-3.9500000000000037,3.82582884899017e-109,0,0.0
-3.900000000000004,2.042184069327692e-106,0,0.0
-3.850000000000004,1.0062842418971326e-103,0,0.0
-3.8000000000000043,4.577231742702144e-101,0,0.0
-3.7500000000000044,1.9219477278228112e-98,0,0.0
-3.7000000000000046,7.449663975599101e-96,0,0.0
-3.650000000000005,2.665558618094858e-93,0,0.0
-3.600000000000005,8.804328384700879e-91,0,0.0
-3.550000000000005,2.684483067824542e-88,0,0.0
-3.5000000000000053,7.55581901970745e-86,0,0.0
-3.4500000000000055,1.9631743284432922e-83,0,0.0
-3.4000000000000057,4.708608986787835e-81,0,0.0
-3.350000000000006,1.0425162410714995e-78,0,0.0
-3.300000000000006,2.130735163909085e-76,0,0.0
-3.250000000000006,4.020060215740727e-74,0,0.0
-3.2000000000000064,7.001515989742455e-72,0,0.0
-3.1500000000000066,1.1256621233198739e-69,0,0.0
-3.1000000000000068,1.6706307180401664e-67,0,0.0
-3.050000000000007,2.2888077404108702e-65,0,0.0
-3.000000000000007,2.894640311646326e-63,0,0.0
-2.9500000000000073,3.3793746332768795e-61,0,0.0
-2.9000000000000075,3.641954494742017e-59,0,0.0
-2.8500000000000076,3.6231735050847233e-57,0,0.0
-2.800000000000008,3.327363054180685e-55,0,0.0
-2.750000000000008,2.8207700884581313e-53,0,0.0
-2.700000000000008,2.2074538398908312e-51,0,0.0
-2.6500000000000083,1.5946743668957377e-49,0,0.0
-2.6000000000000085,1.0634298273328718e-47,0,0.0
-2.5500000000000087,6.5463934372003005e-46,0,0.0
-2.500000000000009,3.7200759760181926e-44,0,0.0
-2.450000000000009,1.951452380293979e-42,0,0.0
-2.4000000000000092,9.449754976484503e-41,0,0.0
-2.3500000000000094,4.2241524062032014e-39,0,0.0
-2.3000000000000096,1.743070896644053e-37,0,0.0
-2.2500000000000098,6.639677199576016e-36,0,0.0
-2.20000000000001,2.334722783485647e-34,0,0.0
-2.15000000000001,7.578445267613153e-33,0,0.0
-2.1000000000000103,2.27081292202481e-31,0,0.0
-2.0500000000000105,6.281148147601647e-30,0,0.0
-2.0000000000000107,1.6038108905475438e-28,0,0.0
-1.9500000000000108,3.78027784477352e-27,0,0.0
-1.900000000000011,8.225280651601133e-26,0,0.0
-1.8500000000000112,1.6520917823131684e-24,0,0.0
-1.8000000000000114,3.0631908645754277e-23,0,0.0
-1.7500000000000115,5.242885663360074e-22,0,0.0
-1.7000000000000117,8.283677007677621e-21,0,0.0
-1.650000000000012,1.2081820198992154e-19,0,0.0
-1.600000000000012,1.6266646214522374e-18,0,0.0
-1.5500000000000123,2.0217158486941113e-17,0,0.0
-1.5000000000000124,2.319522830242185e-16,0,0.0
-1.4500000000000126,2.456595368790712e-15,0,0.0
-1.4000000000000128,2.401734781619587e-14,0,0.0
-1.350000000000013,2.167568882617745e-13,0,0.0
-1.3000000000000131,1.8058314375122292e-12,0,0.0
-1.2500000000000133,1.388794386495662e-11,0,0.0
-1.2000000000000135,9.859505575986403e-11,0,0.0
-1.1500000000000137,6.461431773102848e-10,0,0.0
-1.1000000000000139,3.9089384342629615e-09,0,0.0
-1.050000000000014,2.1829577951244465e-08,0,0.0
-1.0000000000000142,1.1253517471920794e-07,0,0.0
-0.9500000000000144,5.355347802790759e-07,0,0.0
-0.9000000000000146,2.3525752000087845e-06,0,0.0
-0.8500000000000147,9.540162873075417e-06,0,0.0
-0.8000000000000149,3.571284964162157e-05,0,0.0
-0.7500000000000151,0.00012340980408663484,0,0.0
-0.7000000000000153,0.00039366904065494363,0,0.0
-0.6500000000000155,0.0011592291739042186,0,0.0
-0.6000000000000156,0.003151111598443495,0,0.0
-0.5500000000000158,0.007907054051591244,0,0.0
-0.500000000000016,0.018315638888729495,0,0.0
-0.45000000000001616,0.039163895098977955,0,0.0
-0.40000000000001634,0.07730474044328357,0,0.0
-0.3500000000000165,0.14085842092101894,0,0.0
-0.3000000000000167,0.2369277586820838,0,0.0
-0.2500000000000169,0.36787944117139265,0,0.0
-0.20000000000001705,0.527292424042991,0,0.0
-0.15000000000001723,0.6976763260709734,0,0.0
-0.10000000000001741,0.8521437889661638,0,0.0
-0.050000000000017586,0.9607894391522962,0,0.0
-1.7763568394002505e-14,1.0,0,0.0
0.04999999999998206,0.9607894391523508,0,0.0
0.09999999999998188,0.8521437889662608,0,0.0
0.1499999999999817,0.6976763260710923,0,0.0
0.19999999999998153,0.5272924240431109,0,0.0
0.24999999999998135,0.36787944117149723,0,0.0
0.29999999999998117,0.2369277586821646,0,0.0
0.349999999999981,0.140858420921075,0,0.0
0.3999999999999808,0.07730474044331873,0,0.0
0.44999999999998064,0.03916389509899799,0,0.0
0.49999999999998046,0.018315638888739907,0,0.0
0.5499999999999803,0.007907054051596188,0,0.0
0.5999999999999801,0.003151111598445645,0,0.0
0.6499999999999799,0.0011592291739050754,0,0.0
0.6999999999999797,0.0003936690406552569,0,0.0
0.7499999999999796,0.00012340980408674006,0,0.0
0.7999999999999794,3.571284964165405e-05,0,0.0
0.8499999999999792,9.540162873084636e-06,0,0.0
0.899999999999979,2.352575200011192e-06,0,0.0
0.9499999999999789,5.355347802796543e-07,0,0.0
0.9999999999999787,1.1253517471933588e-07,0,0.0
1.0499999999999785,2.1829577951270524e-08,0,0.0
1.0999999999999783,3.90893843426785e-09,0,0.0
1.1499999999999782,6.461431773111296e-10,0,0.0
1.199999999999978,9.859505575999854e-11,0,0.0
1.2499999999999778,1.3887943864976356e-11,0,0.0
1.2999999999999776,1.8058314375148981e-12,0,0.0
1.3499999999999774,2.1675688826210716e-13,0,0.0
1.3999999999999773,2.4017347816234097e-14,0,0.0
1.449999999999977,2.4565953687947615e-15,0,0.0
1.499999999999977,2.3195228302461403e-16,0,0.0
1.5499999999999767,2.021715848697674e-17,0,0.0
1.5999999999999766,1.6266646214551962e-18,0,0.0
1.6499999999999764,1.2081820199014817e-19,0,0.0
1.6999999999999762,8.283677007693631e-21,0,0.0
1.749999999999976,5.242885663370505e-22,0,0.0
1.7999999999999758,3.063190864581696e-23,0,0.0
1.8499999999999757,1.652091782316643e-24,0,0.0
1.8999999999999755,8.225280651618899e-26,0,0.0
1.9499999999999753,3.780277844781901e-27,0,0.0
1.9999999999999751,1.6038108905511905e-28,0,0.0
2.049999999999975,6.2811481476162866e-30,0,0.0
2.0999999999999748,2.2708129220302316e-31,0,0.0
2.1499999999999746,7.578445267631677e-33,0,0.0
2.1999999999999744,2.3347227834914865e-34,0,0.0
2.2499999999999742,6.639677199593e-36,0,0.0
2.299999999999974,1.7430708966486108e-37,0,0.0
2.349999999999974,4.224152406214487e-39,0,0.0
2.3999999999999737,9.449754976510286e-41,0,0.0
2.4499999999999735,1.9514523802994142e-42,0,0.0
2.4999999999999734,3.7200759760287657e-44,0,0.0
2.549999999999973,6.546393437219279e-46,0,0.0
2.599999999999973,1.0634298273360152e-47,0,0.0
2.649999999999973,1.594674366900542e-49,0,0.0
2.6999999999999726,2.207453839897607e-51,0,0.0
2.7499999999999725,2.82077008846695e-53,0,0.0
2.7999999999999723,3.3273630541912765e-55,0,0.0
2.849999999999972,3.6231735050964623e-57,0,0.0
2.899999999999972,3.6419544947540242e-59,0,0.0
2.9499999999999718,3.379374633288213e-61,0,0.0
2.9999999999999716,2.894640311656198e-63,0,0.0
3.0499999999999723,2.288807740418611e-65,0,0.0
3.0999999999999712,1.6706307180460543e-67,0,0.0
3.14999999999997,1.125662123324033e-69,0,0.0
3.199999999999971,7.001515989767927e-72,0,0.0
3.2499999999999716,4.0200602157552376e-74,0,0.0
3.2999999999999705,2.130735163917079e-76,0,0.0
3.3499999999999694,1.0425162410755588e-78,0,0.0
3.39999999999997,4.708608986806036e-81,0,0.0
3.449999999999971,1.963174328450769e-83,0,0.0
3.49999999999997,7.555819019737515e-86,0,0.0
3.5499999999999687,2.6844830678356053e-88,0,0.0
3.5999999999999694,8.804328384736913e-91,0,0.0
3.64999999999997,2.665558618105692e-93,0,0.0
3.699999999999969,7.449663975630438e-96,0,0.0
3.749999999999968,1.9219477278312234e-98,0,0.0
3.7999999999999687,4.577231742721918e-101,0,0.0
3.8499999999999694,1.0062842419014227e-103,0,0.0
3.8999999999999684,2.0421840693367465e-106,0,0.0
3.9499999999999673,3.825828849007785e-109,0,0.0
3.999999999999968,6.616261056736564e-112,0,0.0
4.049999999999969,1.0562243351648326e-114,0,0.0
4.099999999999968,1.556525167887098e-117,0,0.0
4.149999999999967,2.1174470880329104e-120,0,0.0
4.199999999999967,2.6590434112178913e-123,0,0.0
4.249999999999968,3.082440696962415e-126,0,0.0
4.299999999999967,3.2985302690077835e-129,0,0.0
4.349999999999966,3.258386959474923e-132,0,0.0
4.399999999999967,2.9712643051431966e-135,0,0.0
4.449999999999967,2.501130508804946e-138,0,0.0
4.499999999999966,1.9435148500586833e-141,0,0.0
4.549999999999965,1.394106057894487e-144,0,0.0
4.599999999999966,9.231243499597974e-148,0,0.0
4.649999999999967,5.6426230777884874e-151,0,0.0
4.6999999999999655,3.1838919149243253e-154,0,0.0
4.7499999999999645,1.6584104776901007e-157,0,0.0
4.799999999999965,7.974109428650962e-161,0,0.0
4.849999999999966,3.5393930265883194e-164,0,0.0
4.899999999999965,1.4502131273506818e-167,0,0.0
4.949999999999964,5.485185441442669e-171,0,0.0
4.9999999999999645,1.9151695967248922e-174,0,0.0
-5.0,1.915169596719449e-174,1,0.04000000000000001
-4.95,7.251066594297815e-168,1,0.04000000000000001
-4.9,1.7696967875439758e-164,1,0.04000000000000001
-4.8500000000000005,3.987055439410287e-161,1,0.04000000000000001
-4.800000000000001,8.292054158101297e-158,1,0.04000000000000001
-4.750000000000001,1.591946356159128e-154,1,0.04000000000000001
-4.700000000000001,2.8213123680848887e-151,1,0.04000000000000001
-4.650000000000001,4.615623341720807e-148,1,0.04000000000000001
-4.600000000000001,6.970533110747125e-145,1,0.04000000000000001
-4.550000000000002,9.717578865865452e-142,1,0.04000000000000001
-4.500000000000002,1.2505659514493885e-138,1,0.04000000000000001
-4.450000000000002,1.4856331243215918e-135,1,0.04000000000000001
-4.400000000000002,1.6291947302944735e-132,1,0.04000000000000001
-4.350000000000002,1.649266620127982e-129,1,0.04000000000000001
-4.3000000000000025,1.5412219776675032e-126,1,0.04000000000000001
-4.250000000000003,1.3295233548677317e-123,1,0.04000000000000001
-4.200000000000003,1.0587250852316883e-120,1,0.04000000000000001
-4.150000000000003,7.78263913461627e-118,1,0.04000000000000001
-4.100000000000003,5.281132263035888e-115,1,0.04000000000000001
-4.050000000000003,3.3081383109790776e-112,1,0.04000000000000001
-4.0000000000000036,1.9129197056167606e-109,1,0.04000000000000001
-3.9500000000000037,1.0210953427943743e-106,1,0.04000000000000001
-3.900000000000004,5.0314403386299085e-104,1,0.04000000000000001
-3.850000000000004,2.2886260822714187e-101,1,0.04000000000000001
-3.8000000000000043,9.60978895332615e-99,1,0.04000000000000001
-3.7500000000000044,3.724854873958264e-96,1,0.04000000000000001
-3.7000000000000046,1.3327889187860683e-93,1,0.04000000000000001
-3.650000000000005,4.4022014406703177e-91,1,0.04000000000000001
-3.600000000000005,1.3422548617053616e-88,1,0.04000000000000001
-3.550000000000005,3.7779535314956486e-86,1,0.04000000000000001
-3.5000000000000053,9.816005866369852e-84,1,0.04000000000000001
-3.4500000000000055,2.354342272489016e-81,1,0.04000000000000001
-3.4000000000000057,5.2126793640739197e-79,1,0.04000000000000001
-3.350000000000006,1.0653911249994764e-76,1,0.04000000000000001
-3.300000000000006,2.010082233682417e-74,1,0.04000000000000001
-3.250000000000006,3.500864531629423e-72,1,0.04000000000000001
-3.2000000000000064,5.628511619610157e-70,1,0.04000000000000001
-3.1500000000000066,8.353503666000319e-68,1,0.04000000000000001
-3.1000000000000068,1.1444601533116012e-65,1,0.04000000000000001
-3.050000000000007,1.4474036873590648e-63,1,0.04000000000000001
-3.000000000000007,1.6898017570254603e-61,1,0.04000000000000001
-2.9500000000000073,1.8211219793865908e-59,1,0.04000000000000001
-2.9000000000000075,1.8117557212740255e-57,1,0.04000000000000001
-2.8500000000000076,1.6638636248150795e-55,1,0.04000000000000001
-2.800000000000008,1.4105662029043198e-53,1,0.04000000000000001
-2.750000000000008,1.1038932880981246e-51,1,0.04000000000000001
-2.700000000000008,7.974782219522917e-50,1,0.04000000000000001
-2.6500000000000083,5.318252863584304e-48,1,0.04000000000000001
-2.6000000000000085,3.2739940557835983e-46,1,0.04000000000000001
-2.5500000000000087,1.8605697029227627e-44,1,0.04000000000000001
-2.500000000000009,9.760535098188495e-43,1,0.04000000000000001
-2.450000000000009,4.726737526230261e-41,1,0.04000000000000001
-2.4000000000000092,2.1130519292917478e-39,1,0.04000000000000001
-2.3500000000000094,8.720079360708507e-38,1,0.04000000000000001
-2.3000000000000096,3.32195067599111e-36,1,0.04000000000000001
-2.2500000000000098,1.1682329271911456e-34,1,0.04000000000000001
-2.20000000000001,3.792542472406365e-33,1,0.04000000000000001
-2.15000000000001,1.1365738224041479e-31,1,0.04000000000000001
-2.1000000000000103,3.14436329643463e-30,1,0.04000000000000001
-2.0500000000000105,8.030408517347843e-29,1,0.04000000000000001
-2.0000000000000107,1.893279496460561e-27,1,0.04000000000000001
-1.9500000000000108,4.120659380253304e-26,1,0.04000000000000001
-1.900000000000011,8.27936030078971e-25,1,0.04000000000000001
-1.8500000000000112,1.5357080726135144e-23,1,0.04000000000000001
-1.8000000000000114,2.629703290591603e-22,1,0.04000000000000001
-1.7500000000000115,4.157154458161688e-21,1,0.04000000000000001
-1.7000000000000117,6.067124527812877e-20,1,0.04000000000000001
-1.650000000000012,8.174741492299576e-19,1,0.04000000000000001
-1.600000000000012,1.0168988344465517e-17,1,0.04000000000000001
-1.5500000000000123,1.1678947382283537e-16,1,0.04000000000000001
-1.5000000000000124,1.2384062636388253e-15,1,0.04000000000000001
-1.4500000000000126,1.2124650049609929e-14,1,0.04000000000000001
-1.4000000000000128,1.0960674181527322e-13,1,0.04000000000000001
-1.350000000000013,9.149243926635605e-13,1,0.04000000000000001
-1.3000000000000131,7.0523503765706316e-12,1,0.04000000000000001
-1.2500000000000133,5.020044359674458e-11,1,0.04000000000000001
-1.2000000000000135,3.3001556050415907e-10,1,0.04000000000000001
-1.1500000000000137,2.003766741957397e-09,1,0.04000000000000001
-1.1000000000000139,1.123786046905478e-08,1,0.04000000000000001
-1.050000000000014,5.82220540469583e-08,1,0.04000000000000001
-1.0000000000000142,2.786821218509661e-07,1,0.04000000000000001
-0.9500000000000144,1.2325540829748152e-06,1,0.04000000000000001
-0.9000000000000146,5.0378306810952185e-06,1,0.04000000000000001
-0.8500000000000147,1.9032458446211288e-05,1,0.04000000000000001
-0.8000000000000149,6.647195568684771e-05,1,0.04000000000000001
-0.7500000000000151,0.00021466020516709448,1,0.04000000000000001
-0.7000000000000153,0.0006410537725358496,1,0.04000000000000001
-0.6500000000000155,0.0017704354137507644,1,0.04000000000000001
-0.6000000000000156,0.0045209060744483,1,0.04000000000000001
-0.5500000000000158,0.010668268618867195,1,0.04000000000000001
-0.500000000000016,0.023241216740174805,1,0.04000000000000001
-0.45000000000001616,0.04668207761258631,1,0.04000000000000001
-0.40000000000001634,0.08634970119699062,1,0.04000000000000001
-0.3500000000000165,0.14708450157486122,1,0.04000000000000001
-0.3000000000000167,0.23127009334776313,1,0.04000000000000001
-0.2500000000000169,0.33772958383873386,1,0.04000000000000001
-0.20000000000001705,0.46249448907652,1,0.04000000000000001
-0.15000000000001723,0.6000957591804821,1,0.04000000000000001
-0.10000000000001741,0.7419600645262963,1,0.04000000000000001
-0.050000000000017586,0.8713017018978039,1,0.04000000000000001
-1.7763568394002505e-14,0.9607894391523025,1,0.04000000000000001
0.04999999999998206,0.9808420870683753,1,0.04000000000000001
0.09999999999998188,0.916505700697048,1,0.04000000000000001
0.1499999999999817,0.7793404538287888,1,0.04000000000000001
0.19999999999998153,0.6030612781659755,1,0.04000000000000001
0.24999999999998135,0.4264905988864589,1,0.04000000000000001
0.29999999999998117,0.277467768744741,1,0.04000000000000001
0.349999999999981,0.1671479975505707,1,0.04000000000000001
0.3999999999999808,0.09367261482304717,1,0.04000000000000001
0.44999999999998064,0.04893830171945055,1,0.04000000000000001
0.49999999999998046,0.02382973241040718,1,0.04000000000000001
0.5499999999999803,0.010798481868312148,1,0.04000000000000001
0.5999999999999801,0.004545377151050078,1,0.04000000000000001
0.6499999999999799,0.0017743452253489087,1,0.04000000000000001
0.6999999999999797,0.0006415852054554853,1,0.04000000000000001
0.7499999999999796,0.00021472168512964366,1,0.04000000000000001
0.7999999999999794,6.647801127291977e-05,1,0.04000000000000001
0.8499999999999792,1.903296639543651e-05,1,0.04000000000000001
0.899999999999979,5.037866972264174e-06,1,0.04000000000000001
0.9499999999999789,1.232556291754445e-06,1,0.04000000000000001
0.9999999999999787,2.786822363796565e-07,1,0.04000000000000001
1.0499999999999785,5.822205910657901e-08,1,0.04000000000000001
1.0999999999999783,1.1237860659513423e-08,1,0.04000000000000001
1.1499999999999782,2.00376674806794e-09,1,0.04000000000000001
1.199999999999978,3.300155606715146e-10,1,0.04000000000000001
1.2499999999999778,5.020044360070026e-11,1,0.04000000000000001
1.2999999999999776,7.052350376657797e-12,1,0.04000000000000001
1.3499999999999774,9.149243926662181e-13,1,0.04000000000000001
1.3999999999999773,1.0960674181546035e-13,1,0.04000000000000001
1.449999999999977,1.212465004962947e-14,1,0.04000000000000001
1.499999999999977,1.2384062636408704e-15,1,0.04000000000000001
1.5499999999999767,1.167894738230346e-16,1,0.04000000000000001
1.5999999999999766,1.0168988344483444e-17,1,0.04000000000000001
1.6499999999999764,8.17474149231445e-19,1,0.04000000000000001
1.6999999999999762,6.067124527824262e-20,1,0.04000000000000001
1.749999999999976,4.157154458169724e-21,1,0.04000000000000001
1.7999999999999758,2.6297032905968356e-22,1,0.04000000000000001
1.8499999999999757,1.5357080726166573e-23,1,0.04000000000000001
1.8999999999999755,8.279360300807124e-25,1,0.04000000000000001
1.9499999999999753,4.120659380262206e-26,1,0.04000000000000001
1.9999999999999751,1.8932794964647584e-27,1,0.04000000000000001
2.049999999999975,8.030408517366103e-29,1,0.04000000000000001
2.0999999999999748,3.1443632964419593e-30,1,0.04000000000000001
2.1499999999999746,1.1365738224068616e-31,1,0.04000000000000001
2.1999999999999744,3.792542472415635e-33,1,0.04000000000000001
2.2499999999999742,1.1682329271940675e-34,1,0.04000000000000001
2.299999999999974,3.321950675999607e-36,1,0.04000000000000001
2.349999999999974,8.720079360731309e-38,1,0.04000000000000001
2.3999999999999737,2.1130519292973932e-39,1,0.04000000000000001
2.4499999999999735,4.726737526243158e-41,1,0.04000000000000001
2.4999999999999734,9.760535098215681e-43,1,0.04000000000000001
2.549999999999973,1.860569702928051e-44,1,0.04000000000000001
2.599999999999973,3.27399405579309e-46,1,0.04000000000000001
2.649999999999973,5.3182528636000247e-48,1,0.04000000000000001
2.6999999999999726,7.974782219546944e-50,1,0.04000000000000001
2.7499999999999725,1.103893288101513e-51,1,0.04000000000000001
2.7999999999999723,1.4105662029087298e-53,1,0.04000000000000001
2.849999999999972,1.663863624820376e-55,1,0.04000000000000001
2.899999999999972,1.8117557212798955e-57,1,0.04000000000000001
2.9499999999999718,1.821121979392595e-59,1,0.04000000000000001
2.9999999999999716,1.6898017570311274e-61,1,0.04000000000000001
3.0499999999999723,1.4474036873640015e-63,1,0.04000000000000001
3.0999999999999712,1.1444601533154718e-65,1,0.04000000000000001
3.14999999999997,8.35350366602976e-68,1,0.04000000000000001
3.199999999999971,5.628511619630953e-70,1,0.04000000000000001
3.2499999999999716,3.500864531642159e-72,1,0.04000000000000001
3.2999999999999705,2.0100822336896724e-74,1,0.04000000000000001
3.3499999999999694,1.0653911250034735e-76,1,0.04000000000000001
3.39999999999997,5.2126793640942165e-79,1,0.04000000000000001
3.449999999999971,2.3543422724981168e-81,1,0.04000000000000001
3.49999999999997,9.816005866407236e-84,1,0.04000000000000001
3.5499999999999687,3.777953531510681e-86,1,0.04000000000000001
3.5999999999999694,1.3422548617108932e-88,1,0.04000000000000001
3.64999999999997,4.402201440688335e-91,1,0.04000000000000001
3.699999999999969,1.3327889187914853e-93,1,0.04000000000000001
3.749999999999968,3.7248548739739325e-96,1,0.04000000000000001
3.7999999999999687,9.609788953368213e-99,1,0.04000000000000001
3.8499999999999694,2.288626082281306e-101,1,0.04000000000000001
3.8999999999999684,5.031440338651359e-104,1,0.04000000000000001
3.9499999999999673,1.0210953427989016e-106,1,0.04000000000000001
3.999999999999968,1.9129197056255685e-109,1,0.04000000000000001
4.049999999999969,3.3081383109941213e-112,1,0.04000000000000001
4.099999999999968,5.2811322630596035e-115,1,0.04000000000000001
4.149999999999967,7.782639134652546e-118,1,0.04000000000000001
4.199999999999967,1.0587250852368038e-120,1,0.04000000000000001
4.249999999999968,1.3295233548740801e-123,1,0.04000000000000001
4.299999999999967,1.5412219776746872e-126,1,0.04000000000000001
4.349999999999966,1.6492666201360444e-129,1,0.04000000000000001
4.399999999999967,1.6291947303027158e-132,1,0.04000000000000001
4.449999999999967,1.4856331243290233e-135,1,0.04000000000000001
4.499999999999966,1.250565951455502e-138,1,0.04000000000000001
4.549999999999965,9.717578865915167e-142,1,0.04000000000000001
4.599999999999966,6.970533110783974e-145,1,0.04000000000000001
4.649999999999967,4.6156233417449445e-148,1,0.04000000000000001
4.6999999999999655,2.8213123680994827e-151,1,0.04000000000000001
4.7499999999999645,1.591946356167634e-154,1,0.04000000000000001
4.799999999999965,8.292054158147017e-158,1,0.04000000000000001
4.849999999999966,3.987055439432044e-161,1,0.04000000000000001
4.899999999999965,1.769696787553432e-164,1,0.04000000000000001
4.949999999999964,7.251066594338208e-168,1,0.04000000000000001
4.9999999999999645,2.7435503055196916e-171,1,0.04000000000000001
-5.0,1.3727327375582056e-171,2,0.08000000000000002
-4.95,8.848483938677463e-165,2,0.08000000000000002
-4.9,1.993528082258473e-161,2,0.08000000000000002
-4.8500000000000005,4.146027963899042e-158,2,0.08000000000000002
-4.800000000000001,7.95973377432336e-155,2,0.08000000000000002
-4.750000000000001,1.4106565986451522e-151,2,0.08000000000000002
-4.700000000000001,2.3078124668335815e-148,2,0.08000000000000002
-4.650000000000001,3.485267966029747e-145,2,0.08000000000000002
-4.600000000000001,4.858791740744397e-142,2,0.08000000000000002
-4.550000000000002,6.252833242513498e-139,2,0.08000000000000002
-4.500000000000002,7.428170480397392e-136,2,0.08000000000000002
-4.450000000000002,8.145979904302125e-133,2,0.08000000000000002
-4.400000000000002,8.246340528805531e-130,2,0.08000000000000002
-4.350000000000002,7.706118034311168e-127,2,0.08000000000000002
-4.3000000000000025,6.647625020671759e-124,2,0.08000000000000002
-4.250000000000003,5.29363313226833e-121,2,0.08000000000000002
-4.200000000000003,3.8913262149249096e-118,2,0.08000000000000002
-4.150000000000003,2.6405714251433702e-115,2,0.08000000000000002
-4.100000000000003,1.654073046809106e-112,2,0.08000000000000002
-4.050000000000003,9.564624933745118e-110,2,0.08000000000000002
-4.0000000000000036,5.1054932546634265e-107,2,0.08000000000000002
-3.9500000000000037,2.5157297339134824e-104,2,0.08000000000000002
-3.900000000000004,1.1443181466124233e-101,2,0.08000000000000002
-3.850000000000004,4.804919633864768e-99,2,0.08000000000000002
-3.8000000000000043,1.8624388801095434e-96,2,0.08000000000000002
-3.7500000000000044,6.663992642875108e-94,2,0.08000000000000002
-3.7000000000000046,2.2011193446095285e-91,2,0.08000000000000002
-3.650000000000005,6.711340947972748e-89,2,0.08000000000000002
-3.600000000000005,1.8889987767550276e-86,2,0.08000000000000002
-3.550000000000005,4.908070045928012e-84,2,0.08000000000000002
-3.5000000000000053,1.1771900260121655e-81,2,0.08000000000000002
-3.4500000000000055,2.6063887620662918e-79,2,0.08000000000000002
-3.4000000000000057,5.3270733421110064e-77,2,0.08000000000000002
-3.350000000000006,1.0050671802380289e-74,2,0.08000000000000002
-3.300000000000006,1.7504855353709615e-72,2,0.08000000000000002
-3.250000000000006,2.8143563139167625e-70,2,0.08000000000000002
-3.2000000000000064,4.176926876226741e-68,2,0.08000000000000002
-3.1500000000000066,5.722582192138986e-66,2,0.08000000000000002
-3.1000000000000068,7.237436111978624e-64,2,0.08000000000000002
-3.050000000000007,8.449581015203957e-62,2,0.08000000000000002
-3.000000000000007,9.106333598776633e-60,2,0.08000000000000002
-2.9500000000000073,9.05962350724864e-58,2,0.08000000000000002
-2.9000000000000075,8.320228685065091e-56,2,0.08000000000000002
-2.8500000000000076,7.053736892382236e-54,2,0.08000000000000002
-2.800000000000008,5.520298372303031e-52,2,0.08000000000000002
-2.750000000000008,3.988096392862911e-50,2,0.08000000000000002
-2.700000000000008,2.6596783784362013e-48,2,0.08000000000000002
-2.6500000000000083,1.6373957670027753e-46,2,0.08000000000000002
-2.6000000000000085,9.305507641045606e-45,2,0.08000000000000002
-2.5500000000000087,4.881904546122139e-43,2,0.08000000000000002
-2.500000000000009,2.364299047966592e-41,2,0.08000000000000002
-2.450000000000009,1.0570139914007834e-39,2,0.08000000000000002
-2.4000000000000092,4.362403049117369e-38,2,0.08000000000000002
-2.3500000000000094,1.6620318639602007e-36,2,0.08000000000000002
-2.3000000000000096,5.845524675636082e-35,2,0.08000000000000002
-2.2500000000000098,1.8979322115411782e-33,2,0.08000000000000002
-2.20000000000001,5.688710276656695e-32,2,0.08000000000000002
-2.15000000000001,1.5740779194535183e-30,2,0.08000000000000002
-2.1000000000000103,4.020887127785942e-29,2,0.08000000000000002
-2.0500000000000105,9.482119298784977e-28,2,0.08000000000000002
-2.0000000000000107,2.064344894385326e-26,2,0.08000000000000002
-1.9500000000000108,4.149146547877158e-25,2,0.08000000000000002
-1.900000000000011,7.699143659968839e-24,2,0.08000000000000002
-1.8500000000000112,1.3189913254461963e-22,2,0.08000000000000002
-1.8000000000000114,2.0862557694439115e-21,2,0.08000000000000002
-1.7500000000000115,3.0467107803593965e-20,2,0.08000000000000002
-1.7000000000000117,4.108156518440596e-19,2,0.08000000000000002
-1.650000000000012,5.114829794871823e-18,2,0.08000000000000002
-1.600000000000012,5.880347398603266e-17,2,0.08000000000000002
-1.5500000000000123,6.242876259916451e-16,2,0.08000000000000002
-1.5000000000000124,6.120719761716353e-15,2,0.08000000000000002
-1.4500000000000126,5.542257403945362e-14,2,0.08000000000000002
-1.4000000000000128,4.635245213564177e-13,2,0.08000000000000002
-1.350000000000013,3.5809785591830077e-12,2,0.08000000000000002
-1.3000000000000131,2.555768399420022e-11,2,0.08000000000000002
-1.2500000000000133,1.6853395541859273e-10,2,0.08000000000000002
-1.2000000000000135,1.0269835919745587e-09,2,0.08000000000000002
-1.1500000000000137,5.78393798954335e-09,2,0.08000000000000002
-1.1000000000000139,3.011290971729935e-08,2,0.08000000000000002
-1.050000000000014,1.4495997565252333e-07,2,0.08000000000000002
-1.0000000000000142,6.453877653509348e-07,2,0.08000000000000002
-0.9500000000000144,2.658251341058243e-06,2,0.08000000000000002
-0.9000000000000146,1.0132434121536064e-05,2,0.08000000000000002
-0.8500000000000147,3.57540145557405e-05,2,0.08000000000000002
-0.8000000000000149,0.0001168371884528113,2,0.08000000000000002
-0.7500000000000151,0.0003536815578276707,2,0.08000000000000002
-0.7000000000000153,0.0009919301369488134,2,0.08000000000000002
-0.6500000000000155,0.002576974395133134,2,0.08000000000000002
-0.6000000000000156,0.0061972165135549704,2,0.08000000000000002
-0.5500000000000158,0.013777118294545592,2,0.08000000000000002
-0.500000000000016,0.028262092232746106,2,0.08000000000000002
-0.45000000000001616,0.05341223562033356,2,0.08000000000000002
-0.40000000000001634,0.0929923627470642,2,0.08000000000000002
-0.3500000000000165,0.14960398023632218,2,0.08000000000000002
-0.3000000000000167,0.22392155846752573,2,0.08000000000000002
-0.2500000000000169,0.31479923194232795,2,0.08000000000000002
-0.20000000000001705,0.419701941832305,2,0.08000000000000002
-0.15000000000001723,0.5349065598162652,2,0.08000000000000002
-0.10000000000001741,0.6558883834304208,2,0.08000000000000002
-0.050000000000017586,0.7768524300323533,2,0.08000000000000002
-1.7763568394002505e-14,0.8854949856761622,2,0.08000000000000002
0.04999999999998206,0.9552742993199571,2,0.08000000000000002
0.09999999999998188,0.9510272018066988,2,0.08000000000000002
0.1499999999999817,0.8550434482689131,2,0.08000000000000002
0.19999999999998153,0.6880109887647302,2,0.08000000000000002
0.24999999999998135,0.4976034319615573,2,0.08000000000000002
0.29999999999998117,0.3276104537891878,2,0.08000000000000002
0.349999999999981,0.1992129525687737,2,0.08000000000000002
0.3999999999999808,0.11315184877700694,2,0.08000000000000002
0.44999999999998064,0.060392514140934245,2,0.08000000000000002
0.49999999999998046,0.030324061826786094,2,0.08000000000000002
0.5499999999999803,0.014296993919389893,2,0.08000000000000002
0.5999999999999801,0.006309105328766837,2,0.08000000000000002
0.6499999999999799,0.002597530942626667,2,0.08000000000000002
0.6999999999999797,0.0009951538943546068,2,0.08000000000000002
0.7499999999999796,0.0003541130508141778,2,0.08000000000000002
0.7999999999999794,0.0001168864743921911,2,0.08000000000000002
0.8499999999999792,3.5758817911767807e-05,2,0.08000000000000002
0.899999999999979,1.0132833490518437e-05,2,0.08000000000000002
0.9499999999999789,2.6582796648098833e-06,2,0.08000000000000002
0.9999999999999787,6.453894785915528e-07,2,0.08000000000000002
1.0499999999999785,1.4496006402708482e-07,2,0.08000000000000002
1.0999999999999783,3.0112913604482093e-08,2,0.08000000000000002
1.1499999999999782,5.7839381353285895e-09,2,0.08000000000000002
1.199999999999978,1.0269835966368323e-09,2,0.08000000000000002
1.2499999999999778,1.6853395554585832e-10,2,0.08000000000000002
1.2999999999999776,2.555768399718709e-11,2,0.08000000000000002
1.3499999999999774,3.5809785592465738e-12,2,0.08000000000000002
1.3999999999999773,4.635245213580912e-13,2,0.08000000000000002
1.449999999999977,5.5422574039553015e-14,2,0.08000000000000002
1.499999999999977,6.1207197617262815e-15,2,0.08000000000000002
1.5499999999999767,6.242876259926772e-16,2,0.08000000000000002
1.5999999999999766,5.880347398613303e-17,2,0.08000000000000002
1.6499999999999764,5.1148297948808434e-18,2,0.08000000000000002
1.6999999999999762,4.108156518448073e-19,2,0.08000000000000002
1.749999999999976,3.0467107803651147e-20,2,0.08000000000000002
1.7999999999999758,2.0862557694479454e-21,2,0.08000000000000002
1.8499999999999757,1.3189913254488214e-22,2,0.08000000000000002
1.8999999999999755,7.699143659984598e-24,2,0.08000000000000002
1.9499999999999753,4.149146547885886e-25,2,0.08000000000000002
1.9999999999999751,2.064344894389786e-26,2,0.08000000000000002
2.049999999999975,9.482119298806e-28,2,0.08000000000000002
2.0999999999999748,4.020887127795086e-29,2,0.08000000000000002
2.1499999999999746,1.5740779194571874e-30,2,0.08000000000000002
2.1999999999999744,5.688710276670278e-32,2,0.08000000000000002
2.2499999999999742,1.8979322115458172e-33,2,0.08000000000000002
2.299999999999974,5.845524675650704e-35,2,0.08000000000000002
2.349999999999974,1.6620318639644524e-36,2,0.08000000000000002
2.3999999999999737,4.362403049128776e-38,2,0.08000000000000002
2.4499999999999735,1.0570139914036074e-39,2,0.08000000000000002
2.4999999999999734,2.364299047973043e-41,2,0.08000000000000002
2.549999999999973,4.881904546135737e-43,2,0.08000000000000002
2.599999999999973,9.305507641072055e-45,2,0.08000000000000002
2.649999999999973,1.6373957670075223e-46,2,0.08000000000000002
2.6999999999999726,2.659678378444063e-48,2,0.08000000000000002
2.7499999999999725,3.988096392874926e-50,2,0.08000000000000002
2.7999999999999723,5.520298372319975e-52,2,0.08000000000000002
2.849999999999972,7.053736892404289e-54,2,0.08000000000000002
2.899999999999972,8.320228685091576e-56,2,0.08000000000000002
2.9499999999999718,9.059623507277994e-58,2,0.08000000000000002
2.9999999999999716,9.106333598806658e-60,2,0.08000000000000002
3.0499999999999723,8.449581015232294e-62,2,0.08000000000000002
3.0999999999999712,7.237436112003309e-64,2,0.08000000000000002
3.14999999999997,5.722582192158341e-66,2,0.08000000000000002
3.199999999999971,4.176926876241462e-68,2,0.08000000000000002
3.2499999999999716,2.8143563139271608e-70,2,0.08000000000000002
3.2999999999999705,1.7504855353773298e-72,2,0.08000000000000002
3.3499999999999694,1.0050671802416567e-74,2,0.08000000000000002
3.39999999999997,5.3270733421309926e-77,2,0.08000000000000002
3.449999999999971,2.6063887620764402e-79,2,0.08000000000000002
3.49999999999997,1.177190026016716e-81,2,0.08000000000000002
3.5499999999999687,4.908070045946704e-84,2,0.08000000000000002
3.5999999999999694,1.8889987767625438e-86,2,0.08000000000000002
3.64999999999997,6.711340948000406e-89,2,0.08000000000000002
3.699999999999969,2.2011193446185374e-91,2,0.08000000000000002
3.749999999999968,6.663992642902193e-94,2,0.08000000000000002
3.7999999999999687,1.8624388801173776e-96,2,0.08000000000000002
3.8499999999999694,4.804919633885799e-99,2,0.08000000000000002
3.8999999999999684,1.1443181466173669e-101,2,0.08000000000000002
3.9499999999999673,2.5157297339242076e-104,2,0.08000000000000002
3.999999999999968,5.105493254686063e-107,2,0.08000000000000002
4.049999999999969,9.564624933789158e-110,2,0.08000000000000002
4.099999999999968,1.654073046816628e-112,2,0.08000000000000002
4.149999999999967,2.640571425155228e-115,2,0.08000000000000002
4.199999999999967,3.8913262149430476e-118,2,0.08000000000000002
4.249999999999968,5.293633132293907e-121,2,0.08000000000000002
4.299999999999967,6.647625020703501e-124,2,0.08000000000000002
4.349999999999966,7.706118034347088e-127,2,0.08000000000000002
4.399999999999967,8.246340528845844e-130,2,0.08000000000000002
4.449999999999967,8.145979904343337e-133,2,0.08000000000000002
4.499999999999966,7.428170480434549e-136,2,0.08000000000000002
4.549999999999965,6.252833242544065e-139,2,0.08000000000000002
4.599999999999966,4.8587917407692545e-142,2,0.08000000000000002
4.649999999999967,3.485267966048171e-145,2,0.08000000000000002
4.6999999999999655,2.3078124668456503e-148,2,0.08000000000000002
4.7499999999999645,1.4106565986524492e-151,2,0.08000000000000002
4.799999999999965,7.95973377436589e-155,2,0.08000000000000002
4.849999999999966,4.146027963921902e-158,2,0.08000000000000002
4.899999999999965,1.9935280822693517e-161,2,0.08000000000000002
4.949999999999964,8.848485309542312e-165,2,0.08000000000000002
4.9999999999999645,3.6255342547539024e-168,2,0.08000000000000002
-5.0,1.8134534937457303e-168,3,0.12000000000000002
-4.95,9.967640411978731e-162,3,0.12000000000000002
-4.9,2.0730144243737177e-158,3,0.12000000000000002
-4.8500000000000005,3.979867883925721e-155,3,0.12000000000000002
-4.800000000000001,7.053285066239743e-152,3,0.12000000000000002
-4.750000000000001,1.1539066314034794e-148,3,0.12000000000000002
-4.700000000000001,1.7426346883431728e-145,3,0.12000000000000002
-4.650000000000001,2.429397024278432e-142,3,0.12000000000000002
-4.600000000000001,3.126418363890732e-139,3,0.12000000000000002
-4.550000000000002,3.714087669594566e-136,3,0.12000000000000002
-4.500000000000002,4.072993078567684e-133,3,0.12000000000000002
-4.450000000000002,4.123173978488006e-130,3,0.12000000000000002
-4.400000000000002,3.853063090145536e-127,3,0.12000000000000002
-4.350000000000002,3.323816633506144e-124,3,0.12000000000000002
-4.3000000000000025,2.646820419193182e-121,3,0.12000000000000002
-4.250000000000003,1.9456664312749651e-118,3,0.12000000000000002
-4.200000000000003,1.3202883593882512e-115,3,0.12000000000000002
-4.150000000000003,8.270384690676605e-113,3,0.12000000000000002
-4.100000000000003,4.782325669729685e-110,3,0.12000000000000002
-4.050000000000003,2.5527548976969472e-107,3,0.12000000000000002
-4.0000000000000036,1.257869649269208e-104,3,0.12000000000000002
-3.9500000000000037,5.72161626052839e-102,3,0.12000000000000002
-3.900000000000004,2.4024723955810535e-99,3,0.12000000000000002
-3.850000000000004,9.312251616455047e-97,3,0.12000000000000002
-3.8000000000000043,3.3320203460357237e-94,3,0.12000000000000002
-3.7500000000000044,1.1005689844991647e-91,3,0.12000000000000002
-3.7000000000000046,3.355703793949588e-89,3,0.12000000000000002
-3.650000000000005,9.445103939742368e-87,3,0.12000000000000002
-3.600000000000005,2.454068579668746e-84,3,0.12000000000000002
-3.550000000000005,5.886044579999665e-82,3,0.12000000000000002
-3.5000000000000053,1.3032189213833756e-79,3,0.12000000000000002
-3.4500000000000055,2.663595530556804e-77,3,0.12000000000000002
-3.4000000000000057,5.0254662206282475e-75,3,0.12000000000000002
-3.350000000000006,8.752694030521913e-73,3,0.12000000000000002
-3.300000000000006,1.4072284103173931e-70,3,0.12000000000000002
-3.250000000000006,2.088550962390139e-68,3,0.12000000000000002
-3.2000000000000064,2.861431813885189e-66,3,0.12000000000000002
-3.1500000000000066,3.618926902333123e-64,3,0.12000000000000002
-3.1000000000000068,4.225076636711586e-62,3,0.12000000000000002
-3.050000000000007,4.5535286711939156e-60,3,0.12000000000000002
-3.000000000000007,4.530234232675081e-58,3,0.12000000000000002
-2.9500000000000073,4.160569659212484e-56,3,0.12000000000000002
-2.9000000000000075,3.5273214273664805e-54,3,0.12000000000000002
-2.8500000000000076,2.7605651975857686e-52,3,0.12000000000000002
-2.800000000000008,1.9944008832760746e-50,3,0.12000000000000002
-2.750000000000008,1.3301152041367157e-48,3,0.12000000000000002
-2.700000000000008,8.188972883210308e-47,3,0.12000000000000002
-2.6500000000000083,4.654083659712021e-45,3,0.12000000000000002
-2.6000000000000085,2.441770970944571e-43,3,0.12000000000000002
-2.5500000000000087,1.1826147993653484e-41,3,0.12000000000000002
-2.500000000000009,5.287510909276978e-40,3,0.12000000000000002
-2.450000000000009,2.1823836740826677e-38,3,0.12000000000000002
-2.4000000000000092,8.315444389758007e-37,3,0.12000000000000002
-2.3500000000000094,2.9249435393426e-35,3,0.12000000000000002
-2.3000000000000096,9.497971217025692e-34,3,0.12000000000000002
-2.2500000000000098,2.8472779006661655e-32,3,0.12000000000000002
-2.20000000000001,7.8798792583252975e-31,3,0.12000000000000002
-2.15000000000001,2.0132879190312995e-29,3,0.12000000000000002
-2.1000000000000103,4.748930038989757e-28,3,0.12000000000000002
-2.0500000000000105,1.034182890756556e-26,3,0.12000000000000002
-2.0000000000000107,2.0793143335879715e-25,3,0.12000000000000002
-1.9500000000000108,3.859893554456346e-24,3,0.12000000000000002
-1.900000000000011,6.615702359970368e-23,3,0.12000000000000002
-1.8500000000000112,1.0469774565519402e-21,3,0.12000000000000002
-1.8000000000000114,1.5299503468069293e-20,3,0.12000000000000002
-1.7500000000000115,2.0645095380675176e-19,3,0.12000000000000002
-1.7000000000000117,2.5726484513377087e-18,3,0.12000000000000002
-1.650000000000012,2.960714481893836e-17,3,0.12000000000000002
-1.600000000000012,3.1470122789325835e-16,3,0.12000000000000002
-1.5500000000000123,3.089761617851185e-15,3,0.12000000000000002
-1.5000000000000124,2.8023430832722018e-14,3,0.12000000000000002
-1.4500000000000126,2.348226205590241e-13,3,0.12000000000000002
-1.4000000000000128,1.8182005666086665e-12,3,0.12000000000000002
-1.350000000000013,1.3010604257647723e-11,3,0.12000000000000002
-1.3000000000000131,8.60574669832097e-11,3,0.12000000000000002
-1.2500000000000133,5.26270637773571e-10,3,0.12000000000000002
-1.2000000000000135,2.9762359657958646e-09,3,0.12000000000000002
-1.1500000000000137,1.5569946473490427e-08,3,0.12000000000000002
-1.1000000000000139,7.537195262504522e-08,3,0.12000000000000002
-1.050000000000014,3.37750254410401e-07,3,0.12000000000000002
-1.0000000000000142,1.4016042492980236e-06,3,0.12000000000000002
-0.9500000000000144,5.388890493504327e-06,3,0.12000000000000002
-0.9000000000000146,1.920587869174804e-05,3,0.12000000000000002
-0.8500000000000147,6.348210163469682e-05,3,0.12000000000000002
-0.8000000000000149,0.0001946930237327475,3,0.12000000000000002
-0.7500000000000151,0.0005541896078072161,3,0.12000000000000002
-0.7000000000000153,0.0014640248352026375,3,0.12000000000000002
-0.6500000000000155,0.0035870890118280337,3,0.12000000000000002
-0.6000000000000156,0.008140412706545619,3,0.12000000000000002
-0.5500000000000158,0.017077586300179266,3,0.12000000000000002
-0.500000000000016,0.03306206537234755,3,0.12000000000000002
-0.45000000000001616,0.05905746075552328,3,0.12000000000000002
-0.40000000000001634,0.0976024111306103,3,0.12000000000000002
-0.3500000000000165,0.15015830364384616,3,0.12000000000000002
-0.3000000000000167,0.2168581649835391,3,0.12000000000000002
-0.2500000000000169,0.29660997902365893,3,0.12000000000000002
-0.20000000000001705,0.3874476016186982,3,0.12000000000000002
-0.15000000000001723,0.4869871923231302,3,0.12000000000000002
-0.10000000000001741,0.5924045608617691,3,0.12000000000000002
-0.050000000000017586,0.6999093249255602,3,0.12000000000000002
-1.7763568394002505e-14,0.8042535068973427,3,0.12000000000000002
0.04999999999998206,0.8941908199577,3,0.12000000000000002
0.09999999999998188,0.9414488114971634,3,0.12000000000000002
0.1499999999999817,0.905737818868766,3,0.12000000000000002
0.19999999999998153,0.7730214647007698,3,0.12000000000000002
0.24999999999998135,0.5810168235227718,3,0.12000000000000002
0.29999999999998117,0.38999286727091587,3,0.12000000000000002
0.349999999999981,0.23928620499315795,3,0.12000000000000002
0.3999999999999808,0.1370104422962351,3,0.12000000000000002
0.44999999999998064,0.07411471373309249,3,0.12000000000000002
0.49999999999998046,0.03803332437598844,3,0.12000000000000002
0.5499999999999803,0.01849253236090152,3,0.12000000000000002
0.5999999999999801,0.008486793804634914,3,0.12000000000000002
0.6499999999999799,0.0036598925073159268,3,0.12000000000000002
0.6999999999999797,0.0014771463509094516,3,0.12000000000000002
0.7499999999999796,0.0005562155181385096,3,0.12000000000000002
0.7999999999999794,0.00019496075783491252,3,0.12000000000000002
0.8499999999999792,6.351236589607102e-05,3,0.12000000000000002
0.899999999999979,1.920880311361038e-05,3,0.12000000000000002
0.9499999999999789,5.389131936112388e-06,3,0.12000000000000002
0.9999999999999787,1.4016212735059555e-06,3,0.12000000000000002
1.0499999999999785,3.3775127922217573e-07,3,0.12000000000000002
1.0999999999999783,7.537200527719995e-08,3,0.12000000000000002
1.1499999999999782,1.5569948781706037e-08,3,0.12000000000000002
1.199999999999978,2.9762360521223312e-09,3,0.12000000000000002
1.2499999999999778,5.262706405278181e-10,3,0.12000000000000002
1.2999999999999776,8.605746705823061e-11,3,0.12000000000000002
1.3499999999999774,1.3010604259403186e-11,3,0.12000000000000002
1.3999999999999773,1.8182005666456275e-12,3,0.12000000000000002
1.449999999999977,2.348226205599517e-13,3,0.12000000000000002
1.499999999999977,2.802343083277346e-14,3,0.12000000000000002
1.5499999999999767,3.089761617856215e-15,3,0.12000000000000002
1.5999999999999766,3.147012278937791e-16,3,0.12000000000000002
1.6499999999999764,2.960714481898892e-17,3,0.12000000000000002
1.6999999999999762,2.5726484513422473e-18,3,0.12000000000000002
1.749999999999976,2.0645095380712763e-19,3,0.12000000000000002
1.7999999999999758,1.5299503468098013e-20,3,0.12000000000000002
1.8499999999999757,1.046977456553965e-21,3,0.12000000000000002
1.8999999999999755,6.615702359983537e-23,3,0.12000000000000002
1.9499999999999753,3.859893554464248e-24,3,0.12000000000000002
1.9999999999999751,2.079314333592346e-25,3,0.12000000000000002
2.049999999999975,1.0341828907587906e-26,3,0.12000000000000002
2.0999999999999748,4.748930039000286e-28,3,0.12000000000000002
2.1499999999999746,2.013287919035878e-29,3,0.12000000000000002
2.1999999999999744,7.879879258343666e-31,3,0.12000000000000002
2.2499999999999742,2.8472779006729645e-32,3,0.12000000000000002
2.299999999999974,9.497971217048908e-34,3,0.12000000000000002
2.349999999999974,2.924943539349916e-35,3,0.12000000000000002
2.3999999999999737,8.31544438977928e-37,3,0.12000000000000002
2.4499999999999735,2.1823836740883745e-38,3,0.12000000000000002
2.4999999999999734,5.287510909291104e-40,3,0.12000000000000002
2.549999999999973,1.1826147993685752e-41,3,0.12000000000000002
2.599999999999973,2.4417709709513724e-43,3,0.12000000000000002
2.649999999999973,4.654083659725249e-45,3,0.12000000000000002
2.6999999999999726,8.188972883234048e-47,3,0.12000000000000002
2.7499999999999725,1.3301152041406475e-48,3,0.12000000000000002
2.7999999999999723,1.9944008832820832e-50,3,0.12000000000000002
2.849999999999972,2.7605651975942423e-52,3,0.12000000000000002
2.899999999999972,3.5273214273775085e-54,3,0.12000000000000002
2.9499999999999718,4.160569659225728e-56,3,0.12000000000000002
2.9999999999999716,4.530234232689759e-58,3,0.12000000000000002
3.0499999999999723,4.553528671208929e-60,3,0.12000000000000002
3.0999999999999712,4.225076636725755e-62,3,0.12000000000000002
3.14999999999997,3.6189269023454666e-64,3,0.12000000000000002
3.199999999999971,2.8614318138948667e-66,3,0.12000000000000002
3.2499999999999716,2.0885509623974998e-68,3,0.12000000000000002
3.2999999999999705,1.4072284103225924e-70,3,0.12000000000000002
3.3499999999999694,8.752694030553756e-73,3,0.12000000000000002
3.39999999999997,5.025466220646388e-75,3,0.12000000000000002
3.449999999999971,2.6635955305667973e-77,3,0.12000000000000002
3.49999999999997,1.3032189213884498e-79,3,0.12000000000000002
3.5499999999999687,5.886044580022418e-82,3,0.12000000000000002
3.5999999999999694,2.454068579678092e-84,3,0.12000000000000002
3.64999999999997,9.44510393977995e-87,3,0.12000000000000002
3.699999999999969,3.355703793963417e-89,3,0.12000000000000002
3.749999999999968,1.1005689845036693e-91,3,0.12000000000000002
3.7999999999999687,3.332020346049266e-94,3,0.12000000000000002
3.8499999999999694,9.312251616494218e-97,3,0.12000000000000002
3.8999999999999684,2.402472395591569e-99,3,0.12000000000000002
3.9499999999999673,5.721616260553108e-102,3,0.12000000000000002
3.999999999999968,1.2578696492745708e-104,3,0.12000000000000002
4.049999999999969,2.5527548977082655e-107,3,0.12000000000000002
4.099999999999968,4.782325669751705e-110,3,0.12000000000000002
4.149999999999967,8.270384690714215e-113,3,0.12000000000000002
4.199999999999967,1.32028835939418e-115,3,0.12000000000000002
4.249999999999968,1.9456664312840341e-118,3,0.12000000000000002
4.299999999999967,2.6468204192059708e-121,3,0.12000000000000002
4.349999999999966,3.323816633522015e-124,3,0.12000000000000002
4.399999999999967,3.853063090163496e-127,3,0.12000000000000002
4.449999999999967,4.123173978508162e-130,3,0.12000000000000002
4.499999999999966,4.07299307858829e-133,3,0.12000000000000002
4.549999999999965,3.714087669613145e-136,3,0.12000000000000002
4.599999999999966,3.1264183639060155e-139,3,0.12000000000000002
4.649999999999967,2.4293970242908605e-142,3,0.12000000000000002
4.6999999999999655,1.742634688352385e-145,3,0.12000000000000002
4.7499999999999645,1.1539066314095139e-148,3,0.12000000000000002
4.799999999999965,7.053285066276228e-152,3,0.12000000000000002
4.849999999999966,3.979867883946986e-155,3,0.12000000000000002
4.899999999999965,2.0730144243852165e-158,3,0.12000000000000002
4.949999999999964,9.967642224113886e-162,3,0.12000000000000002
4.9999999999999645,4.4242433411375245e-165,3,0.12000000000000002
-5.0,2.213028397315635e-165,4,0.16000000000000003
-4.95,1.0365072122775315e-158,4,0.16000000000000003
-4.9,1.989934440344881e-155,4,0.16000000000000003
-4.8500000000000005,3.5266435696270836e-152,4,0.16000000000000003
-4.800000000000001,5.769535146951339e-149,4,0.16000000000000003
-4.750000000000001,8.713176968358398e-146,4,0.16000000000000003
-4.700000000000001,1.2146990890925316e-142,4,0.16000000000000003
-4.650000000000001,1.5632100532627102e-139,4,0.16000000000000003
-4.600000000000001,1.8570450494957954e-136,4,0.16000000000000003
-4.550000000000002,2.0364981024930238e-133,4,0.16000000000000003
-4.500000000000002,2.0615888462878377e-130,4,0.16000000000000003
-4.450000000000002,1.9265335815693074e-127,4,0.16000000000000003
-4.400000000000002,1.6619103783400613e-124,4,0.16000000000000003
-4.350000000000002,1.323412136128136e-121,4,0.16000000000000003
-4.3000000000000025,9.728348775457994e-119,4,0.16000000000000003
-4.250000000000003,6.601455031043352e-116,4,0.16000000000000003
-4.200000000000003,4.135202073670459e-113,4,0.16000000000000003
-4.150000000000003,2.3911694363066394e-110,4,0.16000000000000003
-4.100000000000003,1.276381584040819e-107,4,0.16000000000000003
-4.050000000000003,6.2893721579743885e-105,4,0.16000000000000003
-4.0000000000000036,2.8608208940386835e-102,4,0.16000000000000003
-3.9500000000000037,1.2012424871387732e-99,4,0.16000000000000003
-3.900000000000004,4.6561544163088265e-97,4,0.16000000000000003
-3.850000000000004,1.6660221853798398e-94,4,0.16000000000000003
-3.8000000000000043,5.502891483753906e-92,4,0.16000000000000003
-3.7500000000000044,1.6778685570765245e-89,4,0.16000000000000003
-3.7000000000000046,4.722606998320409e-87,4,0.16000000000000003
-3.650000000000005,1.2270510683533427e-84,4,0.16000000000000003
-3.600000000000005,2.943069515519531e-82,4,0.16000000000000003
-3.550000000000005,6.516217310345861e-80,4,0.16000000000000003
-3.5000000000000053,1.3318271955013018e-77,4,0.16000000000000003
-3.4500000000000055,2.512798271260193e-75,4,0.16000000000000003
-3.4000000000000057,4.376480195037484e-73,4,0.16000000000000003
-3.350000000000006,7.036393324897997e-71,4,0.16000000000000003
-3.300000000000006,1.0443192446652221e-68,4,0.16000000000000003
-3.250000000000006,1.4307862683631103e-66,4,0.16000000000000003
-3.2000000000000064,1.809567878714681e-64,4,0.16000000000000003
-3.1500000000000066,2.112681389946487e-62,4,0.16000000000000003
-3.1000000000000068,2.2769452819420746e-60,4,0.16000000000000003
-3.050000000000007,2.265328370169376e-58,4,0.16000000000000003
-3.000000000000007,2.080512506039802e-56,4,0.16000000000000003
-2.9500000000000073,1.763887225394874e-54,4,0.16000000000000003
-2.9000000000000075,1.3804906272758449e-52,4,0.16000000000000003
-2.8500000000000076,9.973768077094056e-51,4,0.16000000000000003
-2.800000000000008,6.6519563032823715e-49,4,0.16000000000000003
-2.750000000000008,4.095483642046792e-47,4,0.16000000000000003
-2.700000000000008,2.327706887458079e-45,4,0.16000000000000003
-2.6500000000000083,1.221294934116446e-43,4,0.16000000000000003
-2.6000000000000085,5.915401038656598e-42,4,0.16000000000000003
-2.5500000000000087,2.6449763401239614e-40,4,0.16000000000000003
-2.500000000000009,1.0917831444410166e-38,4,0.16000000000000003
-2.450000000000009,4.160365950333642e-37,4,0.16000000000000003
-2.4000000000000092,1.4635629615083414e-35,4,0.16000000000000003
-2.3500000000000094,4.753143330707725e-34,4,0.16000000000000003
-2.3000000000000096,1.425101422102754e-32,4,0.16000000000000003
-2.2500000000000098,3.944688614771162e-31,4,0.16000000000000003
-2.20000000000001,1.0080675984659828e-29,4,0.16000000000000003
-2.15000000000001,2.378404959124041e-28,4,0.16000000000000003
-2.1000000000000103,5.180980893377936e-27,4,0.16000000000000003
-2.0500000000000105,1.0420316318134806e-25,4,0.16000000000000003
-2.0000000000000107,1.9351176916819558e-24,4,0.16000000000000003
-1.9500000000000108,3.318247751653124e-23,4,0.16000000000000003
-1.900000000000011,5.254186750531982e-22,4,0.16000000000000003
-1.8500000000000112,7.682830245834498e-21,4,0.16000000000000003
-1.8000000000000114,1.0374896563165185e-19,4,0.16000000000000003
-1.7500000000000115,1.2939739774028889e-18,4,0.16000000000000003
-1.7000000000000117,1.4906797886372558e-17,4,0.16000000000000003
-1.650000000000012,1.5863693817229801e-16,4,0.16000000000000003
-1.600000000000012,1.5596843813350598e-15,4,0.16000000000000003
-1.5500000000000123,1.416906603030748e-14,4,0.16000000000000003
-1.5000000000000124,1.189561910884266e-13,4,0.16000000000000003
-1.4500000000000126,9.231119987200334e-13,4,0.16000000000000003
-1.4000000000000128,6.622713439069529e-12,4,0.16000000000000003
-1.350000000000013,4.393783377342867e-11,4,0.16000000000000003
-1.3000000000000131,2.696406209602511e-10,4,0.16000000000000003
-1.2500000000000133,1.531146714619422e-09,4,0.16000000000000003
-1.2000000000000135,8.048108507202745e-09,4,0.16000000000000003
-1.1500000000000137,3.917409316100589e-08,4,0.16000000000000003
-1.1000000000000139,1.766600776753835e-07,4,0.16000000000000003
-1.050000000000014,7.384877091988263e-07,4,0.16000000000000003
-1.0000000000000142,2.8633145887442605e-06,4,0.16000000000000003
-0.9500000000000144,1.0303668090266661e-05,4,0.16000000000000003
-0.9000000000000146,3.4434695876683136e-05,4,0.16000000000000003
-0.8500000000000147,0.00010694194391070499,4,0.16000000000000003
-0.8000000000000149,0.00030877523549212174,4,0.16000000000000003
-0.7500000000000151,0.0008289378367987725,4,0.16000000000000003
-0.7000000000000153,0.0020681272935261495,4,0.16000000000000003
-0.6500000000000155,0.004789394180811168,4,0.16000000000000003
-0.6000000000000156,0.010276582306751391,4,0.16000000000000003
-0.5500000000000158,0.020395872269916085,4,0.16000000000000003
-0.500000000000016,0.03742829558444125,4,0.16000000000000003
-0.45000000000001616,0.06364561215311426,4,0.16000000000000003
-0.40000000000001634,0.10079593570322326,4,0.16000000000000003
-0.3500000000000165,0.14973004144477087,4,0.16000000000000003
-0.3000000000000167,0.21029814863310897,4,0.16000000000000003
-0.2500000000000169,0.2815352472451079,4,0.16000000000000003
-0.20000000000001705,0.36196277650732456,4,0.16000000000000003
-0.15000000000001723,0.4497605772942848,4,0.16000000000000003
-0.10000000000001741,0.5429049510981476,4,0.16000000000000003
-0.050000000000017586,0.6391529259541862,4,0.16000000000000003
-1.7763568394002505e-14,0.7351092405658559,4,0.16000000000000003
0.04999999999998206,0.8249507269347034,4,0.16000000000000003
0.09999999999998188,0.8958075646067278,4,0.16000000000000003
0.1499999999999817,0.9149878740552263,4,0.16000000000000003
0.19999999999998153,0.8399334106583005,4,0.16000000000000003
0.24999999999998135,0.6706007156590295,4,0.16000000000000003
0.29999999999998117,0.46621604652125775,4,0.16000000000000003
0.349999999999981,0.2901661698283715,4,0.16000000000000003
0.3999999999999808,0.16705343878478307,4,0.16000000000000003
0.44999999999998064,0.09098694884313593,4,0.16000000000000003
0.49999999999998046,0.04733382645472086,4,0.16000000000000003
0.5499999999999803,0.023534960709113033,4,0.16000000000000003
0.5999999999999801,0.011141928222099499,4,0.16000000000000003
0.6499999999999799,0.004995938819320259,4,0.16000000000000003
0.6999999999999797,0.0021106711002197164,4,0.16000000000000003
0.7499999999999796,0.000836482344701164,4,0.16000000000000003
0.7999999999999794,0.00030992501039368956,4,0.16000000000000003
0.8499999999999792,0.00010709230861805716,4,0.16000000000000003
0.899999999999979,3.445154987166744e-05,4,0.16000000000000003
0.9499999999999789,1.0305285596273141e-05,4,0.16000000000000003
0.9999999999999787,2.8634473934007015e-06,4,0.16000000000000003
1.0499999999999785,7.384970311638287e-07,4,0.16000000000000003
1.0999999999999783,1.7666063676864156e-07,4,0.16000000000000003
1.1499999999999782,3.9174121799077376e-08,4,0.16000000000000003
1.199999999999978,8.048109759546197e-09,4,0.16000000000000003
1.2499999999999778,1.531146761360396e-09,4,0.16000000000000003
1.2999999999999776,2.6964062244896895e-10,4,0.16000000000000003
1.3499999999999774,4.3937833813918634e-11,4,0.16000000000000003
1.3999999999999773,6.622713440015413e-12,4,0.16000000000000003
1.449999999999977,9.231119987398615e-13,4,0.16000000000000003
1.499999999999977,1.18956191088915e-13,4,0.16000000000000003
1.5499999999999767,1.4169066030333777e-14,4,0.16000000000000003
1.5999999999999766,1.559684381337604e-15,4,0.16000000000000003
1.6499999999999764,1.586369381725607e-16,4,0.16000000000000003
1.6999999999999762,1.4906797886398023e-17,4,0.16000000000000003
1.749999999999976,1.2939739774051727e-18,4,0.16000000000000003
1.7999999999999758,1.0374896563184079e-19,4,0.16000000000000003
1.8499999999999757,7.682830245848924e-21,4,0.16000000000000003
1.8999999999999755,5.254186750542147e-22,4,0.16000000000000003
1.9499999999999753,3.31824775165973e-23,4,0.16000000000000003
1.9999999999999751,1.935117691685918e-24,4,0.16000000000000003
2.049999999999975,1.0420316318156732e-25,4,0.16000000000000003
2.0999999999999748,5.1809808933891324e-27,4,0.16000000000000003
2.1499999999999746,2.378404959129315e-28,4,0.16000000000000003
2.1999999999999744,1.0080675984682755e-29,4,0.16000000000000003
2.2499999999999742,3.944688614780357e-31,4,0.16000000000000003
2.299999999999974,1.425101422106157e-32,4,0.16000000000000003
2.349999999999974,4.753143330719344e-34,4,0.16000000000000003
2.3999999999999737,1.463562961512002e-35,4,0.16000000000000003
2.4499999999999735,4.1603659503442855e-37,4,0.16000000000000003
2.4999999999999734,1.0917831444438716e-38,4,0.16000000000000003
2.549999999999973,2.644976340131028e-40,4,0.16000000000000003
2.599999999999973,5.915401038672739e-42,4,0.16000000000000003
2.649999999999973,1.2212949341198478e-43,4,0.16000000000000003
2.6999999999999726,2.327706887464695e-45,4,0.16000000000000003
2.7499999999999725,4.0954836420586654e-47,4,0.16000000000000003
2.7999999999999723,6.651956303302034e-49,4,0.16000000000000003
2.849999999999972,9.973768077124105e-51,4,0.16000000000000003
2.899999999999972,1.3804906272800825e-52,4,0.16000000000000003
2.9499999999999718,1.7638872254003886e-54,4,0.16000000000000003
2.9999999999999716,2.0805125060464244e-56,4,0.16000000000000003
3.0499999999999723,2.2653283701767156e-58,4,0.16000000000000003
3.0999999999999712,2.2769452819495818e-60,4,0.16000000000000003
3.14999999999997,2.1126813899535722e-62,4,0.16000000000000003
3.199999999999971,1.8095678787208533e-64,4,0.16000000000000003
3.2499999999999716,1.4307862683679495e-66,4,0.16000000000000003
3.2999999999999705,1.0443192446689026e-68,4,0.16000000000000003
3.3499999999999694,7.0363933249239945e-71,4,0.16000000000000003
3.39999999999997,4.3764801950534064e-73,4,0.16000000000000003
3.449999999999971,2.512798271269263e-75,4,0.16000000000000003
3.49999999999997,1.3318271955062987e-77,4,0.16000000000000003
3.5499999999999687,6.516217310371233e-80,4,0.16000000000000003
3.5999999999999694,2.943069515530908e-82,4,0.16000000000000003
3.64999999999997,1.2270510683580157e-84,4,0.16000000000000003
3.699999999999969,4.7226069983392e-87,4,0.16000000000000003
3.749999999999968,1.677868557083439e-89,4,0.16000000000000003
3.7999999999999687,5.502891483776429e-92,4,0.16000000000000003
3.8499999999999694,1.666022185386611e-94,4,0.16000000000000003
3.8999999999999684,4.656154416328412e-97,4,0.16000000000000003
3.9499999999999673,1.201242487144031e-99,4,0.16000000000000003
3.999999999999968,2.8608208940510425e-102,4,0.16000000000000003
4.049999999999969,6.289372158001202e-105,4,0.16000000000000003
4.099999999999968,1.2763815840464781e-107,4,0.16000000000000003
4.149999999999967,2.3911694363176496e-110,4,0.16000000000000003
4.199999999999967,4.1352020736892635e-113,4,0.16000000000000003
4.249999999999968,6.601455031072996e-116,4,0.16000000000000003
4.299999999999967,9.728348775503339e-119,4,0.16000000000000003
4.349999999999966,1.3234121361345304e-121,4,0.16000000000000003
4.399999999999967,1.6619103783479968e-124,4,0.16000000000000003
4.449999999999967,1.9265335815782874e-127,4,0.16000000000000003
4.499999999999966,2.0615888462979158e-130,4,0.16000000000000003
4.549999999999965,2.0364981025033267e-133,4,0.16000000000000003
4.599999999999966,1.8570450495050847e-136,4,0.16000000000000003
4.649999999999967,1.563210053270352e-139,4,0.16000000000000003
4.6999999999999655,1.2146990890987459e-142,4,0.16000000000000003
4.7499999999999645,8.713176968404459e-146,4,0.16000000000000003
4.799999999999965,5.769535146981511e-149,4,0.16000000000000003
4.849999999999966,3.526643569645326e-152,4,0.16000000000000003
4.899999999999965,1.989934440355604e-155,4,0.16000000000000003
4.949999999999964,1.0365074334047754e-158,4,0.16000000000000003
4.9999999999999645,4.98382201878369e-162,4,0.16000000000000003
-5.0,2.493017523590503e-162,5,0.20000000000000004
-4.95,9.94967220283092e-156,5,0.20000000000000004
-4.9,1.763322303067148e-152,5,0.20000000000000004
-4.8500000000000005,2.8847685684428898e-149,5,0.20000000000000004
-4.800000000000001,4.356590247500983e-146,5,0.20000000000000004
-4.750000000000001,6.073498330230231e-143,5,0.20000000000000004
-4.700000000000001,7.816054622902035e-140,5,0.20000000000000004
-4.650000000000001,9.285231320974423e-137,5,0.20000000000000004
-4.600000000000001,1.0182498328515384e-133,5,0.20000000000000004
-4.550000000000002,1.0307953516664436e-130,5,0.20000000000000004
-4.500000000000002,9.63267809033705e-128,5,0.20000000000000004
-4.450000000000002,8.309562199644539e-125,5,0.20000000000000004
-4.400000000000002,6.617070313308588e-122,5,0.20000000000000004
-4.350000000000002,4.8641826972808885e-119,5,0.20000000000000004
-4.3000000000000025,3.300734132582357e-116,5,0.20000000000000004
-4.250000000000003,2.0676059010096172e-113,5,0.20000000000000004
-4.200000000000003,1.1955880188808352e-110,5,0.20000000000000004
-4.150000000000003,6.3819285962144636e-108,5,0.20000000000000004
-4.100000000000003,3.144698034834376e-105,5,0.20000000000000004
-4.050000000000003,1.4304168289272619e-102,5,0.20000000000000004
-4.0000000000000036,6.006243882554655e-100,5,0.20000000000000004
-3.9500000000000037,2.3280915122588833e-97,5,0.20000000000000004
-3.900000000000004,8.330170989023557e-95,5,0.20000000000000004
-3.850000000000004,2.7514690226490346e-92,5,0.20000000000000004
-3.8000000000000043,8.389426086491892e-90,5,0.20000000000000004
-3.7500000000000044,2.3613310136176234e-87,5,0.20000000000000004
-3.7000000000000046,6.135339235194567e-85,5,0.20000000000000004
-3.650000000000005,1.4715583707947572e-82,5,0.20000000000000004
-3.600000000000005,3.2581700077263482e-80,5,0.20000000000000004
-3.550000000000005,6.659283130982286e-78,5,0.20000000000000004
-3.5000000000000053,1.2564317167166482e-75,5,0.20000000000000004
-3.4500000000000055,2.1883066888785173e-73,5,0.20000000000000004
-3.4000000000000057,3.5183223023625615e-71,5,0.20000000000000004
-3.350000000000006,5.221815047335863e-69,5,0.20000000000000004
-3.300000000000006,7.154283161481797e-67,5,0.20000000000000004
-3.250000000000006,9.048361553195739e-65,5,0.20000000000000004
-3.2000000000000064,1.0564122342866618e-62,5,0.20000000000000004
-3.1500000000000066,1.138563119364973e-60,5,0.20000000000000004
-3.1000000000000068,1.1327698191541852e-58,5,0.20000000000000004
-3.050000000000007,1.0403701002839982e-56,5,0.20000000000000004
-3.000000000000007,8.820568791159455e-55,5,0.20000000000000004
-2.9500000000000073,6.903493392632244e-53,5,0.20000000000000004
-2.9000000000000075,4.9877659821597256e-51,5,0.20000000000000004
-2.8500000000000076,3.3266683969548236e-49,5,0.20000000000000004
-2.800000000000008,2.0482405094272506e-47,5,0.20000000000000004
-2.750000000000008,1.1641860415442037e-45,5,0.20000000000000004
-2.700000000000008,6.108522412403253e-44,5,0.20000000000000004
-2.6500000000000083,2.958864372772028e-42,5,0.20000000000000004
-2.6000000000000085,1.323098817529039e-40,5,0.20000000000000004
-2.5500000000000087,5.461873422724411e-39,5,0.20000000000000004
-2.500000000000009,2.081505463336883e-37,5,0.20000000000000004
-2.450000000000009,7.323273723263913e-36,5,0.20000000000000004
-2.4000000000000092,2.3786518483290294e-34,5,0.20000000000000004
-2.3500000000000094,7.132824925321311e-33,5,0.20000000000000004
-2.3000000000000096,1.974720879050935e-31,5,0.20000000000000004
-2.2500000000000098,5.047463499440428e-30,5,0.20000000000000004
-2.20000000000001,1.1911748238694062e-28,5,0.20000000000000004
-2.15000000000001,2.595530784681298e-27,5,0.20000000000000004
-2.1000000000000103,5.222050183863023e-26,5,0.20000000000000004
-2.0500000000000105,9.701493362876668e-25,5,0.20000000000000004
-2.0000000000000107,1.6643340339856294e-23,5,0.20000000000000004
-1.9500000000000108,2.636768963724401e-22,5,0.20000000000000004
-1.900000000000011,3.858006361675514e-21,5,0.20000000000000004
-1.8500000000000112,5.213719215335252e-20,5,0.20000000000000004
-1.8000000000000114,6.508284038243617e-19,5,0.20000000000000004
-1.7500000000000115,7.505273426002104e-18,5,0.20000000000000004
-1.7000000000000117,7.996545607485045e-17,5,0.20000000000000004
-1.650000000000012,7.872955896107157e-16,5,0.20000000000000004
-1.600000000000012,7.16385148423985e-15,5,0.20000000000000004
-1.5500000000000123,6.0257937734878e-14,5,0.20000000000000004
-1.5000000000000124,4.686405323750001e-13,5,0.20000000000000004
-1.4500000000000126,3.3708348150702085e-12,5,0.20000000000000004
-1.4000000000000128,2.2430472885688414e-11,5,0.20000000000000004
-1.350000000000013,1.3813166718512786e-10,5,0.20000000000000004
-1.3000000000000131,7.875422737279293e-10,5,0.20000000000000004
-1.2500000000000133,4.158874551141629e-09,5,0.20000000000000004
-1.2000000000000135,2.0352619631359623e-08,5,0.20000000000000004
-1.1500000000000137,9.235408686249092e-08,5,0.20000000000000004
-1.1000000000000139,3.888307924140186e-07,5,0.20000000000000004
-1.050000000000014,1.5199856997374919e-06,5,0.20000000000000004
-1.0000000000000142,5.52105677569034e-06,5,0.20000000000000004
-0.9500000000000144,1.864876972277176e-05,5,0.20000000000000004
-0.9000000000000146,5.862053991772757e-05,5,0.20000000000000004
-0.8500000000000147,0.0001715861344048478,5,0.20000000000000004
-0.8000000000000149,0.0004678047500831569,5,0.20000000000000004
-0.7500000000000151,0.0011876149028379006,5,0.20000000000000004
-0.7000000000000153,0.002804715777068588,5,0.20000000000000004
-0.6500000000000155,0.006152088601457728,5,0.20000000000000004
-0.6000000000000156,0.012514022563557317,5,0.20000000000000004
-0.5500000000000158,0.023593385112306547,5,0.20000000000000004
-0.500000000000016,0.041293787743376394,5,0.20000000000000004
-0.45000000000001616,0.06736032697504585,5,0.20000000000000004
-0.40000000000001634,0.10301416252600093,5,0.20000000000000004
-0.3500000000000165,0.14873394403532114,5,0.20000000000000004
-0.3000000000000167,0.20426404231887715,5,0.20000000000000004
-0.2500000000000169,0.26877211451854116,5,0.20000000000000004
-0.20000000000001705,0.34104341598035154,5,0.20000000000000004
-0.15000000000001723,0.41968811693273794,5,0.20000000000000004
-0.10000000000001741,0.5032103744506936,5,0.20000000000000004
-0.050000000000017586,0.5898791339043163,5,0.20000000000000004
-1.7763568394002505e-14,0.6776463786215852,5,0.20000000000000004
0.04999999999998206,0.7630412831380264,5,0.20000000000000004
0.09999999999998188,0.8386374789353634,5,0.20000000000000004
0.1499999999999817,0.8872670993258245,5,0.20000000000000004
0.19999999999998153,0.8702937928222678,5,0.20000000000000004
0.24999999999998135,0.7507008750510139,5,0.20000000000000004
0.29999999999998117,0.5534852254896075,5,0.20000000000000004
0.349999999999981,0.35452485277783846,5,0.20000000000000004
0.3999999999999808,0.20576011558637053,5,0.20000000000000004
0.44999999999998064,0.1123269046763471,5,0.20000000000000004
0.49999999999998046,0.05880590087296528,5,0.20000000000000004
0.5499999999999803,0.029661147050878023,5,0.20000000000000004
0.5999999999999801,0.014371236758395267,5,0.20000000000000004
0.6499999999999799,0.00665023718756223,5,0.20000000000000004
0.6999999999999797,0.0029210625224053905,5,0.20000000000000004
0.7499999999999796,0.0012111698311029501,5,0.20000000000000004
0.7999999999999794,0.0004719249734496969,5,0.20000000000000004
0.8499999999999792,0.00017220725345323427,5,0.20000000000000004
0.899999999999979,5.8701069619895934e-05,5,0.20000000000000004
0.9499999999999789,1.8657734374525588e-05,5,0.20000000000000004
0.9999999999999787,5.521912444425157e-06,5,0.20000000000000004
1.0499999999999785,1.5200556487090705e-06,5,0.20000000000000004
1.0999999999999783,3.888356852501037e-07,5,0.20000000000000004
1.1499999999999782,9.235437949293558e-08,5,0.20000000000000004
1.199999999999978,2.035263458667237e-08,5,0.20000000000000004
1.2499999999999778,4.158875203937455e-09,5,0.20000000000000004
1.2999999999999776,7.875422980556533e-10,5,0.20000000000000004
1.3499999999999774,1.3813166795902462e-10,5,0.20000000000000004
1.3999999999999773,2.2430472906715183e-11,5,0.20000000000000004
1.449999999999977,3.3708348155609334e-12,5,0.20000000000000004
1.499999999999977,4.686405323852679e-13,5,0.20000000000000004
1.5499999999999767,6.025793773512913e-14,5,0.20000000000000004
1.5999999999999766,7.163851484253209e-15,5,0.20000000000000004
1.6499999999999764,7.872955896120014e-16,5,0.20000000000000004
1.6999999999999762,7.996545607498294e-17,5,0.20000000000000004
1.749999999999976,7.505273426014932e-18,5,0.20000000000000004
1.7999999999999758,6.508284038255108e-19,5,0.20000000000000004
1.8499999999999757,5.21371921534475e-20,5,0.20000000000000004
1.8999999999999755,3.8580063616827605e-21,5,0.20000000000000004
1.9499999999999753,2.636768963729503e-22,5,0.20000000000000004
1.9999999999999751,1.6643340339889434e-23,5,0.20000000000000004
2.049999999999975,9.701493362896536e-25,5,0.20000000000000004
2.0999999999999748,5.222050183874012e-26,5,0.20000000000000004
2.1499999999999746,2.5955307846869076e-27,5,0.20000000000000004
2.1999999999999744,1.1911748238720475e-28,5,0.20000000000000004
2.2499999999999742,5.047463499451908e-30,5,0.20000000000000004
2.299999999999974,1.9747208790555383e-31,5,0.20000000000000004
2.349999999999974,7.132824925338346e-33,5,0.20000000000000004
2.3999999999999737,2.378651848334844e-34,5,0.20000000000000004
2.4499999999999735,7.323273723282229e-36,5,0.20000000000000004
2.4999999999999734,2.0815054633422082e-37,5,0.20000000000000004
2.549999999999973,5.4618734227386943e-39,5,0.20000000000000004
2.599999999999973,1.3230988175325738e-40,5,0.20000000000000004
2.649999999999973,2.958864372780102e-42,5,0.20000000000000004
2.6999999999999726,6.108522412420268e-44,5,0.20000000000000004
2.7499999999999725,1.1641860415475126e-45,5,0.20000000000000004
2.7999999999999723,2.048240509433189e-47,5,0.20000000000000004
2.849999999999972,3.3266683969646572e-49,5,0.20000000000000004
2.899999999999972,4.9877659821747523e-51,5,0.20000000000000004
2.9499999999999718,6.903493392653435e-53,5,0.20000000000000004
2.9999999999999716,8.820568791187031e-55,5,0.20000000000000004
3.0499999999999723,1.0403701002873097e-56,5,0.20000000000000004
3.0999999999999712,1.1327698191578554e-58,5,0.20000000000000004
3.14999999999997,1.1385631193687269e-60,5,0.20000000000000004
3.199999999999971,1.0564122342902046e-62,5,0.20000000000000004
3.2499999999999716,9.048361553226602e-65,5,0.20000000000000004
3.2999999999999705,7.154283161505994e-67,5,0.20000000000000004
3.3499999999999694,5.221815047354266e-69,5,0.20000000000000004
3.39999999999997,3.5183223023755607e-71,5,0.20000000000000004
3.449999999999971,2.1883066888864784e-73,5,0.20000000000000004
3.49999999999997,1.2564317167211833e-75,5,0.20000000000000004
3.5499999999999687,6.65928313100727e-78,5,0.20000000000000004
3.5999999999999694,3.2581700077390344e-80,5,0.20000000000000004
3.64999999999997,1.4715583708004457e-82,5,0.20000000000000004
3.699999999999969,6.135339235217932e-85,5,0.20000000000000004
3.749999999999968,2.361331013627019e-87,5,0.20000000000000004
3.7999999999999687,8.389426086526464e-90,5,0.20000000000000004
3.8499999999999694,2.751469022660296e-92,5,0.20000000000000004
3.8999999999999684,8.330170989057413e-95,5,0.20000000000000004
3.9499999999999673,2.3280915122686763e-97,5,0.20000000000000004
3.999999999999968,6.006243882580945e-100,5,0.20000000000000004
4.049999999999969,1.4304168289334414e-102,5,0.20000000000000004
4.099999999999968,3.1446980348477827e-105,5,0.20000000000000004
4.149999999999967,6.381928596242759e-108,5,0.20000000000000004
4.199999999999967,1.1955880188863403e-110,5,0.20000000000000004
4.249999999999968,2.0676059010190196e-113,5,0.20000000000000004
4.299999999999967,3.300734132597179e-116,5,0.20000000000000004
4.349999999999966,4.864182697303561e-119,5,0.20000000000000004
4.399999999999967,6.61707031334056e-122,5,0.20000000000000004
4.449999999999967,8.309562199684216e-125,5,0.20000000000000004
4.499999999999966,9.63267809038195e-128,5,0.20000000000000004
4.549999999999965,1.0307953516714827e-130,5,0.20000000000000004
4.599999999999966,1.0182498328566899e-133,5,0.20000000000000004
4.649999999999967,9.28523132102087e-137,5,0.20000000000000004
4.6999999999999655,7.816054622940244e-140,5,0.20000000000000004
4.7499999999999645,6.073498330261303e-143,5,0.20000000000000004
4.799999999999965,4.356590247524014e-146,5,0.20000000000000004
4.849999999999966,2.884768568457976e-149,5,0.20000000000000004
4.899999999999965,1.7633223030763798e-152,5,0.20000000000000004
4.949999999999964,9.94967469368903e-156,5,0.20000000000000004
4.9999999999999645,5.182538273538075e-159,5,0.20000000000000004
-5.0,2.5925156455308327e-159,6,0.24000000000000005
-4.95,8.816611516582248e-153,6,0.24000000000000005
-4.9,1.442384781705055e-149,6,0.24000000000000005
-4.8500000000000005,2.178296005411643e-146,6,0.24000000000000005
-4.800000000000001,3.0367506074994e-143,6,0.24000000000000005
-4.750000000000001,3.908029489746141e-140,6,0.24000000000000005
-4.700000000000001,4.642618697236377e-137,6,0.24000000000000005
-4.650000000000001,5.091253072285004e-134,6,0.24000000000000005
-4.600000000000001,5.153981400947878e-131,6,0.24000000000000005
-4.550000000000002,4.816344136417689e-128,6,0.24000000000000005
-4.500000000000002,4.1547862537990273e-125,6,0.24000000000000005
-4.450000000000002,3.3085399729933393e-122,6,0.24000000000000005
-4.400000000000002,2.4320955034215442e-119,6,0.24000000000000005
-4.350000000000002,1.650370374826335e-116,6,0.24000000000000005
-4.3000000000000025,1.0338053825961572e-113,6,0.24000000000000005
-4.250000000000003,5.977956598074839e-111,6,0.24000000000000005
-4.200000000000003,3.1909746361367367e-108,6,0.24000000000000005
-4.150000000000003,1.5723549953572823e-105,6,0.24000000000000005
-4.100000000000003,7.152116054279291e-103,6,0.24000000000000005
-4.050000000000003,3.003137664767502e-100,6,0.24000000000000005
-4.0000000000000036,1.1640529082135863e-97,6,0.24000000000000005
-3.9500000000000037,4.165115525731191e-95,6,0.24000000000000005
-3.900000000000004,1.3757461517820786e-92,6,0.24000000000000005
-3.850000000000004,4.194754694100891e-90,6,0.24000000000000005
-3.8000000000000043,1.1806792641539248e-87,6,0.24000000000000005
-3.7500000000000044,3.067711564727716e-85,6,0.24000000000000005
-3.7000000000000046,7.357909920524467e-83,6,0.24000000000000005
-3.650000000000005,1.62911568055935e-80,6,0.24000000000000005
-3.600000000000005,3.3297151434096823e-78,6,0.24000000000000005
-3.550000000000005,6.282321492083627e-76,6,0.24000000000000005
-3.5000000000000053,1.0941866408549136e-73,6,0.24000000000000005
-3.4500000000000055,1.7592239727671166e-71,6,0.24000000000000005
-3.4000000000000057,2.6110169390023756e-69,6,0.24000000000000005
-3.350000000000006,3.5773174968560166e-67,6,0.24000000000000005
-3.300000000000006,4.524441867350236e-65,6,0.24000000000000005
-3.250000000000006,5.282418885591383e-63,6,0.24000000000000005
-3.2000000000000064,5.693268014902525e-61,6,0.24000000000000005
-3.1500000000000066,5.66437730188807e-59,6,0.24000000000000005
-3.1000000000000068,5.202419782979674e-57,6,0.24000000000000005
-3.050000000000007,4.4108507804893046e-55,6,0.24000000000000005
-3.000000000000007,3.452266881366264e-53,6,0.24000000000000005
-2.9500000000000073,2.4943240195194206e-51,6,0.24000000000000005
-2.9000000000000075,1.6636793731470434e-49,6,0.24000000000000005
-2.8500000000000076,1.0243696430127333e-47,6,0.24000000000000005
-2.800000000000008,5.8225935419194955e-46,6,0.24000000000000005
-2.750000000000008,3.05528532645634e-44,6,0.24000000000000005
-2.700000000000008,1.4800142794067863e-42,6,0.24000000000000005
-2.6500000000000083,6.618548348851396e-41,6,0.24000000000000005
-2.6000000000000085,2.7324161435485915e-39,6,0.24000000000000005
-2.5500000000000087,1.0414142810772062e-37,6,0.24000000000000005
-2.500000000000009,3.664367798343318e-36,6,0.24000000000000005
-2.450000000000009,1.1903666768961831e-34,6,0.24000000000000005
-2.4000000000000092,3.5700740995222875e-33,6,0.24000000000000005
-2.3500000000000094,9.88549765449632e-32,6,0.24000000000000005
-2.3000000000000096,2.5272981621828746e-30,6,0.24000000000000005
-2.2500000000000098,5.965747723742286e-29,6,0.24000000000000005
-2.20000000000001,1.3002891240903693e-27,6,0.24000000000000005
-2.15000000000001,2.6169809660508586e-26,6,0.24000000000000005
-2.1000000000000103,4.86372433536174e-25,6,0.24000000000000005
-2.0500000000000105,8.347780420847462e-24,6,0.24000000000000005
-2.0000000000000107,1.323235228543639e-22,6,0.24000000000000005
-1.9500000000000108,1.937324851007685e-21,6,0.24000000000000005
-1.900000000000011,2.6200434524862482e-20,6,0.24000000000000005
-1.8500000000000112,3.273432050930186e-19,6,0.24000000000000005
-1.8000000000000114,3.7787053090777284e-18,6,0.24000000000000005
-1.7500000000000115,4.0308142239337403e-17,6,0.24000000000000005
-1.7000000000000117,3.9740043151835873e-16,6,0.24000000000000005
-1.650000000000012,3.62190847015734e-15,6,0.24000000000000005
-1.600000000000012,3.052261666224363e-14,6,0.24000000000000005
-1.5500000000000123,2.3790219192957604e-13,6,0.24000000000000005
-1.5000000000000124,1.7155463764002716e-12,6,0.24000000000000005
-1.4500000000000126,1.1449556708931125e-11,6,0.24000000000000005
-1.4000000000000128,7.075125099628524e-11,6,0.24000000000000005
-1.350000000000013,4.04986373182865e-10,6,0.24000000000000005
-1.3000000000000131,2.148503105707947e-09,6,0.24000000000000005
-1.2500000000000133,1.0570080869821995e-08,6,0.24000000000000005
-1.2000000000000135,4.8256479004420046e-08,6,0.24000000000000005
-1.1500000000000137,2.0459167586765793e-07,6,0.24000000000000005
-1.1000000000000139,8.061694329345414e-07,6,0.24000000000000005
-1.050000000000014,2.9549377178764726e-06,6,0.24000000000000005
-1.0000000000000142,1.0084308618003495e-05,6,0.24000000000000005
-0.9500000000000144,3.207011716958249e-05,6,0.24000000000000005
-0.9000000000000146,9.511163325882822e-05,6,0.24000000000000005
-0.8500000000000147,0.00026316956401714224,6,0.24000000000000005
-0.8000000000000149,0.0006793243211501897,6,0.24000000000000005
-0.7500000000000151,0.0016347307457146851,6,0.24000000000000005
-0.7000000000000153,0.003662564199147266,6,0.24000000000000005
-0.6500000000000155,0.0076296223042867355,6,0.24000000000000005
-0.6000000000000156,0.014768976931502652,6,0.24000000000000005
-0.5500000000000158,0.026594189924372097,6,0.24000000000000005
-0.500000000000016,0.044680702877850705,6,0.24000000000000005
-0.45000000000001616,0.07037262697974099,6,0.24000000000000005
-0.40000000000001634,0.10453026101356011,6,0.24000000000000005
-0.3500000000000165,0.14741672616173612,6,0.24000000000000005
-0.3000000000000167,0.198729696590038,6,0.24000000000000005
-0.2500000000000169,0.25773636662979454,6,0.24000000000000005
-0.20000000000001705,0.3234501825352836,6,0.24000000000000005
-0.15000000000001723,0.39474488134127056,6,0.24000000000000005
-0.10000000000001741,0.4704197699942954,6,0.24000000000000005
-0.050000000000017586,0.5492315898353111,6,0.24000000000000005
-1.7763568394002505e-14,0.6296052870897275,6,0.24000000000000005
0.04999999999998206,0.7093202874552516,6,0.24000000000000005
0.09999999999998188,0.7841520100772981,6,0.24000000000000005
0.1499999999999817,0.8436459429288344,6,0.24000000000000005
0.19999999999998153,0.8637222075371601,6,0.24000000000000005
0.24999999999998135,0.802102587353875,6,0.24000000000000005
0.29999999999998117,0.6401856504274682,6,0.24000000000000005
0.349999999999981,0.43242440447182207,6,0.24000000000000005
0.3999999999999808,0.25603998627168856,6,0.24000000000000005
0.44999999999998064,0.140058826467395,6,0.24000000000000005
0.49999999999998046,0.07334153583757164,6,0.24000000000000005
0.5499999999999803,0.03723888912198331,6,0.24000000000000005
0.5999999999999801,0.018322803717164722,6,0.24000000000000005
0.6499999999999799,0.008685749608341538,6,0.24000000000000005
0.6999999999999797,0.003939255253790803,6,0.24000000000000005
0.7499999999999796,0.001698155726543391,6,0.24000000000000005
0.7999999999999794,0.0006919759976824186,6,0.24000000000000005
0.8499999999999792,0.00026535687500779464,6,0.24000000000000005
0.899999999999979,9.543835535929791e-05,6,0.24000000000000005
0.9499999999999789,3.211217409697204e-05,6,0.24000000000000005
0.9999999999999787,1.0088964171713891e-05,6,0.24000000000000005
1.0499999999999785,2.955380132902401e-06,6,0.24000000000000005
1.0999999999999783,8.062054745089718e-07,6,0.24000000000000005
1.1499999999999782,2.045941900741801e-07,6,0.24000000000000005
1.199999999999978,4.825662905084355e-08,6,0.24000000000000005
1.2499999999999778,1.0570088525085914e-08,6,0.24000000000000005
1.2999999999999776,2.1485034394036725e-09,6,0.24000000000000005
1.3499999999999774,4.049863856051282e-10,6,0.24000000000000005
1.3999999999999773,7.075125139110657e-11,6,0.24000000000000005
1.449999999999977,1.1449556719650807e-11,6,0.24000000000000005
1.499999999999977,1.7155463766503029e-12,6,0.24000000000000005
1.5499999999999767,2.379021919348045e-13,6,0.24000000000000005
1.5999999999999766,3.052261666237129e-14,6,0.24000000000000005
1.6499999999999764,3.621908470164106e-15,6,0.24000000000000005
1.6999999999999762,3.974004315190083e-16,6,0.24000000000000005
1.749999999999976,4.030814223940422e-17,6,0.24000000000000005
1.7999999999999758,3.77870530908419e-18,6,0.24000000000000005
1.8499999999999757,3.273432050935968e-19,6,0.24000000000000005
1.8999999999999755,2.6200434524910224e-20,6,0.24000000000000005
1.9499999999999753,1.9373248510113248e-21,6,0.24000000000000005
1.9999999999999751,1.3232352285461998e-22,6,0.24000000000000005
2.049999999999975,8.347780420864087e-24,6,0.24000000000000005
2.0999999999999748,4.863724335371703e-25,6,0.24000000000000005
2.1499999999999746,2.6169809660563664e-26,6,0.24000000000000005
2.1999999999999744,1.3002891240931798e-27,6,0.24000000000000005
2.2499999999999742,5.965747723755515e-29,6,0.24000000000000005
2.299999999999974,2.5272981621886234e-30,6,0.24000000000000005
2.349999999999974,9.885497654519366e-32,6,0.24000000000000005
2.3999999999999737,3.570074099530814e-33,6,0.24000000000000005
2.4499999999999735,1.1903666768990932e-34,6,0.24000000000000005
2.4999999999999734,3.664367798352484e-36,6,0.24000000000000005
2.549999999999973,1.0414142810798704e-37,6,0.24000000000000005
2.599999999999973,2.732416143555737e-39,6,0.24000000000000005
2.649999999999973,6.618548348869079e-41,6,0.24000000000000005
2.6999999999999726,1.4800142794108248e-42,6,0.24000000000000005
2.7499999999999725,3.0552853264648506e-44,6,0.24000000000000005
2.7999999999999723,5.822593541936046e-46,6,0.24000000000000005
2.849999999999972,1.0243696430157032e-47,6,0.24000000000000005
2.899999999999972,1.6636793731519613e-49,6,0.24000000000000005
2.9499999999999718,2.4943240195269355e-51,6,0.24000000000000005
2.9999999999999716,3.4522668813768615e-53,6,0.24000000000000005
3.0499999999999723,4.4108507805030946e-55,6,0.24000000000000005
3.0999999999999712,5.202419782996232e-57,6,0.24000000000000005
3.14999999999997,5.664377301906423e-59,6,0.24000000000000005
3.199999999999971,5.693268014921296e-61,6,0.24000000000000005
3.2499999999999716,5.282418885609098e-63,6,0.24000000000000005
3.2999999999999705,4.524441867365668e-65,6,0.24000000000000005
3.3499999999999694,3.577317496868116e-67,6,0.24000000000000005
3.39999999999997,2.611016939011577e-69,6,0.24000000000000005
3.449999999999971,1.7592239727736164e-71,6,0.24000000000000005
3.49999999999997,1.0941866408588941e-73,6,0.24000000000000005
3.5499999999999687,6.282321492106304e-76,6,0.24000000000000005
3.5999999999999694,3.329715143422175e-78,6,0.24000000000000005
3.64999999999997,1.6291156805656934e-80,6,0.24000000000000005
3.699999999999969,7.35790992055291e-83,6,0.24000000000000005
3.749999999999968,3.067711564739399e-85,6,0.24000000000000005
3.7999999999999687,1.180679264158623e-87,6,0.24000000000000005
3.8499999999999694,4.1947546941181776e-90,6,0.24000000000000005
3.8999999999999684,1.3757461517877093e-92,6,0.24000000000000005
3.9499999999999673,4.165115525748119e-95,6,0.24000000000000005
3.999999999999968,1.1640529082184828e-97,6,0.24000000000000005
4.049999999999969,3.003137664780647e-100,6,0.24000000000000005
4.099999999999968,7.152116054310188e-103,6,0.24000000000000005
4.149999999999967,1.5723549953639858e-105,6,0.24000000000000005
4.199999999999967,3.1909746361508845e-108,6,0.24000000000000005
4.249999999999968,5.977956598102364e-111,6,0.24000000000000005
4.299999999999967,1.0338053826008584e-113,6,0.24000000000000005
4.349999999999966,1.6503703748337461e-116,6,0.24000000000000005
4.399999999999967,2.4320955034328804e-119,6,0.24000000000000005
4.449999999999967,3.308539973009325e-122,6,0.24000000000000005
4.499999999999966,4.1547862538188666e-125,6,0.24000000000000005
4.549999999999965,4.816344136440139e-128,6,0.24000000000000005
4.599999999999966,5.153981400973074e-131,6,0.24000000000000005
4.649999999999967,5.091253072310761e-134,6,0.24000000000000005
4.6999999999999655,4.6426186972596e-137,6,0.24000000000000005
4.7499999999999645,3.9080294897652456e-140,6,0.24000000000000005
4.799999999999965,3.0367506075149356e-143,6,0.24000000000000005
4.849999999999966,2.1782960054231583e-146,6,0.24000000000000005
4.899999999999965,1.4423847817127226e-149,6,0.24000000000000005
4.949999999999964,8.816614106651036e-153,6,0.24000000000000005
4.9999999999999645,4.974838593353277e-156,6,0.24000000000000005
-5.0,2.488715554499404e-156,7,0.28
-4.95,7.211923909821533e-150,7,0.28
-4.9,1.0891484435363974e-146,7,0.28
-4.8500000000000005,1.5183760249420908e-143,7,0.28
-4.800000000000001,1.9540158340210733e-140,7,0.28
-4.750000000000001,2.321310866993492e-137,7,0.28
-4.700000000000001,2.545628490157247e-134,7,0.28
-4.650000000000001,2.5769930217832876e-131,7,0.28
-4.600000000000001,2.408174613835381e-128,7,0.28
-4.550000000000002,2.077395703890214e-125,7,0.28
-4.500000000000002,1.6542723946687377e-122,7,0.28
-4.450000000000002,1.216049829103899e-119,7,0.28
-4.400000000000002,8.25186841683154e-117,7,0.28
-4.350000000000002,5.169039073458303e-114,7,0.28
-4.3000000000000025,2.9889865508892937e-111,7,0.28
-4.250000000000003,1.5954924870952813e-108,7,0.28
-4.200000000000003,7.861804866569402e-106,7,0.28
-4.150000000000003,3.576073982012826e-103,7,0.28
-4.100000000000003,1.5015766941587278e-100,7,0.28
-4.050000000000003,5.820300301648203e-98,7,0.28
-4.0000000000000036,2.0825727785539194e-95,7,0.28
-3.9500000000000037,6.878788961555804e-93,7,0.28
-3.900000000000004,2.0973981726280745e-90,7,0.28
-3.850000000000004,5.903465108077214e-88,7,0.28
-3.8000000000000043,1.5338767561373287e-85,7,0.28
-3.7500000000000044,3.679013994225441e-83,7,0.28
-3.7000000000000046,8.145731788374987e-81,7,0.28
-3.650000000000005,1.6648943612544438e-78,7,0.28
-3.600000000000005,3.1412422018258415e-76,7,0.28
-3.550000000000005,5.471099690031739e-74,7,0.28
-3.5000000000000053,8.796433979910187e-72,7,0.28
-3.4500000000000055,1.3055631788332306e-69,7,0.28
-3.4000000000000057,1.7887467096266466e-67,7,0.28
-3.350000000000006,2.2623514845220683e-65,7,0.28
-3.300000000000006,2.641388308670534e-63,7,0.28
-3.250000000000006,2.84686022954463e-61,7,0.28
-3.2000000000000064,2.8324527718883146e-59,7,0.28
-3.1500000000000066,2.601494554890582e-57,7,0.28
-3.1000000000000068,2.2057086091097467e-55,7,0.28
-3.050000000000007,1.7263935616722809e-53,7,0.28
-3.000000000000007,1.2473825522987347e-51,7,0.28
-2.9500000000000073,8.3201229991759e-50,7,0.28
-2.9000000000000075,5.123095377073426e-48,7,0.28
-2.8500000000000076,2.9121286106463212e-46,7,0.28
-2.800000000000008,1.5281548480496762e-44,7,0.28
-2.750000000000008,7.402982693804892e-43,7,0.28
-2.700000000000008,3.3108018170889263e-41,7,0.28
-2.6500000000000083,1.3669480789139991e-39,7,0.28
-2.6000000000000085,5.210380679560456e-38,7,0.28
-2.5500000000000087,1.8335501072434335e-36,7,0.28
-2.500000000000009,5.957040455886301e-35,7,0.28
-2.450000000000009,1.7868692336603153e-33,7,0.28
-2.4000000000000092,4.94870066063264e-32,7,0.28
-2.3500000000000094,1.2654341181411984e-30,7,0.28
-2.3000000000000096,2.987816610698391e-29,7,0.28
-2.2500000000000098,6.514082111262761e-28,7,0.28
-2.20000000000001,1.3114733568873005e-26,7,0.28
-2.15000000000001,2.438363613301322e-25,7,0.28
-2.1000000000000103,4.186975115253985e-24,7,0.28
-2.0500000000000105,6.640494764395003e-23,7,0.28
-2.0000000000000107,9.728363157142662e-22,7,0.28
-1.9500000000000108,1.3166379023858423e-20,7,0.28
-1.900000000000011,1.6464026497201315e-19,7,0.28
-1.8500000000000112,1.9024528718012955e-18,7,0.28
-1.8000000000000114,2.031774272221521e-17,7,0.28
-1.7500000000000115,2.005895684137182e-16,7,0.28
-1.7000000000000117,1.831108306198336e-15,7,0.28
-1.650000000000012,1.546000854688081e-14,7,0.28
-1.600000000000012,1.2076205019985538e-13,7,0.28
-1.5500000000000123,8.730344965306691e-13,7,0.28
-1.5000000000000124,5.8437294504041434e-12,7,0.28
-1.4500000000000126,3.62333986853422e-11,7,0.28
-1.4000000000000128,2.082179649131215e-10,7,0.28
-1.350000000000013,1.1096271774299042e-09,7,0.28
-1.3000000000000131,5.487533599189912e-09,7,0.28
-1.2500000000000133,2.5202490590249655e-08,7,0.28
-1.2000000000000135,1.0758087001953452e-07,7,0.28
-1.1500000000000137,4.2721282645338736e-07,7,0.28
-1.1000000000000139,1.5797629589122327e-06,7,0.28
-1.050000000000014,5.445218816794788e-06,7,0.28
-1.0000000000000142,1.7512323491577812e-05,7,0.28
-0.9500000000000144,5.259618203251569e-05,7,0.28
-0.9000000000000146,0.00014760619464796042,7,0.28
-0.8500000000000147,0.00038712749014240395,7,0.28
-0.8000000000000149,0.0009484295375876017,7,0.28
-0.7500000000000151,0.002168353681152814,7,0.28
-0.7000000000000153,0.004621068766621693,7,0.28
-0.6500000000000155,0.009174828904706882,7,0.28
-0.6000000000000156,0.016982098154083917,7,0.28
-0.5500000000000158,0.029369191398665572,7,0.28
-0.500000000000016,0.0476343973139973,7,0.28
-0.45000000000001616,0.07281943989412455,7,0.28
-0.40000000000001634,0.10553879966589566,7,0.28
-0.3500000000000165,0.14591659543395796,7,0.28
-0.3000000000000167,0.1936372776895086,7,0.28
-0.2500000000000169,0.24806463390759284,7,0.28
-0.20000000000001705,0.30836152665321137,7,0.28
-0.15000000000001723,0.373600028380914,7,0.28
-0.10000000000001741,0.44282187200271295,7,0.28
-0.050000000000017586,0.5149909170360409,7,0.28
-1.7763568394002505e-14,0.5889799524607658,7,0.28
0.04999999999998206,0.6631803371081271,7,0.28
0.09999999999998188,0.7347624738271068,7,0.28
0.1499999999999817,0.7977127734303096,7,0.28
0.19999999999998153,0.836548248417455,7,0.28
0.24999999999998135,0.8191896059382391,7,0.28
0.29999999999998117,0.7085390349242426,7,0.28
0.349999999999981,0.5169690568382252,7,0.28
0.3999999999999808,0.31971649361188575,7,0.28
0.44999999999998064,0.17672625979282863,7,0.28
0.49999999999998046,0.09229480579636606,7,0.28
0.5499999999999803,0.04684082092595939,7,0.28
0.5999999999999801,0.023224577888518536,7,0.28
0.6499999999999799,0.011195070966298409,7,0.28
0.6999999999999797,0.005206464370119907,7,0.28
0.7499999999999796,0.0023186234059712407,7,0.28
0.7999999999999794,0.0009823189644956884,7,0.28
0.8499999999999792,0.0003938011209811972,7,0.28
0.899999999999979,0.00014874840116826105,7,0.28
0.9499999999999789,5.276546110400103e-05,7,0.28
0.9999999999999787,1.7533981606427922e-05,7,0.28
1.0499999999999785,5.4476050505575896e-06,7,0.28
1.0999999999999783,1.5799888999708802e-06,7,0.28
1.1499999999999782,4.272311813076206e-07,7,0.28
1.199999999999978,1.0758214764904416e-07,7,0.28
1.2499999999999778,2.5202566709940848e-08,7,0.28
1.2999999999999776,5.487537477658073e-09,7,0.28
1.3499999999999774,1.1096273463196017e-09,7,0.28
1.3999999999999773,2.0821797119516608e-10,7,0.28
1.449999999999977,3.6233398884879e-11,7,0.28
1.499999999999977,5.843729455819013e-12,7,0.28
1.5499999999999767,8.730344966569256e-13,7,0.28
1.5999999999999766,1.207620502024956e-13,7,0.28
1.6499999999999764,1.5460008546945336e-14,7,0.28
1.6999999999999762,1.831108306201758e-15,7,0.28
1.749999999999976,2.0058956841404628e-16,7,0.28
1.7999999999999758,2.031774272224891e-17,7,0.28
1.8499999999999757,1.9024528718045504e-18,7,0.28
1.8999999999999755,1.6464026497230406e-19,7,0.28
1.9499999999999753,1.3166379023882423e-20,7,0.28
1.9999999999999751,9.728363157160944e-22,7,0.28
2.049999999999975,6.640494764407858e-23,7,0.28
2.0999999999999748,4.1869751152623255e-24,7,0.28
2.1499999999999746,2.438363613306317e-25,7,0.28
2.1999999999999744,1.311473356890061e-26,7,0.28
2.2499999999999742,6.514082111276842e-28,7,0.28
2.299999999999974,2.987816610705017e-29,7,0.28
2.349999999999974,1.265434118144077e-30,7,0.28
2.3999999999999737,4.948700660644179e-32,7,0.28
2.4499999999999735,1.7868692336645835e-33,7,0.28
2.4999999999999734,5.957040455900866e-35,7,0.28
2.549999999999973,1.8335501072480197e-36,7,0.28
2.599999999999973,5.210380679573787e-38,7,0.28
2.649999999999973,1.366948078917574e-39,7,0.28
2.6999999999999726,3.3108018170977716e-41,7,0.28
2.7499999999999725,7.402982693825092e-43,7,0.28
2.7999999999999723,1.528154848053933e-44,7,0.28
2.849999999999972,2.9121286106545986e-46,7,0.28
2.899999999999972,5.12309537708828e-48,7,0.28
2.9499999999999718,8.320122999200495e-50,7,0.28
2.9999999999999716,1.2473825523024929e-51,7,0.28
3.0499999999999723,1.7263935616775806e-53,7,0.28
3.0999999999999712,2.2057086091166428e-55,7,0.28
3.14999999999997,2.601494554898862e-57,7,0.28
3.199999999999971,2.832452771897492e-59,7,0.28
3.2499999999999716,2.8468602295540163e-61,7,0.28
3.2999999999999705,2.641388308679392e-63,7,0.28
3.3499999999999694,2.2623514845297848e-65,7,0.28
3.39999999999997,1.7887467096326965e-67,7,0.28
3.449999999999971,1.3055631788378315e-69,7,0.28
3.49999999999997,8.796433979942687e-72,7,0.28
3.5499999999999687,5.471099690051642e-74,7,0.28
3.5999999999999694,3.14124220183718e-76,7,0.28
3.64999999999997,1.6648943612606902e-78,7,0.28
3.699999999999969,8.145731788406704e-81,7,0.28
3.749999999999968,3.6790139942396626e-83,7,0.28
3.7999999999999687,1.53387675614317e-85,7,0.28
3.8499999999999694,5.903465108100704e-88,7,0.28
3.8999999999999684,2.0973981726367176e-90,7,0.28
3.9499999999999673,6.878788961583958e-93,7,0.28
3.999999999999968,2.0825727785623834e-95,7,0.28
4.049999999999969,5.8203003016726854e-98,7,0.28
4.099999999999968,1.5015766941653003e-100,7,0.28
4.149999999999967,3.576073982028275e-103,7,0.28
4.199999999999967,7.861804866602919e-106,7,0.28
4.249999999999968,1.5954924871023552e-108,7,0.28
4.299999999999967,2.9889865509030564e-111,7,0.28
4.349999999999966,5.169039073481809e-114,7,0.28
4.399999999999967,8.251868416868596e-117,7,0.28
4.449999999999967,1.2160498291095671e-119,7,0.28
4.499999999999966,1.6542723946767307e-122,7,0.28
4.549999999999965,2.0773957039001337e-125,7,0.28
4.599999999999966,2.408174613846606e-128,7,0.28
4.649999999999967,2.5769930217958857e-131,7,0.28
4.6999999999999655,2.5456284901701255e-134,7,0.28
4.7499999999999645,2.3213108670051036e-137,7,0.28
4.799999999999965,1.9540158340306255e-140,7,0.28
4.849999999999966,1.5183760249498587e-143,7,0.28
4.899999999999965,1.0891484435422844e-146,7,0.28
4.949999999999964,7.21192639598291e-150,7,0.28
4.9999999999999645,4.408308349583341e-153,7,0.28
-5.0,2.2053985325689202e-153,8,0.32000000000000006
-4.95,5.445742218926345e-147,8,0.32000000000000006
-4.9,7.591883730672408e-144,8,0.32000000000000006
-4.8500000000000005,9.770084615847584e-141,8,0.32000000000000006
-4.800000000000001,1.1606561926847584e-137,8,0.32000000000000006
-4.750000000000001,1.2728152220865404e-134,8,0.32000000000000006
-4.700000000000001,1.2884976715470774e-131,8,0.32000000000000006
-4.650000000000001,1.2040885797319353e-128,8,0.32000000000000006
-4.600000000000001,1.0386991404416179e-125,8,0.32000000000000006
-4.550000000000002,8.271374014216758e-123,8,0.32000000000000006
-4.500000000000002,6.0802595324980145e-120,8,0.32000000000000006
-4.450000000000002,4.125942479777743e-117,8,0.32000000000000006
-4.400000000000002,2.584525616978297e-114,8,0.32000000000000006
-4.350000000000002,1.4944974013788553e-111,8,0.32000000000000006
-4.3000000000000025,7.977488280671773e-109,8,0.32000000000000006
-4.250000000000003,3.9309173782174556e-106,8,0.32000000000000006
-4.200000000000003,1.7880449684688486e-103,8,0.32000000000000006
-4.150000000000003,7.507922779817972e-101,8,0.32000000000000006
-4.100000000000003,2.9101680311940115e-98,8,0.32000000000000006
-4.050000000000003,1.0412938971604304e-95,8,0.32000000000000006
-4.0000000000000036,3.4394235822794103e-93,8,0.32000000000000006
-3.9500000000000037,1.04870949917793e-90,8,0.32000000000000006
-3.900000000000004,2.951766947983415e-88,8,0.32000000000000006
-3.850000000000004,7.669488650595275e-86,8,0.32000000000000006
-3.8000000000000043,1.839536514438261e-83,8,0.32000000000000006
-3.7500000000000044,4.0729425880253e-81,8,0.32000000000000006
-3.7000000000000046,8.32465575697193e-79,8,0.32000000000000006
-3.650000000000005,1.5706618295718626e-76,8,0.32000000000000006
-3.600000000000005,2.735633089733932e-74,8,0.32000000000000006
-3.550000000000005,4.398374052065185e-72,8,0.32000000000000006
-3.5000000000000053,6.528089449150655e-70,8,0.32000000000000006
-3.4500000000000055,8.944173369832229e-68,8,0.32000000000000006
-3.4000000000000057,1.1312410204199758e-65,8,0.32000000000000006
-3.350000000000006,1.3207835916707483e-63,8,0.32000000000000006
-3.300000000000006,1.4235432323465412e-61,8,0.32000000000000006
-3.250000000000006,1.4163584553595909e-59,8,0.32000000000000006
-3.2000000000000064,1.3008896204567683e-57,8,0.32000000000000006
-3.1500000000000066,1.1029959271934677e-55,8,0.32000000000000006
-3.1000000000000068,8.63326855563885e-54,8,0.32000000000000006
-3.050000000000007,6.238015615798229e-52,8,0.32000000000000006
-3.000000000000007,4.1609246963687865e-50,8,0.32000000000000006
-2.9500000000000073,2.5621713798128625e-48,8,0.32000000000000006
-2.9000000000000075,1.4564803114731193e-46,8,0.32000000000000006
-2.8500000000000076,7.643335787936918e-45,8,0.32000000000000006
-2.800000000000008,3.702947411207769e-43,8,0.32000000000000006
-2.750000000000008,1.656164985968488e-41,8,0.32000000000000006
-2.700000000000008,6.8384418859168976e-40,8,0.32000000000000006
-2.6500000000000083,2.6068457406887726e-38,8,0.32000000000000006
-2.6000000000000085,9.174585276611737e-37,8,0.32000000000000006
-2.5500000000000087,2.981125418282931e-35,8,0.32000000000000006
-2.500000000000009,8.943513918837793e-34,8,0.32000000000000006
-2.450000000000009,2.4773288505442635e-32,8,0.32000000000000006
-2.4000000000000092,6.336104936874294e-31,8,0.32000000000000006
-2.3500000000000094,1.4963826556795118e-29,8,0.32000000000000006
-2.3000000000000096,3.2633682262220864e-28,8,0.32000000000000006
-2.2500000000000098,6.572305867489995e-27,8,0.32000000000000006
-2.20000000000001,1.2224388477062924e-25,8,0.32000000000000006
-2.15000000000001,2.100044924411429e-24,8,0.32000000000000006
-2.1000000000000103,3.332439200264008e-23,8,0.32000000000000006
-2.0500000000000105,4.885116454147601e-22,8,0.32000000000000006
-2.0000000000000107,6.616391985751186e-21,8,0.32000000000000006
-1.9500000000000108,8.28065506438637e-20,8,0.32000000000000006
-1.900000000000011,9.578096254125769e-19,8,0.32000000000000006
-1.8500000000000112,1.0241191493593612e-17,8,0.32000000000000006
-1.8000000000000114,1.0124601064275975e-16,8,0.32000000000000006
-1.7500000000000115,9.25713024460275e-16,8,0.32000000000000006
-1.7000000000000117,7.830299057647217e-15,8,0.32000000000000006
-1.650000000000012,6.129657925302395e-14,8,0.32000000000000006
-1.600000000000012,4.4424725253862263e-13,8,0.32000000000000006
-1.5500000000000123,2.9822457502951723e-12,8,0.32000000000000006
-1.5000000000000124,1.8553216590674016e-11,8,0.32000000000000006
-1.4500000000000126,1.070308471730987e-10,8,0.32000000000000006
-1.4000000000000128,5.729302878116313e-10,8,0.32000000000000006
-1.350000000000013,2.847875776037583e-09,8,0.32000000000000006
-1.3000000000000131,1.315605875705293e-08,8,0.32000000000000006
-1.2500000000000133,5.65341995006561e-08,8,0.32000000000000006
-1.2000000000000135,2.2620762214669177e-07,8,0.32000000000000006
-1.1500000000000137,8.436714176504111e-07,8,0.32000000000000006
-1.1000000000000139,2.936209928044655e-06,8,0.32000000000000006
-1.050000000000014,9.545982388080409e-06,8,0.32000000000000006
-1.0000000000000142,2.9020153083063952e-05,8,0.32000000000000006
-0.9500000000000144,8.255496288832425e-05,8,0.32000000000000006
-0.9000000000000146,0.0002198324158204079,8,0.32000000000000006
-0.8500000000000147,0.000547842319917967,8,0.32000000000000006
-0.8000000000000149,0.0012768302076490198,8,0.32000000000000006
-0.7500000000000151,0.002780658200513032,8,0.32000000000000006
-0.7000000000000153,0.005655696147381033,8,0.32000000000000006
-0.6500000000000155,0.010748175984118986,8,0.32000000000000006
-0.6000000000000156,0.019116335768090065,8,0.32000000000000006
-0.5500000000000158,0.03191211890409005,8,0.32000000000000006
-0.500000000000016,0.05020629136177855,8,0.32000000000000006
-0.45000000000001616,0.07481271800445642,8,0.32000000000000006
-0.40000000000001634,0.10617022126473258,8,0.32000000000000006
-0.3500000000000165,0.144316647262485,8,0.32000000000000006
-0.3000000000000167,0.18894173271624123,8,0.32000000000000006
-0.2500000000000169,0.2394811150095809,8,0.32000000000000006
-0.20000000000001705,0.2952241474221511,8,0.32000000000000006
-0.15000000000001723,0.35539082348714457,8,0.32000000000000006
-0.10000000000001741,0.4191677400237969,8,0.32000000000000006
-0.050000000000017586,0.4857396774163996,8,0.32000000000000006
-1.7763568394002505e-14,0.5541671240926387,8,0.32000000000000006
0.04999999999998206,0.6232755114351676,8,0.32000000000000006
0.09999999999998188,0.6911390533958128,8,0.32000000000000006
0.1499999999999817,0.7536679453251245,8,0.32000000000000006
0.19999999999998153,0.8015060013676001,8,0.32000000000000006
0.24999999999998135,0.8121007232546359,8,0.32000000000000006
0.29999999999998117,0.7488422523380408,8,0.32000000000000006
0.349999999999981,0.5940895498128438,8,0.32000000000000006
0.3999999999999808,0.3940526252810953,8,0.32000000000000006
0.44999999999998064,0.22474571072622393,8,0.32000000000000006
0.49999999999998046,0.11759116203846293,8,0.32000000000000006
0.5499999999999803,0.059355481874220115,8,0.32000000000000006
0.5999999999999801,0.02943169252434437,8,0.32000000000000006
0.6499999999999799,0.014317975878691729,8,0.32000000000000006
0.6999999999999797,0.006780837906023173,8,0.32000000000000006
0.7499999999999796,0.0030996201314456616,8,0.32000000000000006
0.7999999999999794,0.0013572564505113854,8,0.32000000000000006
0.8499999999999792,0.0005657222477242063,8,0.32000000000000006
0.899999999999979,0.00022331375006839923,8,0.32000000000000006
0.9499999999999789,8.314555511661231e-05,8,0.32000000000000006
0.9999999999999787,2.9107083980776256e-05,8,0.32000000000000006
1.0499999999999785,9.55704624202861e-06,8,0.32000000000000006
1.0999999999999783,2.937424014707466e-06,8,0.32000000000000006
1.1499999999999782,8.437860207681634e-07,8,0.32000000000000006
1.199999999999978,2.262169103870433e-07,8,0.32000000000000006
1.2499999999999778,5.65348448721122e-08,8,0.32000000000000006
1.2999999999999776,1.3156097154917844e-08,8,0.32000000000000006
1.3499999999999774,2.847877730440562e-09,8,0.32000000000000006
1.3999999999999773,5.729303728482325e-10,8,0.32000000000000006
1.449999999999977,1.0703085033415666e-10,8,0.32000000000000006
1.499999999999977,1.8553216691030382e-11,8,0.32000000000000006
1.5499999999999767,2.9822457530175812e-12,8,0.32000000000000006
1.5999999999999766,4.4424725260208784e-13,8,0.32000000000000006
1.6499999999999764,6.12965792543516e-14,8,0.32000000000000006
1.6999999999999762,7.830299057679739e-15,8,0.32000000000000006
1.749999999999976,9.25713024462004e-16,8,0.32000000000000006
1.7999999999999758,1.0124601064292543e-16,8,0.32000000000000006
1.8499999999999757,1.0241191493610607e-17,8,0.32000000000000006
1.8999999999999755,9.578096254142164e-19,8,0.32000000000000006
1.9499999999999753,8.280655064401008e-20,8,0.32000000000000006
1.9999999999999751,6.6163919857632504e-21,8,0.32000000000000006
2.049999999999975,4.885116454156784e-22,8,0.32000000000000006
2.0999999999999748,3.3324392002704606e-23,8,0.32000000000000006
2.1499999999999746,2.100044924415613e-24,8,0.32000000000000006
2.1999999999999744,1.222438847708797e-25,8,0.32000000000000006
2.2499999999999742,6.57230586750383e-27,8,0.32000000000000006
2.299999999999974,3.2633682262291413e-28,8,0.32000000000000006
2.349999999999974,1.4963826556828306e-29,8,0.32000000000000006
2.3999999999999737,6.336104936888708e-31,8,0.32000000000000006
2.4499999999999735,2.47732885055004e-32,8,0.32000000000000006
2.4999999999999734,8.943513918859157e-34,8,0.32000000000000006
2.549999999999973,2.9811254182902197e-35,8,0.32000000000000006
2.599999999999973,9.174585276634686e-37,8,0.32000000000000006
2.649999999999973,2.6068457406954425e-38,8,0.32000000000000006
2.6999999999999726,6.838441885934783e-40,8,0.32000000000000006
2.7499999999999725,1.6561649859729128e-41,8,0.32000000000000006
2.7999999999999723,3.702947411217873e-43,8,0.32000000000000006
2.849999999999972,7.64333578795821e-45,8,0.32000000000000006
2.899999999999972,1.4564803114772594e-46,8,0.32000000000000006
2.9499999999999718,2.5621713798202912e-48,8,0.32000000000000006
2.9999999999999716,4.160924696381086e-50,8,0.32000000000000006
3.0499999999999723,6.2380156158170224e-52,8,0.32000000000000006
3.0999999999999712,8.633268555665352e-54,8,0.32000000000000006
3.14999999999997,1.1029959271969163e-55,8,0.32000000000000006
3.199999999999971,1.3008896204609087e-57,8,0.32000000000000006
3.2499999999999716,1.41635845536418e-59,8,0.32000000000000006
3.2999999999999705,1.4235432323512346e-61,8,0.32000000000000006
3.3499999999999694,1.3207835916751778e-63,8,0.32000000000000006
3.39999999999997,1.1312410204238342e-65,8,0.32000000000000006
3.449999999999971,8.94417336986248e-68,8,0.32000000000000006
3.49999999999997,6.52808944917366e-70,8,0.32000000000000006
3.5499999999999687,4.3983740520814356e-72,8,0.32000000000000006
3.5999999999999694,2.7356330897438842e-74,8,0.32000000000000006
3.64999999999997,1.570661829577532e-76,8,0.32000000000000006
3.699999999999969,8.324655757003163e-79,8,0.32000000000000006
3.749999999999968,4.072942588041159e-81,8,0.32000000000000006
3.7999999999999687,1.839536514445372e-83,8,0.32000000000000006
3.8499999999999694,7.669488650624481e-86,8,0.32000000000000006
3.8999999999999684,2.95176694799516e-88,8,0.32000000000000006
3.9499999999999673,1.0487094991822516e-90,8,0.32000000000000006
3.999999999999968,3.439423582293487e-93,8,0.32000000000000006
4.049999999999969,1.0412938971646626e-95,8,0.32000000000000006
4.099999999999968,2.9101680312062528e-98,8,0.32000000000000006
4.149999999999967,7.507922779850835e-101,8,0.32000000000000006
4.199999999999967,1.788044968476573e-103,8,0.32000000000000006
4.249999999999968,3.930917378234214e-106,8,0.32000000000000006
4.299999999999967,7.977488280707143e-109,8,0.32000000000000006
4.349999999999966,1.4944974013857366e-111,8,0.32000000000000006
4.399999999999967,2.5845256169900503e-114,8,0.32000000000000006
4.449999999999967,4.125942479796271e-117,8,0.32000000000000006
4.499999999999966,6.080259532526355e-120,8,0.32000000000000006
4.549999999999965,8.271374014256723e-123,8,0.32000000000000006
4.599999999999966,1.0386991404465777e-125,8,0.32000000000000006
4.649999999999967,1.204088579737548e-128,8,0.32000000000000006
4.6999999999999655,1.2884976715533764e-131,8,0.32000000000000006
4.7499999999999645,1.2728152220929797e-134,8,0.32000000000000006
4.799999999999965,1.1606561926905642e-137,8,0.32000000000000006
4.849999999999966,9.770084615895345e-141,8,0.32000000000000006
4.899999999999965,7.591883730712492e-144,8,0.32000000000000006
4.949999999999964,5.445744421865596e-147,8,0.32000000000000006
4.9999999999999645,3.605964442349232e-150,8,0.32000000000000006
-5.0,1.8040849204409004e-150,9,0.3600000000000001
-4.95,3.7959418664389037e-144,9,0.3600000000000001
-4.9,4.885045030794901e-141,9,0.3600000000000001
-4.8500000000000005,5.803284759365657e-138,9,0.3600000000000001
-4.800000000000001,6.364080995475009e-135,9,0.3600000000000001
-4.750000000000001,6.44249416101635e-132,9,0.3600000000000001
-4.700000000000001,6.020449262735787e-129,9,0.3600000000000001
-4.650000000000001,5.193502144696447e-126,9,0.3600000000000001
-4.600000000000001,4.135693027551278e-123,9,0.3600000000000001
-4.550000000000002,3.0401349597447093e-120,9,0.3600000000000001
-4.500000000000002,2.062975375575879e-117,9,0.3600000000000001
-4.450000000000002,1.2922658486189147e-114,9,0.3600000000000001
-4.400000000000002,7.472507636606676e-112,9,0.3600000000000001
-4.350000000000002,3.988757062963972e-109,9,0.3600000000000001
-4.3000000000000025,1.9654661615957347e-106,9,0.3600000000000001
-4.250000000000003,8.940264729785646e-104,9,0.3600000000000001
-4.200000000000003,3.753981044495877e-101,9,0.3600000000000001
-4.150000000000003,1.4550929558218482e-98,9,0.3600000000000001
-4.100000000000003,5.206507025416051e-96,9,0.3600000000000001
-4.050000000000003,1.7197263419798612e-93,9,0.3600000000000001
-4.0000000000000036,5.243599560584509e-91,9,0.3600000000000001
-3.9500000000000037,1.4759006711096187e-88,9,0.3600000000000001
-3.900000000000004,3.8347967607725964e-86,9,0.3600000000000001
-3.850000000000004,9.197830160538704e-84,9,0.3600000000000001
-3.8000000000000043,2.036509641455903e-81,9,0.3600000000000001
-3.7500000000000044,4.162419855311687e-79,9,0.3600000000000001
-3.7000000000000046,7.853512794988715e-77,9,0.3600000000000001
-3.650000000000005,1.3678581681457508e-74,9,0.3600000000000001
-3.600000000000005,2.199265559124071e-72,9,0.3600000000000001
-3.550000000000005,3.264181506229814e-70,9,0.3600000000000001
-3.5000000000000053,4.472306603618718e-68,9,0.3600000000000001
-3.4500000000000055,5.656531506572336e-66,9,0.3600000000000001
-3.4000000000000057,6.604365167022233e-64,9,0.3600000000000001
-3.350000000000006,7.118281782242916e-62,9,0.3600000000000001
-3.300000000000006,7.08245266859379e-60,9,0.3600000000000001
-3.250000000000006,6.505159873900014e-58,9,0.3600000000000001
-3.2000000000000064,5.515687815195018e-56,9,0.3600000000000001
-3.1500000000000066,4.3172847226296536e-54,9,0.3600000000000001
-3.1000000000000068,3.119559305862711e-52,9,0.3600000000000001
-3.050000000000007,2.0808940116121752e-50,9,0.3600000000000001
-3.000000000000007,1.2813975906872211e-48,9,0.3600000000000001
-2.9500000000000073,7.284482019713781e-47,9,0.3600000000000001
-2.9000000000000075,3.8229489796583653e-45,9,0.3600000000000001
-2.8500000000000076,1.8522019457596212e-43,9,0.3600000000000001
-2.800000000000008,8.28464659773641e-42,9,0.3600000000000001
-2.750000000000008,3.4210724166640525e-40,9,0.3600000000000001
-2.700000000000008,1.3042509528373706e-38,9,0.3600000000000001
-2.6500000000000083,4.590711859248827e-37,9,0.3600000000000001
-2.6000000000000085,1.49186613201181e-35,9,0.3600000000000001
-2.5500000000000087,4.4763442520572025e-34,9,0.3600000000000001
-2.500000000000009,1.2401549879812733e-32,9,0.3600000000000001
-2.450000000000009,3.172524225396566e-31,9,0.3600000000000001
-2.4000000000000092,7.49429992265028e-30,9,0.3600000000000001
-2.3500000000000094,1.6348521655794805e-28,9,0.3600000000000001
-2.3000000000000096,3.293634847023395e-27,9,0.3600000000000001
-2.2500000000000098,6.128511079662572e-26,9,0.3600000000000001
-2.20000000000001,1.0533086151394595e-24,9,0.3600000000000001
-2.15000000000001,1.6723317943705356e-23,9,0.3600000000000001
-2.1000000000000103,2.4530584516958577e-22,9,0.3600000000000001
-2.0500000000000105,3.324858188876913e-21,9,0.3600000000000001
-2.0000000000000107,4.1647531144639234e-20,9,0.3600000000000001
-1.9500000000000108,4.8221300869916405e-19,9,0.3600000000000001
-1.900000000000011,5.161999022118738e-18,9,0.3600000000000001
-1.8500000000000112,5.110191013408616e-17,9,0.3600000000000001
-1.8000000000000114,4.679771079769342e-16,9,0.3600000000000001
-1.7500000000000115,3.965772534144976e-15,9,0.3600000000000001
-1.7000000000000117,3.111114613874136e-14,9,0.3600000000000001
-1.650000000000012,2.2603877579809546e-13,9,0.3600000000000001
-1.600000000000012,1.5217711647723202e-12,9,0.3600000000000001
-1.5500000000000123,9.498731921537514e-12,9,0.3600000000000001
-1.5000000000000124,5.5006546459407604e-11,9,0.3600000000000001
-1.4500000000000126,2.957417521355717e-10,9,0.3600000000000001
-1.4000000000000128,1.4774533099855526e-09,9,0.3600000000000001
-1.350000000000013,6.864494487881554e-09,9,0.3600000000000001
-1.3000000000000131,2.9691037000745776e-08,9,0.3600000000000001
-1.2500000000000133,1.1968183025251107e-07,9,0.3600000000000001
-1.2000000000000135,4.5010266685846453e-07,9,0.3600000000000001
-1.1500000000000137,1.5812070610639028e-06,9,0.3600000000000001
-1.1000000000000139,5.194808820065751e-06,9,0.3600000000000001
-1.050000000000014,1.597801479596306e-05,9,0.3600000000000001
-1.0000000000000142,4.6049127798978776e-05,9,0.3600000000000001
-0.9500000000000144,0.00012441678762738383,9,0.3600000000000001
-0.9000000000000146,0.00031513997822602653,9,0.3600000000000001
-0.8500000000000147,0.00074801491791709,9,0.3600000000000001
-0.8000000000000149,0.001662763874451382,9,0.3600000000000001
-0.7500000000000151,0.003460191856808559,9,0.3600000000000001
-0.7000000000000153,0.006742858846924506,9,0.3600000000000001
-0.6500000000000155,0.012319326478878177,9,0.3600000000000001
-0.6000000000000156,0.02114957543491188,9,0.3600000000000001
-0.5500000000000158,0.03423026608511322,9,0.3600000000000001
-0.500000000000016,0.05244670656582013,9,0.3600000000000001
-0.45000000000001616,0.07643796747503588,9,0.3600000000000001
-0.40000000000001634,0.10651861225309668,9,0.3600000000000001
-0.3500000000000165,0.14267060449480423,9,0.3600000000000001
-0.3000000000000167,0.18459409918220343,9,0.3600000000000001
-0.2500000000000169,0.2317912762973321,9,0.3600000000000001
-0.20000000000001705,0.283645682653835,9,0.3600000000000001
-0.15000000000001723,0.33948708431186975,9,0.3600000000000001
-0.10000000000001741,0.3986371710922286,9,0.3600000000000001
-0.050000000000017586,0.4603875106285281,9,0.3600000000000001
-1.7763568394002505e-14,0.5240017286381472,9,0.3600000000000001
0.04999999999998206,0.5885386908034749,9,0.3600000000000001
0.09999999999998188,0.652563126648981,9,0.3600000000000001
0.1499999999999817,0.7133747915618226,9,0.3600000000000001
0.19999999999998153,0.7645858917098586,9,0.3600000000000001
0.24999999999998135,0.7915035571211344,9,0.3600000000000001
0.29999999999998117,0.764408174836515,9,0.3600000000000001
0.349999999999981,0.6525448882887254,9,0.3600000000000001
0.3999999999999808,0.46990398201093225,9,0.3600000000000001
0.44999999999998064,0.2841118516800526,9,0.3600000000000001
0.49999999999998046,0.15144810855248494,9,0.3600000000000001
0.5499999999999803,0.07610371865434534,9,0.3600000000000001
0.5999999999999801,0.037500342635507534,9,0.3600000000000001
0.6499999999999799,0.018270314167611726,9,0.3600000000000001
0.6999999999999797,0.008747877362729403,9,0.3600000000000001
0.7499999999999796,0.00407787470179434,9,0.3600000000000001
0.7999999999999794,0.0018345287102444726,9,0.3600000000000001
0.8499999999999792,0.0007906435554981894,9,0.3600000000000001
0.899999999999979,0.00032449652711605617,9,0.3600000000000001
0.9499999999999789,0.0001262202213863141,9,0.3600000000000001
0.9999999999999787,4.635266504856102e-05,9,0.3600000000000001
1.0499999999999785,1.6022421716517467e-05,9,0.3600000000000001
1.0999999999999783,5.200434256429992e-06,9,0.3600000000000001
1.1499999999999782,1.5818221780044052e-06,9,0.3600000000000001
1.199999999999978,4.501605745758698e-07,9,0.3600000000000001
1.2499999999999778,1.196865139711821e-07,9,0.3600000000000001
1.2999999999999776,2.9691361938892036e-08,9,0.3600000000000001
1.3499999999999774,6.864513798433967e-09,9,0.3600000000000001
1.3999999999999773,1.4774542920071498e-09,9,0.3600000000000001
1.449999999999977,2.9574179483521243e-10,9,0.3600000000000001
1.499999999999977,5.500654804587646e-11,9,0.3600000000000001
1.5499999999999767,9.49873197188504e-12,9,0.3600000000000001
1.5999999999999766,1.5217711661377444e-12,9,0.3600000000000001
1.6499999999999764,2.2603877582992324e-13,9,0.3600000000000001
1.6999999999999762,3.111114613940755e-14,9,0.3600000000000001
1.749999999999976,3.965772534161345e-15,9,0.3600000000000001
1.7999999999999758,4.679771079778075e-16,9,0.3600000000000001
1.8499999999999757,5.110191013416982e-17,9,0.3600000000000001
1.8999999999999755,5.1619990221273085e-18,9,0.3600000000000001
1.9499999999999753,4.822130086999899e-19,9,0.3600000000000001
1.9999999999999751,4.1647531144712877e-20,9,0.3600000000000001
2.049999999999975,3.3248581888829775e-21,9,0.3600000000000001
2.0999999999999748,2.45305845170047e-22,9,0.3600000000000001
2.1499999999999746,1.6723317943737744e-23,9,0.3600000000000001
2.1999999999999744,1.0533086151415585e-24,9,0.3600000000000001
2.2499999999999742,6.128511079675131e-26,9,0.3600000000000001
2.299999999999974,3.29363484703033e-27,9,0.3600000000000001
2.349999999999974,1.634852165583015e-28,9,0.3600000000000001
2.3999999999999737,7.494299922666904e-30,9,0.3600000000000001
2.4499999999999735,3.1725242254037834e-31,9,0.3600000000000001
2.4999999999999734,1.2401549879841651e-32,9,0.3600000000000001
2.549999999999973,4.476344252067895e-34,9,0.3600000000000001
2.599999999999973,1.4918661320154575e-35,9,0.3600000000000001
2.649999999999973,4.5907118592603105e-37,9,0.3600000000000001
2.6999999999999726,1.3042509528407077e-38,9,0.3600000000000001
2.7499999999999725,3.4210724166730003e-40,9,0.3600000000000001
2.7999999999999723,8.284646597758543e-42,9,0.3600000000000001
2.849999999999972,1.8522019457646753e-43,9,0.3600000000000001
2.899999999999972,3.822948979669015e-45,9,0.3600000000000001
2.9499999999999718,7.284482019734488e-47,9,0.3600000000000001
2.9999999999999716,1.2813975906909365e-48,9,0.3600000000000001
3.0499999999999723,2.0808940116183262e-50,9,0.3600000000000001
3.0999999999999712,3.1195593058721098e-52,9,0.3600000000000001
3.14999999999997,4.3172847226429064e-54,9,0.3600000000000001
3.199999999999971,5.515687815212263e-56,9,0.3600000000000001
3.2499999999999716,6.505159873920719e-58,9,0.3600000000000001
3.2999999999999705,7.082452668616738e-60,9,0.3600000000000001
3.3499999999999694,7.118281782266385e-62,9,0.3600000000000001
3.39999999999997,6.604365167044382e-64,9,0.3600000000000001
3.449999999999971,5.65653150659163e-66,9,0.3600000000000001
3.49999999999997,4.472306603633844e-68,9,0.3600000000000001
3.5499999999999687,3.264181506241318e-70,9,0.3600000000000001
3.5999999999999694,2.1992655591321966e-72,9,0.3600000000000001
3.64999999999997,1.367858168150727e-74,9,0.3600000000000001
3.699999999999969,7.853512795017062e-77,9,0.3600000000000001
3.749999999999968,4.162419855327304e-79,9,0.3600000000000001
3.7999999999999687,2.0365096414638328e-81,9,0.3600000000000001
3.8499999999999694,9.19783016057426e-84,9,0.3600000000000001
3.8999999999999684,3.8347967607872e-86,9,0.3600000000000001
3.9499999999999673,1.4759006711154916e-88,9,0.3600000000000001
3.999999999999968,5.243599560606116e-91,9,0.3600000000000001
4.049999999999969,1.7197263419868996e-93,9,0.3600000000000001
4.099999999999968,5.206507025437212e-96,9,0.3600000000000001
4.149999999999967,1.4550929558279688e-98,9,0.3600000000000001
4.199999999999967,3.7539810445123085e-101,9,0.3600000000000001
4.249999999999968,8.940264729824268e-104,9,0.3600000000000001
4.299999999999967,1.965466161604114e-106,9,0.3600000000000001
4.349999999999966,3.9887570629816566e-109,9,0.3600000000000001
4.399999999999967,7.472507636641082e-112,9,0.3600000000000001
4.449999999999967,1.2922658486247914e-114,9,0.3600000000000001
4.499999999999966,2.0629753755851427e-117,9,0.3600000000000001
4.549999999999965,3.0401349597588796e-120,9,0.3600000000000001
4.599999999999966,4.13569302757126e-123,9,0.3600000000000001
4.649999999999967,5.193502144721246e-126,9,0.3600000000000001
4.6999999999999655,6.020449262763851e-129,9,0.3600000000000001
4.7499999999999645,6.442494161047845e-132,9,0.3600000000000001
4.799999999999965,6.364080995507207e-135,9,0.3600000000000001
4.849999999999966,5.803284759394686e-138,9,0.3600000000000001
4.899999999999965,4.885045030819884e-141,9,0.3600000000000001
4.949999999999964,3.795943668338467e-144,9,0.3600000000000001
4.9999999999999645,2.7228733136320644e-147,9,0.3600000000000001
-5.0,1.3623386992762527e-147,10,0.4000000000000001
-4.95,2.442522516299493e-141,10,0.4000000000000001
-4.9,2.9016442776537616e-138,10,0.4000000000000001
-4.8500000000000005,3.18204294026002e-135,10,0.4000000000000001
-4.800000000000001,3.221249982150555e-132,10,0.4000000000000001
-4.750000000000001,3.010227813408391e-129,10,0.4000000000000001
-4.700000000000001,2.596754293595304e-126,10,0.4000000000000001
-4.650000000000001,2.06784952400027e-123,10,0.4000000000000001
-4.600000000000001,1.520070076623427e-120,10,0.4000000000000001
-4.550000000000002,1.0314897556344532e-117,10,0.4000000000000001
-4.500000000000002,6.461344443769372e-115,10,0.4000000000000001
-4.450000000000002,3.7362641331802157e-112,10,0.4000000000000001
-4.400000000000002,1.994384992811229e-109,10,0.4000000000000001
-4.350000000000002,9.827368170516857e-107,10,0.4000000000000001
-4.3000000000000025,4.470152308678138e-104,10,0.4000000000000001
-4.250000000000003,1.8770003495787465e-101,10,0.4000000000000001
-4.200000000000003,7.2755094804328894e-99,10,0.4000000000000001
-4.150000000000003,2.603272282613248e-96,10,0.4000000000000001
-4.100000000000003,8.598704464547097e-94,10,0.4000000000000001
-4.050000000000003,2.6218258128273815e-91,10,0.4000000000000001
-4.0000000000000036,7.379589341865193e-89,10,0.4000000000000001
-3.9500000000000037,1.917424598384101e-86,10,0.4000000000000001
-3.900000000000004,4.598988875302908e-84,10,0.4000000000000001
-3.850000000000004,1.0182739947117553e-81,10,0.4000000000000001
-3.8000000000000043,2.0812559168066464e-79,10,0.4000000000000001
-3.7500000000000044,3.926858222976431e-77,10,0.4000000000000001
-3.7000000000000046,6.83949896172152e-75,10,0.4000000000000001
-3.650000000000005,1.0996720471260105e-72,10,0.4000000000000001
-3.600000000000005,1.6321591460233145e-70,10,0.4000000000000001
-3.550000000000005,2.236263265087315e-68,10,0.4000000000000001
-3.5000000000000053,2.8284289623614797e-66,10,0.4000000000000001
-3.4500000000000055,3.302406198841297e-64,10,0.4000000000000001
-3.4000000000000057,3.5594237176967867e-62,10,0.4000000000000001
-3.350000000000006,3.541556552555246e-60,10,0.4000000000000001
-3.300000000000006,3.2529358510391194e-58,10,0.4000000000000001
-3.250000000000006,2.758198030230939e-56,10,0.4000000000000001
-3.2000000000000064,2.1589676193085217e-54,10,0.4000000000000001
-3.1500000000000066,1.5600554373221153e-52,10,0.4000000000000001
-3.1000000000000068,1.0406628700422191e-50,10,0.4000000000000001
-3.050000000000007,6.408547733089037e-49,10,0.4000000000000001
-3.000000000000007,3.643281456862696e-47,10,0.4000000000000001
-2.9500000000000073,1.9121151886245262e-45,10,0.4000000000000001
-2.9000000000000075,9.264651969807964e-44,10,0.4000000000000001
-2.8500000000000076,4.144234773358034e-42,10,0.4000000000000001
-2.800000000000008,1.7114623093049061e-40,10,0.4000000000000001
-2.750000000000008,6.525397087485721e-39,10,0.4000000000000001
-2.700000000000008,2.2970664658327456e-37,10,0.4000000000000001
-2.6500000000000083,7.465851914823236e-36,10,0.4000000000000001
-2.6000000000000085,2.2404674819582256e-34,10,0.4000000000000001
-2.5500000000000087,6.208234270566425e-33,10,0.4000000000000001
-2.500000000000009,1.5885002848243115e-31,10,0.4000000000000001
-2.450000000000009,3.753350736265046e-30,10,0.4000000000000001
-2.4000000000000092,8.190123449024385e-29,10,0.4000000000000001
-2.3500000000000094,1.6505645734730223e-27,10,0.4000000000000001
-2.3000000000000096,3.072429800659184e-26,10,0.4000000000000001
-2.2500000000000098,5.283011249932414e-25,10,0.4000000000000001
-2.20000000000001,8.392301527250991e-24,10,0.4000000000000001
-2.15000000000001,1.2317957689236261e-22,10,0.4000000000000001
-2.1000000000000103,1.6707907534103093e-21,10,0.4000000000000001
-2.0500000000000105,2.094641849490441e-20,10,0.4000000000000001
-2.0000000000000107,2.427689334440205e-19,10,0.4000000000000001
-1.9500000000000108,2.6018232766316885e-18,10,0.4000000000000001
-1.900000000000011,2.5792061571392663e-17,10,0.4000000000000001
-1.8500000000000112,2.365695534995264e-16,10,0.4000000000000001
-1.8000000000000114,2.0084372221395277e-15,10,0.4000000000000001
-1.7500000000000115,1.5789561623358955e-14,10,0.4000000000000001
-1.7000000000000117,1.1500227416611e-13,10,0.4000000000000001
-1.650000000000012,7.764411554550679e-13,10,0.4000000000000001
-1.600000000000012,4.86238534864977e-12,10,0.4000000000000001
-1.5500000000000123,2.826415881148528e-11,10,0.4000000000000001
-1.5000000000000124,1.5262024201108e-10,10,0.4000000000000001
-1.4500000000000126,7.662299277865116e-10,10,0.4000000000000001
-1.4000000000000128,3.5801181106017986e-09,10,0.4000000000000001
-1.350000000000013,1.55842449794907e-08,10,0.4000000000000001
-1.3000000000000131,6.327315951487247e-08,10,0.4000000000000001
-1.2500000000000133,2.3989681158743455e-07,10,0.4000000000000001
-1.2000000000000135,8.504439484798011e-07,10,0.4000000000000001
-1.1500000000000137,2.8224503867728548e-06,10,0.4000000000000001
-1.1000000000000139,8.779560369165272e-06,10,0.4000000000000001
-1.050000000000014,2.562154960229579e-05,10,0.4000000000000001
-1.0000000000000142,7.01943563636561e-05,10,0.4000000000000001
-0.9500000000000144,0.00018057511447576162,10,0.4000000000000001
-0.9000000000000146,0.0004361070434161603,10,0.4000000000000001
-0.8500000000000147,0.0009884188322394434,10,0.4000000000000001
-0.8000000000000149,0.002101820707089125,10,0.4000000000000001
-0.7500000000000151,0.00419427108834247,10,0.4000000000000001
-0.7000000000000153,0.007861800592401914,10,0.4000000000000001
-0.6500000000000155,0.013865849461788699,10,0.4000000000000001
-0.6000000000000156,0.023070807219722805,10,0.4000000000000001
-0.5500000000000158,0.03633747050266116,10,0.4000000000000001
-0.500000000000016,0.05439990642898315,10,0.4000000000000001
-0.45000000000001616,0.07776354786411355,10,0.4000000000000001
-0.40000000000001634,0.10665185828188042,10,0.4000000000000001
-0.3500000000000165,0.14101060237833732,10,0.4000000000000001
-0.3000000000000167,0.1805564815199415,10,0.4000000000000001
-0.2500000000000169,0.22484391255096503,10,0.4000000000000001
-0.20000000000001705,0.2733343233751952,10,0.4000000000000001
-0.15000000000001723,0.3254500826953809,10,0.4000000000000001
-0.10000000000001741,0.3805962615645672,10,0.4000000000000001
-0.050000000000017586,0.4381862063773176,10,0.4000000000000001
-1.7763568394002505e-14,0.49757887459001443,10,0.4000000000000001
0.04999999999998206,0.5580302631143386,10,0.4000000000000001
0.09999999999998188,0.6184515806500075,10,0.4000000000000001
0.1499999999999817,0.6768239188714467,10,0.4000000000000001
0.19999999999998153,0.7289243168015714,10,0.4000000000000001
0.24999999999998135,0.7645513788821604,10,0.4000000000000001
0.29999999999998117,0.7621568326456626,10,0.4000000000000001
0.349999999999981,0.689858099513156,10,0.4000000000000001
0.3999999999999808,0.5373474273777243,10,0.4000000000000001
0.44999999999998064,0.35025068982682966,10,0.4000000000000001
0.49999999999998046,0.19509333882160868,10,0.4000000000000001
0.5499999999999803,0.0987802763712652,10,0.4000000000000001
0.5999999999999801,0.04827861073362584,10,0.4000000000000001
0.6499999999999799,0.023390060067003893,10,0.4000000000000001
0.6999999999999797,0.011237529498242972,10,0.4000000000000001
0.7499999999999796,0.005305835009039866,10,0.4000000000000001
0.7999999999999794,0.0024374599176166015,10,0.4000000000000001
0.8499999999999792,0.0010801646581987847,10,0.4000000000000001
0.899999999999979,0.00045855372557976456,10,0.4000000000000001
0.9499999999999789,0.00018544522596761925,10,0.4000000000000001
0.9999999999999787,7.112445651667362e-05,10,0.4000000000000001
1.0499999999999785,2.577697395750364e-05,10,0.4000000000000001
1.0999999999999783,8.802172790428189e-06,10,0.4000000000000001
1.1499999999999782,2.8253027838773134e-06,10,0.4000000000000001
1.199999999999978,8.507548435551019e-07,10,0.4000000000000001
1.2499999999999778,2.399260086099741e-07,10,0.4000000000000001
1.2999999999999776,6.327551674035605e-08,10,0.4000000000000001
1.3499999999999774,1.5584408291328413e-08,10,0.4000000000000001
1.3999999999999773,3.5801278060414073e-09,10,0.4000000000000001
1.449999999999977,7.662304204624822e-10,10,0.4000000000000001
1.499999999999977,1.5262026342102334e-10,10,0.4000000000000001
1.5499999999999767,2.8264159606611785e-11,10,0.4000000000000001
1.5999999999999766,4.862385373875516e-12,10,0.4000000000000001
1.6499999999999764,7.76441156139039e-13,10,0.4000000000000001
1.6999999999999762,1.150022741820525e-13,10,0.4000000000000001
1.749999999999976,1.578956162369287e-14,10,0.4000000000000001
1.7999999999999758,2.0084372221477603e-15,10,0.4000000000000001
1.8499999999999757,2.365695534999675e-16,10,0.4000000000000001
1.8999999999999755,2.5792061571434908e-17,10,0.4000000000000001
1.9499999999999753,2.6018232766360107e-18,10,0.4000000000000001
1.9999999999999751,2.4276893344443644e-19,10,0.4000000000000001
2.049999999999975,2.094641849494146e-20,10,0.4000000000000001
2.0999999999999748,1.6707907534133577e-21,10,0.4000000000000001
2.1499999999999746,1.2317957689259428e-22,10,0.4000000000000001
2.1999999999999744,8.392301527267247e-24,10,0.4000000000000001
2.2499999999999742,5.283011249942944e-25,10,0.4000000000000001
2.299999999999974,3.072429800665481e-26,10,0.4000000000000001
2.349999999999974,1.6505645734764984e-27,10,0.4000000000000001
2.3999999999999737,8.190123449042094e-29,10,0.4000000000000001
2.4499999999999735,3.753350736273373e-30,10,0.4000000000000001
2.4999999999999734,1.5885002848279256e-31,10,0.4000000000000001
2.549999999999973,6.208234270580903e-33,10,0.4000000000000001
2.599999999999973,2.240467481963578e-34,10,0.4000000000000001
2.649999999999973,7.465851914841491e-36,10,0.4000000000000001
2.6999999999999726,2.2970664658384916e-37,10,0.4000000000000001
2.7499999999999725,6.525397087502418e-39,10,0.4000000000000001
2.7999999999999723,1.7114623093093825e-40,10,0.4000000000000001
2.849999999999972,4.144234773369106e-42,10,0.4000000000000001
2.899999999999972,9.264651969833244e-44,10,0.4000000000000001
2.9499999999999718,1.9121151886298528e-45,10,0.4000000000000001
2.9999999999999716,3.643281456873053e-47,10,0.4000000000000001
3.0499999999999723,6.408547733107619e-49,10,0.4000000000000001
3.0999999999999712,1.0406628700452953e-50,10,0.4000000000000001
3.14999999999997,1.5600554373268156e-52,10,0.4000000000000001
3.199999999999971,2.1589676193151493e-54,10,0.4000000000000001
3.2499999999999716,2.7581980302395623e-56,10,0.4000000000000001
3.2999999999999705,3.252935851049473e-58,10,0.4000000000000001
3.3499999999999694,3.541556552566721e-60,10,0.4000000000000001
3.39999999999997,3.559423717708522e-62,10,0.4000000000000001
3.449999999999971,3.302406198852373e-64,10,0.4000000000000001
3.49999999999997,2.828428962371127e-66,10,0.4000000000000001
3.5499999999999687,2.2362632650948787e-68,10,0.4000000000000001
3.5999999999999694,1.6321591460290663e-70,10,0.4000000000000001
3.64999999999997,1.0996720471300733e-72,10,0.4000000000000001
3.699999999999969,6.839498961746402e-75,10,0.4000000000000001
3.749999999999968,3.926858222990604e-77,10,0.4000000000000001
3.7999999999999687,2.081255916814455e-79,10,0.4000000000000001
3.8499999999999694,1.0182739947157204e-81,10,0.4000000000000001
3.8999999999999684,4.598988875320685e-84,10,0.4000000000000001
3.9499999999999673,1.917424598391403e-86,10,0.4000000000000001
3.999999999999968,7.379589341894557e-89,10,0.4000000000000001
4.049999999999969,2.6218258128381854e-91,10,0.4000000000000001
4.099999999999968,8.598704464582289e-94,10,0.4000000000000001
4.149999999999967,2.6032722826238285e-96,10,0.4000000000000001
4.199999999999967,7.275509480463493e-99,10,0.4000000000000001
4.249999999999968,1.8770003495869622e-101,10,0.4000000000000001
4.299999999999967,4.470152308697449e-104,10,0.4000000000000001
4.349999999999966,9.827368170558753e-107,10,0.4000000000000001
4.399999999999967,1.9943849928200714e-109,10,0.4000000000000001
4.449999999999967,3.736264133197419e-112,10,0.4000000000000001
4.499999999999966,6.461344443798756e-115,10,0.4000000000000001
4.549999999999965,1.0314897556390851e-117,10,0.4000000000000001
4.599999999999966,1.5200700766305122e-120,10,0.4000000000000001
4.649999999999967,2.0678495240102613e-123,10,0.4000000000000001
4.6999999999999655,2.5967542936077036e-126,10,0.4000000000000001
4.7499999999999645,3.010227813422423e-129,10,0.4000000000000001
4.799999999999965,3.2212499821663024e-132,10,0.4000000000000001
4.849999999999966,3.182042940276119e-135,10,0.4000000000000001
4.899999999999965,2.901644277669177e-138,10,0.4000000000000001
4.949999999999964,2.4425238768465987e-141,10,0.4000000000000001
4.9999999999999645,1.8979727362116938e-144,10,0.4000000000000001
-5.0,9.496675374554851e-145,11,0.44000000000000006
-4.95,1.4508221395080502e-138,11,0.44000000000000006
-4.9,1.5910226913912682e-135,11,0.44000000000000006
-4.8500000000000005,1.610626441897416e-132,11,0.44000000000000006
-4.800000000000001,1.5051154977256657e-129,11,0.44000000000000006
-4.750000000000001,1.2983787574226431e-126,11,0.44000000000000006
-4.700000000000001,1.0339262671140418e-123,11,0.44000000000000006
-4.650000000000001,7.6003633668886036e-121,11,0.44000000000000006
-4.600000000000001,5.157459117419886e-118,11,0.44000000000000006
-4.550000000000002,3.2306798222350695e-115,11,0.44000000000000006
-4.500000000000002,1.868137224038886e-112,11,0.44000000000000006
-4.450000000000002,9.971957270778364e-110,11,0.44000000000000006
-4.400000000000002,4.9137027665790944e-107,11,0.44000000000000006
-4.350000000000002,2.235086126264033e-104,11,0.44000000000000006
-4.3000000000000025,9.385050884734585e-102,11,0.44000000000000006
-4.250000000000003,3.6377770909779882e-99,11,0.44000000000000006
-4.200000000000003,1.3016455263083718e-96,11,0.44000000000000006
-4.150000000000003,4.299388609820951e-94,11,0.44000000000000006
-4.100000000000003,1.310925922775104e-91,11,0.44000000000000006
-4.050000000000003,3.689837664454919e-89,11,0.44000000000000006
-4.0000000000000036,9.587254083211147e-87,11,0.44000000000000006
-3.9500000000000037,2.2995313355981633e-84,11,0.44000000000000006
-3.900000000000004,5.091465844788696e-82,11,0.44000000000000006
-3.850000000000004,1.0406509533476997e-79,11,0.44000000000000006
-3.8000000000000043,1.963480025187951e-77,11,0.44000000000000006
-3.7500000000000044,3.4198535436566004e-75,11,0.44000000000000006
-3.7000000000000046,5.4985565785412013e-73,11,0.44000000000000006
-3.650000000000005,8.16113770506466e-71,11,0.44000000000000006
-3.600000000000005,1.1181866161460138e-68,11,0.44000000000000006
-3.550000000000005,1.414296089138041e-66,11,0.44000000000000006
-3.5000000000000053,1.651314912583903e-64,11,0.44000000000000006
-3.4500000000000055,1.7798532802965114e-62,11,0.44000000000000006
-3.4000000000000057,1.7709433965875652e-60,11,0.44000000000000006
-3.350000000000006,1.6266458967054445e-58,11,0.44000000000000006
-3.300000000000006,1.3792760929430974e-56,11,0.44000000000000006
-3.250000000000006,1.0796464564468128e-54,11,0.44000000000000006
-3.2000000000000064,7.801656285625691e-53,11,0.44000000000000006
-3.1500000000000066,5.20439383402075e-51,11,0.44000000000000006
-3.1000000000000068,3.2050538942631795e-49,11,0.44000000000000006
-3.050000000000007,1.8221610598663693e-47,11,0.44000000000000006
-3.000000000000007,9.563780216989176e-46,11,0.44000000000000006
-2.9500000000000073,4.634147625632413e-44,11,0.44000000000000006
-2.9000000000000075,2.0730734442733295e-42,11,0.44000000000000006
-2.8500000000000076,8.561943872509435e-41,11,0.44000000000000006
-2.800000000000008,3.2647706611295394e-39,11,0.44000000000000006
-2.750000000000008,1.1493889640710252e-37,11,0.44000000000000006
-2.700000000000008,3.736188655955361e-36,11,0.44000000000000006
-2.6500000000000083,1.1213822742120292e-34,11,0.44000000000000006
-2.6000000000000085,3.107850061240624e-33,11,0.44000000000000006
-2.5500000000000087,7.953703761531348e-32,11,0.44000000000000006
-2.500000000000009,1.8797794852678063e-30,11,0.44000000000000006
-2.450000000000009,4.103004225936314e-29,11,0.44000000000000006
-2.4000000000000092,8.271589621046438e-28,11,0.44000000000000006
-2.3500000000000094,1.5403099620541042e-26,11,0.44000000000000006
-2.3000000000000096,2.649758447833572e-25,11,0.44000000000000006
-2.2500000000000098,4.211512912628792e-24,11,0.44000000000000006
-2.20000000000001,6.185393900867793e-23,11,0.44000000000000006
-2.15000000000001,8.395915274687801e-22,11,0.44000000000000006
-2.1000000000000103,1.0534799035898386e-20,11,0.44000000000000006
-2.0500000000000105,1.222198620987154e-19,11,0.44000000000000006
-2.0000000000000107,1.3113848475632965e-18,11,0.44000000000000006
-1.9500000000000108,1.3017415252418341e-17,11,0.44000000000000006
-1.900000000000011,1.1958568838807905e-16,11,0.44000000000000006
-1.8500000000000112,1.0171146418554594e-15,11,0.44000000000000006
-1.8000000000000114,8.013065588429191e-15,11,0.44000000000000006
-1.7500000000000115,5.850535569412211e-14,11,0.44000000000000006
-1.7000000000000117,3.9611535853909287e-13,11,0.44000000000000006
-1.650000000000012,2.488693811403214e-12,11,0.44000000000000006
-1.600000000000012,1.4520299983310522e-11,11,0.44000000000000006
-1.5500000000000123,7.874131367521102e-11,11,0.44000000000000006
-1.5000000000000124,3.972470431817365e-10,11,0.44000000000000006
-1.4500000000000126,1.8663691737476487e-09,11,0.44000000000000006
-1.4000000000000128,8.17523740518229e-09,11,0.44000000000000006
-1.350000000000013,3.342663801460204e-08,11,0.44000000000000006
-1.3000000000000131,1.2774051682194033e-07,11,0.44000000000000006
-1.2500000000000133,4.568584101470534e-07,11,0.44000000000000006
-1.2000000000000135,1.5311720174450037e-06,11,0.44000000000000006
-1.1500000000000137,4.814986887337463e-06,11,0.44000000000000006
-1.1000000000000139,1.4221870295018755e-05,11,0.44000000000000006
-1.050000000000014,3.948598833301368e-05,11,0.44000000000000006
-1.0000000000000142,0.00010309194185739591,11,0.44000000000000006
-0.9500000000000144,0.0002531136474687778,11,0.44000000000000006
-0.9000000000000146,0.000584308100474411,11,0.44000000000000006
-0.8500000000000147,0.0012681183830663563,11,0.44000000000000006
-0.8000000000000149,0.0025880219726560406,11,0.44000000000000006
-0.7500000000000151,0.00497033259809153,11,0.44000000000000006
-0.7000000000000153,0.008995126300798689,11,0.44000000000000006
-0.6500000000000155,0.015372213058619374,11,0.44000000000000006
-0.6000000000000156,0.02487602998597797,11,0.44000000000000006
-0.5500000000000158,0.03824993928961048,11,0.44000000000000006
-0.500000000000016,0.05610515766061085,11,0.44000000000000006
-0.45000000000001616,0.07884282854433255,11,0.44000000000000006
-0.40000000000001634,0.10661971099988798,11,0.44000000000000006
-0.3500000000000165,0.13935896507213444,11,0.44000000000000006
-0.3000000000000167,0.17679309845902627,11,0.44000000000000006
-0.2500000000000169,0.21852320058434538,11,0.44000000000000006
-0.20000000000001705,0.2640744033601321,11,0.44000000000000006
-0.15000000000001723,0.31293692007349144,11,0.44000000000000006
-0.10000000000001741,0.3646002655097662,11,0.44000000000000006
-0.050000000000017586,0.41854132365302266,11,0.44000000000000006
-1.7763568394002505e-14,0.47423011012740557,11,0.44000000000000006
0.04999999999998206,0.5310357033859655,11,0.44000000000000006
0.09999999999998188,0.5880885224718837,11,0.44000000000000006
0.1499999999999817,0.6439182883225604,11,0.44000000000000006
0.19999999999998153,0.6953980101179814,11,0.44000000000000006
0.24999999999998135,0.7356300991388508,11,0.44000000000000006
0.29999999999998117,0.748931661895,11,0.44000000000000006
0.349999999999981,0.7081802859794954,11,0.44000000000000006
0.3999999999999808,0.5907001250179396,11,0.44000000000000006
0.44999999999998064,0.4163565524710457,11,0.44000000000000006
0.49999999999998046,0.24709908364388472,11,0.44000000000000006
0.5499999999999803,0.12883209209725605,11,0.44000000000000006
0.5999999999999801,0.06292725783714365,11,0.44000000000000006
0.6499999999999799,0.030198978552963423,11,0.44000000000000006
0.6999999999999797,0.01445173614298086,11,0.44000000000000006
0.7499999999999796,0.006861562879604566,11,0.44000000000000006
0.7999999999999794,0.003198396859510192,11,0.44000000000000006
0.8499999999999792,0.001449153009464332,11,0.44000000000000006
0.899999999999979,0.0006330314152345995,11,0.44000000000000006
0.9499999999999789,0.00026488013361440475,11,0.44000000000000006
0.9999999999999787,0.00010561784505845099,11,0.44000000000000006
1.0499999999999785,3.9964310895564696e-05,11,0.44000000000000006
1.0999999999999783,1.4301269664700593e-05,11,0.44000000000000006
1.1499999999999782,4.8264791678840515e-06,11,0.44000000000000006
1.199999999999978,1.53261598119791e-06,11,0.44000000000000006
1.2499999999999778,4.5701532410373155e-07,11,0.44000000000000006
1.2999999999999776,1.277552199149744e-07,11,0.44000000000000006
1.3499999999999774,3.342782307139347e-08,11,0.44000000000000006
1.3999999999999773,8.175319404352781e-09,11,0.44000000000000006
1.449999999999977,1.8663740372900197e-09,11,0.44000000000000006
1.499999999999977,3.9724729015180907e-10,11,0.44000000000000006
1.5499999999999767,7.87413244021033e-11,11,0.44000000000000006
1.5999999999999766,1.4520300381535065e-11,11,0.44000000000000006
1.6499999999999764,2.4886938240335103e-12,11,0.44000000000000006
1.6999999999999762,3.9611535888148643e-13,11,0.44000000000000006
1.749999999999976,5.850535570210278e-14,11,0.44000000000000006
1.7999999999999758,8.013065588596469e-15,11,0.44000000000000006
1.8499999999999757,1.0171146418595984e-15,11,0.44000000000000006
1.8999999999999755,1.1958568838830175e-16,11,0.44000000000000006
1.9499999999999753,1.3017415252439671e-17,11,0.44000000000000006
1.9999999999999751,1.311384847565476e-18,11,0.44000000000000006
2.049999999999975,1.222198620989249e-19,11,0.44000000000000006
2.0999999999999748,1.0534799035917027e-20,11,0.44000000000000006
2.1499999999999746,8.395915274703125e-22,11,0.44000000000000006
2.1999999999999744,6.185393900879429e-23,11,0.44000000000000006
2.2499999999999742,4.211512912636951e-24,11,0.44000000000000006
2.299999999999974,2.6497584478388546e-25,11,0.44000000000000006
2.349999999999974,1.5403099620572613e-26,11,0.44000000000000006
2.3999999999999737,8.27158962106386e-28,11,0.44000000000000006
2.4499999999999735,4.1030042259451866e-29,11,0.44000000000000006
2.4999999999999734,1.879779485271977e-30,11,0.44000000000000006
2.549999999999973,7.953703761549446e-32,11,0.44000000000000006
2.599999999999973,3.107850061247872e-33,11,0.44000000000000006
2.649999999999973,1.1213822742147081e-34,11,0.44000000000000006
2.6999999999999726,3.736188655964497e-36,11,0.44000000000000006
2.7499999999999725,1.1493889640739005e-37,11,0.44000000000000006
2.7999999999999723,3.264770661137894e-39,11,0.44000000000000006
2.849999999999972,8.561943872531829e-41,11,0.44000000000000006
2.899999999999972,2.073073444278868e-42,11,0.44000000000000006
2.9499999999999718,4.634147625645058e-44,11,0.44000000000000006
2.9999999999999716,9.563780217015818e-46,11,0.44000000000000006
3.0499999999999723,1.8221610598715492e-47,11,0.44000000000000006
3.0999999999999712,3.205053894272473e-49,11,0.44000000000000006
3.14999999999997,5.204393834036134e-51,11,0.44000000000000006
3.199999999999971,7.801656285649198e-53,11,0.44000000000000006
3.2499999999999716,1.079646456450127e-54,11,0.44000000000000006
3.2999999999999705,1.3792760929474095e-56,11,0.44000000000000006
3.3499999999999694,1.626645896710622e-58,11,0.44000000000000006
3.39999999999997,1.7709433965933033e-60,11,0.44000000000000006
3.449999999999971,1.7798532803023796e-62,11,0.44000000000000006
3.49999999999997,1.6513149125894413e-64,11,0.44000000000000006
3.5499999999999687,1.414296089142865e-66,11,0.44000000000000006
3.5999999999999694,1.1181866161497958e-68,11,0.44000000000000006
3.64999999999997,8.161137705093418e-71,11,0.44000000000000006
3.699999999999969,5.4985565785615163e-73,11,0.44000000000000006
3.749999999999968,3.419853543669042e-75,11,0.44000000000000006
3.7999999999999687,1.9634800251950378e-77,11,0.44000000000000006
3.8499999999999694,1.040650953351604e-79,11,0.44000000000000006
3.8999999999999684,5.0914658448085215e-82,11,0.44000000000000006
3.9499999999999673,2.299531335607052e-84,11,0.44000000000000006
3.999999999999968,9.587254083247657e-87,11,0.44000000000000006
4.049999999999969,3.6898376644696015e-89,11,0.44000000000000006
4.099999999999968,1.3109259227805058e-91,11,0.44000000000000006
4.149999999999967,4.299388609838547e-94,11,0.44000000000000006
4.199999999999967,1.3016455263136623e-96,11,0.44000000000000006
4.249999999999968,3.6377770909932902e-99,11,0.44000000000000006
4.299999999999967,9.385050884775664e-102,11,0.44000000000000006
4.349999999999966,2.2350861262736888e-104,11,0.44000000000000006
4.399999999999967,4.9137027666000427e-107,11,0.44000000000000006
4.449999999999967,9.971957270822576e-110,11,0.44000000000000006
4.499999999999966,1.8681372240474877e-112,11,0.44000000000000006
4.549999999999965,3.230679822249761e-115,11,0.44000000000000006
4.599999999999966,5.157459117443045e-118,11,0.44000000000000006
4.649999999999967,7.600363366924029e-121,11,0.44000000000000006
4.6999999999999655,1.0339262671190374e-123,11,0.44000000000000006
4.7499999999999645,1.2983787574288429e-126,11,0.44000000000000006
4.799999999999965,1.5051154977326816e-129,11,0.44000000000000006
4.849999999999966,1.61062644190529e-132,11,0.44000000000000006
4.899999999999965,1.591022691399998e-135,11,0.44000000000000006
4.949999999999964,1.4508230878209567e-138,11,0.44000000000000006
4.9999999999999645,1.221262619592649e-141,11,0.44000000000000006
-5.0,6.111061435650522e-142,12,0.4800000000000001
-4.95,7.955113461704679e-136,12,0.4800000000000001
-4.9,8.053139463597778e-133,12,0.4800000000000001
-4.8500000000000005,7.525585443741785e-130,12,0.4800000000000001
-4.800000000000001,6.491901840245425e-127,12,0.4800000000000001
-4.750000000000001,5.1696388611476976e-124,12,0.4800000000000001
-4.700000000000001,3.800188175338089e-121,12,0.4800000000000001
-4.650000000000001,2.5787347283412785e-118,12,0.4800000000000001
-4.600000000000001,1.6153437112992181e-115,12,0.4800000000000001
-4.550000000000002,9.340711907490017e-113,12,0.4800000000000001
-4.500000000000002,4.9859947887882933e-110,12,0.4800000000000001
-4.450000000000002,2.4568607239756675e-107,12,0.4800000000000001
-4.400000000000002,1.1175480491106518e-104,12,0.4800000000000001
-4.350000000000002,4.692550010881126e-102,12,0.4800000000000001
-4.3000000000000025,1.8188997209196255e-99,12,0.4800000000000001
-4.250000000000003,6.508274556796283e-97,12,0.4800000000000001
-4.200000000000003,2.1497124937959302e-94,12,0.4800000000000001
-4.150000000000003,6.554694696151835e-92,12,0.4800000000000001
-4.100000000000003,1.8449403291705088e-89,12,0.4800000000000001
-4.050000000000003,4.7936925879017125e-87,12,0.4800000000000001
-4.0000000000000036,1.1497841169874039e-84,12,0.4800000000000001
-3.9500000000000037,2.545780858664764e-82,12,0.4800000000000001
-3.900000000000004,5.2033697433052786e-80,12,0.4800000000000001
-3.850000000000004,9.817654699231995e-78,12,0.4800000000000001
-3.8000000000000043,1.7099788043759677e-75,12,0.4800000000000001
-3.7500000000000044,2.74937646327186e-73,12,0.4800000000000001
-3.7000000000000046,4.080739845209512e-71,12,0.4800000000000001
-3.650000000000005,5.591208008558996e-69,12,0.4800000000000001
-3.600000000000005,7.071888502575458e-67,12,0.4800000000000001
-3.550000000000005,8.257133656227587e-65,12,0.4800000000000001
-3.5000000000000053,8.899973549527126e-63,12,0.4800000000000001
-3.4500000000000055,8.855542640394118e-61,12,0.4800000000000001
-3.4000000000000057,8.13411941016737e-59,12,0.4800000000000001
-3.350000000000006,6.89726593641378e-57,12,0.4800000000000001
-3.300000000000006,5.399045605182417e-55,12,0.4800000000000001
-3.250000000000006,3.9015177808593173e-53,12,0.4800000000000001
-3.2000000000000064,2.6027367402385983e-51,12,0.4800000000000001
-3.1500000000000066,1.602917029945871e-49,12,0.4800000000000001
-3.1000000000000068,9.113407496248857e-48,12,0.4800000000000001
-3.050000000000007,4.7834926354417196e-46,12,0.4800000000000001
-3.000000000000007,2.31798489334614e-44,12,0.4800000000000001
-2.9500000000000073,1.0370149111475142e-42,12,0.4800000000000001
-2.9000000000000075,4.2832890100675336e-41,12,0.4800000000000001
-2.8500000000000076,1.6334218672869062e-39,12,0.4800000000000001
-2.800000000000008,5.75122579229138e-38,12,0.4800000000000001
-2.750000000000008,1.8697267133082452e-36,12,0.4800000000000001
-2.700000000000008,5.612658315880501e-35,12,0.4800000000000001
-2.6500000000000083,1.5557931249482898e-33,12,0.4800000000000001
-2.6000000000000085,3.9824587921367343e-32,12,0.4800000000000001
-2.5500000000000087,9.414436676645236e-31,12,0.4800000000000001
-2.500000000000009,2.0554789648489226e-29,12,0.4800000000000001
-2.450000000000009,4.145193707949558e-28,12,0.4800000000000001
-2.4000000000000092,7.722064831400202e-27,12,0.4800000000000001
-2.3500000000000094,1.3290150187273092e-25,12,0.4800000000000001
-2.3000000000000096,2.1134580061246664e-24,12,0.4800000000000001
-2.2500000000000098,3.1059457426730643e-23,12,0.4800000000000001
-2.20000000000001,4.2190152019070446e-22,12,0.4800000000000001
-2.15000000000001,5.298326487453532e-21,12,0.4800000000000001
-2.1000000000000103,6.15297268130921e-20,12,0.4800000000000001
-2.0500000000000105,6.609598232995974e-19,12,0.4800000000000001
-2.0000000000000107,6.5698175572585284e-18,12,0.4800000000000001
-1.9500000000000108,6.044853661782117e-17,12,0.4800000000000001
-1.900000000000011,5.150660285539387e-16,12,0.4800000000000001
-1.8500000000000112,4.066325638408622e-15,12,0.4800000000000001
-1.8000000000000114,2.97612351679881e-14,12,0.4800000000000001
-1.7500000000000115,2.0206421206372966e-13,12,0.4800000000000001
-1.7000000000000117,1.27359958354743e-12,12,0.4800000000000001
-1.650000000000012,7.45820767088267e-12,12,0.4800000000000001
-1.600000000000012,4.061500374206832e-11,12,0.4800000000000001
-1.5500000000000123,2.0588367155100465e-10,12,0.4800000000000001
-1.5000000000000124,9.725552430160032e-10,12,0.4800000000000001
-1.4500000000000126,4.286242210846673e-09,12,0.4800000000000001
-1.4000000000000128,1.7646503371403486e-08,12,0.4800000000000001
-1.350000000000013,6.795787386340028e-08,12,0.4800000000000001
-1.3000000000000131,2.451424825603744e-07,12,0.4800000000000001
-1.2500000000000133,8.294558014994505e-07,12,0.4800000000000001
-1.2000000000000135,2.6359180536664347e-06,12,0.4800000000000001
-1.1500000000000137,7.876481172810491e-06,12,0.4800000000000001
-1.1000000000000139,2.215018041834039e-05,12,0.4800000000000001
-1.050000000000014,5.865482093883109e-05,12,0.4800000000000001
-1.0000000000000142,0.0001462873164258437,12,0.4800000000000001
-0.9500000000000144,0.00034363386356434263,12,0.4800000000000001
-0.9000000000000146,0.00076030720372458,12,0.4800000000000001
-0.8500000000000147,0.0015848937482102917,12,0.4800000000000001
-0.8000000000000149,0.0031146062741985074,12,0.4800000000000001
-0.7500000000000151,0.00577673124884009,12,0.4800000000000001
-0.7000000000000153,0.010128952682718665,12,0.4800000000000001
-0.6500000000000155,0.016827997229249138,12,0.4800000000000001
-0.6000000000000156,0.026565725589847065,12,0.4800000000000001
-0.5500000000000158,0.039984799453642667,12,0.4800000000000001
-0.500000000000016,0.057595757165529095,12,0.4800000000000001
-0.45000000000001616,0.07971843951873389,12,0.4800000000000001
-0.40000000000001634,0.10645995090161242,12,0.4800000000000001
-0.3500000000000165,0.13772879735164845,12,0.4800000000000001
-0.3000000000000167,0.17327478921870995,12,0.4800000000000001
-0.2500000000000169,0.21273785274012583,12,0.4800000000000001
-0.20000000000001705,0.2556946349786271,12,0.4800000000000001
-0.15000000000001723,0.3016977218149927,12,0.4800000000000001
-0.10000000000001741,0.3502896571312288,12,0.4800000000000001
-0.050000000000017586,0.40102301907025406,12,0.4800000000000001
-1.7763568394002505e-14,0.4534240977864135,12,0.4800000000000001
0.04999999999998206,0.5069685337173022,12,0.4800000000000001
0.09999999999998188,0.5609506271011372,12,0.4800000000000001
0.1499999999999817,0.6141972098523555,12,0.4800000000000001
0.19999999999998153,0.6644700175861497,12,0.4800000000000001
0.24999999999998135,0.7067007876639391,12,0.4800000000000001
0.29999999999998117,0.7298316576209801,12,0.4800000000000001
0.349999999999981,0.7122102927549893,12,0.4800000000000001
0.3999999999999808,0.6279017269581557,12,0.4800000000000001
0.44999999999998064,0.4764733404426245,12,0.4800000000000001
0.49999999999998046,0.30394533645043464,12,0.4800000000000001
0.5499999999999803,0.16643279421226323,12,0.4800000000000001
0.5999999999999801,0.08265268125481243,12,0.4800000000000001
0.6499999999999799,0.03943969441033345,12,0.4800000000000001
0.6999999999999797,0.01870325016838231,12,0.4800000000000001
0.7499999999999796,0.00886479108826061,12,0.4800000000000001
0.7999999999999794,0.004164354144675635,12,0.4800000000000001
0.8499999999999792,0.0019176799401120458,12,0.4800000000000001
0.899999999999979,0.0008574225481312996,12,0.4800000000000001
0.9499999999999789,0.000369402544875221,12,0.4800000000000001
0.9999999999999787,0.00015243593512279235,12,0.4800000000000001
1.0499999999999785,5.9961747482151944e-05,12,0.4800000000000001
1.0999999999999783,2.2395709801973215e-05,12,0.4800000000000001
1.1499999999999782,7.916983258429707e-06,12,0.4800000000000001
1.199999999999978,2.6417518632015217e-06,12,0.4800000000000001
1.2499999999999778,8.301860670745122e-07,12,0.4800000000000001
1.2999999999999776,2.4522161513667994e-07,12,0.4800000000000001
1.3499999999999774,6.796527291057566e-08,12,0.4800000000000001
1.3999999999999773,1.7647098777128947e-08,12,0.4800000000000001
1.449999999999977,4.286283360587903e-09,12,0.4800000000000001
1.499999999999977,9.725576815414918e-10,12,0.4800000000000001
1.5499999999999767,2.0588379529819098e-10,12,0.4800000000000001
1.5999999999999766,4.06150091143072e-11,12,0.4800000000000001
1.6499999999999764,7.458207870250411e-12,12,0.4800000000000001
1.6999999999999762,1.2735995898690446e-12,12,0.4800000000000001
1.749999999999976,2.0206421223507282e-13,12,0.4800000000000001
1.7999999999999758,2.976123517198187e-14,12,0.4800000000000001
1.8499999999999757,4.066325638492398e-15,12,0.4800000000000001
1.8999999999999755,5.150660285560192e-16,12,0.4800000000000001
1.9499999999999753,6.044853661793362e-17,12,0.4800000000000001
1.9999999999999751,6.569817557269298e-18,12,0.4800000000000001
2.049999999999975,6.609598233006966e-19,12,0.4800000000000001
2.0999999999999748,6.15297268131976e-20,12,0.4800000000000001
2.1499999999999746,5.298326487462911e-21,12,0.4800000000000001
2.1999999999999744,4.2190152019147474e-22,12,0.4800000000000001
2.2499999999999742,3.105945742678909e-23,12,0.4800000000000001
2.299999999999974,2.113458006128762e-24,12,0.4800000000000001
2.349999999999974,1.3290150187299591e-25,12,0.4800000000000001
2.3999999999999737,7.722064831416032e-27,12,0.4800000000000001
2.4499999999999735,4.14519370795829e-28,12,0.4800000000000001
2.4999999999999734,2.055478964853368e-29,12,0.4800000000000001
2.549999999999973,9.414436676666124e-31,12,0.4800000000000001
2.599999999999973,3.982458792145797e-32,12,0.4800000000000001
2.649999999999973,1.5557931249519182e-33,12,0.4800000000000001
2.6999999999999726,5.61265831589391e-35,12,0.4800000000000001
2.7499999999999725,1.8697267133128173e-36,12,0.4800000000000001
2.7999999999999723,5.751225792305768e-38,12,0.4800000000000001
2.849999999999972,1.6334218672910863e-39,12,0.4800000000000001
2.899999999999972,4.283289010078737e-41,12,0.4800000000000001
2.9499999999999718,1.0370149111502848e-42,12,0.4800000000000001
2.9999999999999716,2.317984893352465e-44,12,0.4800000000000001
3.0499999999999723,4.783492635455045e-46,12,0.4800000000000001
3.0999999999999712,9.113407496274764e-48,12,0.4800000000000001
3.14999999999997,1.6029170299505189e-49,12,0.4800000000000001
3.199999999999971,2.602736740246292e-51,12,0.4800000000000001
3.2499999999999716,3.9015177808710727e-53,12,0.4800000000000001
3.2999999999999705,5.39904560519899e-55,12,0.4800000000000001
3.3499999999999694,6.897265936435344e-57,12,0.4800000000000001
3.39999999999997,8.134119410193262e-59,12,0.4800000000000001
3.449999999999971,8.855542640422811e-61,12,0.4800000000000001
3.49999999999997,8.89997354955647e-63,12,0.4800000000000001
3.5499999999999687,8.25713365625528e-65,12,0.4800000000000001
3.5999999999999694,7.071888502599579e-67,12,0.4800000000000001
3.64999999999997,5.591208008577907e-69,12,0.4800000000000001
3.699999999999969,4.0807398452238924e-71,12,0.4800000000000001
3.749999999999968,2.749376463282018e-73,12,0.4800000000000001
3.7999999999999687,1.7099788043821885e-75,12,0.4800000000000001
3.8499999999999694,9.817654699267429e-78,12,0.4800000000000001
3.8999999999999684,5.2033697433248e-80,12,0.4800000000000001
3.9499999999999673,2.545780858674677e-82,12,0.4800000000000001
3.999999999999968,1.1497841169918483e-84,12,0.4800000000000001
4.049999999999969,4.793692587919967e-87,12,0.4800000000000001
4.099999999999968,1.84494032917785e-89,12,0.4800000000000001
4.149999999999967,6.554694696178845e-92,12,0.4800000000000001
4.199999999999967,2.1497124938047285e-94,12,0.4800000000000001
4.249999999999968,6.508274556822735e-97,12,0.4800000000000001
4.299999999999967,1.8188997209272765e-99,12,0.4800000000000001
4.349999999999966,4.692550010901665e-102,12,0.4800000000000001
4.399999999999967,1.1175480491154799e-104,12,0.4800000000000001
4.449999999999967,2.4568607239861416e-107,12,0.4800000000000001
4.499999999999966,4.985994788810399e-110,12,0.4800000000000001
4.549999999999965,9.340711907533026e-113,12,0.4800000000000001
4.599999999999966,1.615343711306564e-115,12,0.4800000000000001
4.649999999999967,2.5787347283528583e-118,12,0.4800000000000001
4.6999999999999655,3.8001881753558017e-121,12,0.4800000000000001
4.7499999999999645,5.1696388611726755e-124,12,0.4800000000000001
4.799999999999965,6.491901840276424e-127,12,0.4800000000000001
4.849999999999966,7.525585443776865e-130,12,0.4800000000000001
4.899999999999965,8.053139463641888e-133,12,0.4800000000000001
4.949999999999964,7.955119563313088e-136,12,0.4800000000000001
4.9999999999999645,7.254120187442471e-139,12,0.4800000000000001
-5.0,3.630115624439061e-139,13,0.5200000000000001
-4.95,4.02656973485442e-133,13,0.5200000000000001
-4.9,3.762796699427623e-130,13,0.5200000000000001
-4.8500000000000005,3.2459549466924445e-127,13,0.5200000000000001
-4.800000000000001,2.5848231933665705e-124,13,0.5200000000000001
-4.750000000000001,1.9000973336199646e-121,13,0.5200000000000001
-4.700000000000001,1.2893699489900698e-118,13,0.5200000000000001
-4.650000000000001,8.076737557436967e-116,13,0.5200000000000001
-4.600000000000001,4.67036884741865e-113,13,0.5200000000000001
-4.550000000000002,2.493005471112703e-110,13,0.5200000000000001
-4.500000000000002,1.2284350323437875e-107,13,0.5200000000000001
-4.450000000000002,5.587765175527203e-105,13,0.5200000000000001
-4.400000000000002,2.3462872897441826e-102,13,0.5200000000000001
-4.350000000000002,9.094554482000583e-100,13,0.5200000000000001
-4.3000000000000025,3.2541607411481963e-97,13,0.5200000000000001
-4.250000000000003,1.0748653413965697e-94,13,0.5200000000000001
-4.200000000000003,3.2773798894487016e-92,13,0.5200000000000001
-4.150000000000003,9.224809131477233e-90,13,0.5200000000000001
-4.100000000000003,2.396879067424337e-87,13,0.5200000000000001
-4.050000000000003,5.749012831953478e-85,13,0.5200000000000001
-4.0000000000000036,1.2729143977953215e-82,13,0.5200000000000001
-3.9500000000000037,2.601742360858489e-80,13,0.5200000000000001
-3.900000000000004,4.9089546386589305e-78,13,0.5200000000000001
-3.850000000000004,8.550154190367004e-76,13,0.5200000000000001
-3.8000000000000043,1.3747373199094262e-73,13,0.5200000000000001
-3.7500000000000044,2.040455421544975e-71,13,0.5200000000000001
-3.7000000000000046,2.795741473102662e-69,13,0.5200000000000001
-3.650000000000005,3.5361482882799896e-67,13,0.5200000000000001
-3.600000000000005,4.128846388514222e-65,13,0.5200000000000001
-3.550000000000005,4.4503403691886917e-63,13,0.5200000000000001
-3.5000000000000053,4.4281841768798704e-61,13,0.5200000000000001
-3.4500000000000055,4.067504703761161e-59,13,0.5200000000000001
-3.4000000000000057,3.44907574533891e-57,13,0.5200000000000001
-3.350000000000006,2.699929508561717e-55,13,0.5200000000000001
-3.300000000000006,1.9511037537264794e-53,13,0.5200000000000001
-3.250000000000006,1.3016383223995582e-51,13,0.5200000000000001
-3.2000000000000064,8.016535908619785e-50,13,0.5200000000000001
-3.1500000000000066,4.558005116494548e-48,13,0.5200000000000001
-3.1000000000000068,2.392547776235833e-46,13,0.5200000000000001
-3.050000000000007,1.1594481170478825e-44,13,0.5200000000000001
-3.000000000000007,5.187466302055292e-43,13,0.5200000000000001
-2.9500000000000073,2.14280349748044e-41,13,0.5200000000000001
-2.9000000000000075,8.172294410990269e-40,13,0.5200000000000001
-2.8500000000000076,2.8777545406507237e-38,13,0.5200000000000001
-2.800000000000008,9.35680067587766e-37,13,0.5200000000000001
-2.750000000000008,2.8092047708363965e-35,13,0.5200000000000001
-2.700000000000008,7.78831425830799e-34,13,0.5200000000000001
-2.6500000000000083,1.9940357252263075e-32,13,0.5200000000000001
-2.6000000000000085,4.714997303947359e-31,13,0.5200000000000001
-2.5500000000000087,1.0297307118205296e-29,13,0.5200000000000001
-2.500000000000009,2.0773040723131016e-28,13,0.5200000000000001
-2.450000000000009,3.8713098105243456e-27,13,0.5200000000000001
-2.4000000000000092,6.665801062176294e-26,13,0.5200000000000001
-2.3500000000000094,1.0605900354780332e-24,13,0.5200000000000001
-2.3000000000000096,1.5596179464301687e-23,13,0.5200000000000001
-2.2500000000000098,2.1200748909841457e-22,13,0.5200000000000001
-2.20000000000001,2.6646929724401315e-21,13,0.5200000000000001
-2.15000000000001,3.09758141666414e-20,13,0.5200000000000001
-2.1000000000000103,3.331290748935255e-19,13,0.5200000000000001
-2.0500000000000105,3.3156736420358102e-18,13,0.5200000000000001
-2.0000000000000107,3.0554748220560385e-17,13,0.5200000000000001
-1.9500000000000108,2.608179230555986e-16,13,0.5200000000000001
-1.900000000000011,2.0633870875132185e-15,13,0.5200000000000001
-1.8500000000000112,1.5138150598270843e-14,13,0.5200000000000001
-1.8000000000000114,1.0306526885106097e-13,13,0.5200000000000001
-1.7500000000000115,6.516804093573849e-13,13,0.5200000000000001
-1.7000000000000117,3.830135941462083e-12,13,0.5200000000000001
-1.650000000000012,2.0944301662478282e-11,13,0.5200000000000001
-1.600000000000012,1.0667093960247716e-10,13,0.5200000000000001
-1.5500000000000123,5.065851231901929e-10,13,0.5200000000000001
-1.5000000000000124,2.2460629375329415e-09,13,0.5200000000000001
-1.4500000000000126,9.309529245119102e-09,13,0.5200000000000001
-1.4000000000000128,3.6122057117143326e-08,13,0.5200000000000001
-1.350000000000013,1.313944810092014e-07,13,0.5200000000000001
-1.3000000000000131,4.4870670100569455e-07,13,0.5200000000000001
-1.2500000000000133,1.4405288905195747e-06,13,0.5200000000000001
-1.2000000000000135,4.352956216963223e-06,13,0.5200000000000001
-1.1500000000000137,1.2392952499517696e-05,13,0.5200000000000001
-1.1000000000000139,3.326497538600805e-05,13,0.5200000000000001
-1.050000000000014,8.421456655240113e-05,13,0.5200000000000001
-1.0000000000000142,0.0002011214134827531,13,0.5200000000000001
-0.9500000000000144,0.00045318592666219413,13,0.5200000000000001
-0.9000000000000146,0.0009637850450951315,13,0.5200000000000001
-0.8500000000000147,0.0019356321979216954,13,0.5200000000000001
-0.8000000000000149,0.003674640751379549,13,0.5200000000000001
-0.7500000000000151,0.006603200496417491,13,0.5200000000000001
-0.7000000000000153,0.011252402065679356,13,0.5200000000000001
-0.6500000000000155,0.018226710717549603,13,0.5200000000000001
-0.6000000000000156,0.028143277802125822,13,0.5200000000000001
-0.5500000000000158,0.04155843468421697,13,0.5200000000000001
-0.500000000000016,0.058900370403797475,13,0.5200000000000001
-0.45000000000001616,0.08042456405307012,13,0.5200000000000001
-0.40000000000001634,0.10620078003106528,13,0.5200000000000001
-0.3500000000000165,0.1361292837735983,13,0.5200000000000001
-0.3000000000000167,0.1699756905721775,13,0.5200000000000001
-0.2500000000000169,0.20741359334305554,13,0.5200000000000001
-0.20000000000001705,0.24806496300558384,13,0.5200000000000001
-0.15000000000001723,0.2915275265476759,13,0.5200000000000001
-0.10000000000001741,0.3374007811474504,13,0.5200000000000001
-0.050000000000017586,0.3852787637467593,13,0.5200000000000001
-1.7763568394002505e-14,0.43475624992272816,13,0.5200000000000001
0.04999999999998206,0.4853729237254282,13,0.5200000000000001
0.09999999999998188,0.5365386481026395,13,0.5200000000000001
0.1499999999999817,0.5873393626984876,13,0.5200000000000001
0.19999999999998153,0.6360114406192645,13,0.5200000000000001
0.24999999999998135,0.678924068764595,13,0.5200000000000001
0.29999999999998117,0.7078920406452011,13,0.5200000000000001
0.349999999999981,0.7065454262393185,13,0.5200000000000001
0.3999999999999808,0.6503851479895257,13,0.5200000000000001
0.44999999999998064,0.5262990939377085,13,0.5200000000000001
0.49999999999998046,0.3613184611600942,13,0.5200000000000001
0.5499999999999803,0.2104092692188952,13,0.5200000000000001
0.5999999999999801,0.10816512141012256,13,0.5200000000000001
0.6499999999999799,0.051974296541947074,13,0.5200000000000001
0.6999999999999797,0.02444762374412543,13,0.5200000000000001
0.7499999999999796,0.011500296100812735,13,0.5200000000000001
0.7999999999999794,0.005406216919123487,13,0.5200000000000001
0.8499999999999792,0.002514209680806714,13,0.5200000000000001
0.899999999999979,0.0011442494501161429,13,0.5200000000000001
0.9499999999999789,0.0005050716289693914,13,0.5200000000000001
0.9999999999999787,0.00021470871874448632,13,0.5200000000000001
1.0499999999999785,8.742036949168264e-05,13,0.5200000000000001
1.0999999999999783,3.3940071916798265e-05,13,0.5200000000000001
1.1499999999999782,1.2518829750380293e-05,13,0.5200000000000001
1.199999999999978,4.373597060635111e-06,13,0.5200000000000001
1.2499999999999778,1.443488122912954e-06,13,0.5200000000000001
1.2999999999999776,4.4907580691046944e-07,13,0.5200000000000001
1.3499999999999774,1.3143436892134854e-07,13,0.5200000000000001
1.3999999999999773,3.6125779055763e-08,13,0.5200000000000001
1.449999999999977,9.309828291430065e-09,13,0.5200000000000001
1.499999999999977,2.2460835816090143e-09,13,0.5200000000000001
1.5499999999999767,5.065863455167433e-10,13,0.5200000000000001
1.5999999999999766,1.066710015926872e-10,13,0.5200000000000001
1.6499999999999764,2.0944304352417716e-11,13,0.5200000000000001
1.6999999999999762,3.830136041253859e-12,13,0.5200000000000001
1.749999999999976,6.516804125208375e-13,13,0.5200000000000001
1.7999999999999758,1.0306526893679078e-13,13,0.5200000000000001
1.8499999999999757,1.5138150600269122e-14,13,0.5200000000000001
1.8999999999999755,2.063387087555169e-15,13,0.5200000000000001
1.9499999999999753,2.608179230566443e-16,13,0.5200000000000001
1.9999999999999751,3.055474822061716e-17,13,0.5200000000000001
2.049999999999975,3.315673642041248e-18,13,0.5200000000000001
2.0999999999999748,3.3312907489407973e-19,13,0.5200000000000001
2.1499999999999746,3.097581416669454e-20,13,0.5200000000000001
2.1999999999999744,2.66469297244485e-21,13,0.5200000000000001
2.2499999999999742,2.1200748909880173e-22,13,0.5200000000000001
2.299999999999974,1.5596179464331042e-23,13,0.5200000000000001
2.349999999999974,1.0605900354800889e-24,13,0.5200000000000001
2.3999999999999737,6.665801062189587e-26,13,0.5200000000000001
2.4499999999999735,3.871309810532283e-27,13,0.5200000000000001
2.4999999999999734,2.077304072317478e-28,13,0.5200000000000001
2.549999999999973,1.029730711822757e-29,13,0.5200000000000001
2.599999999999973,4.714997303957822e-31,13,0.5200000000000001
2.649999999999973,1.9940357252308453e-32,13,0.5200000000000001
2.6999999999999726,7.788314258326155e-34,13,0.5200000000000001
2.7499999999999725,2.809204770843108e-35,13,0.5200000000000001
2.7999999999999723,9.356800675900542e-37,13,0.5200000000000001
2.849999999999972,2.8777545406579235e-38,13,0.5200000000000001
2.899999999999972,8.172294411011182e-40,13,0.5200000000000001
2.9499999999999718,2.1428034974860448e-41,13,0.5200000000000001
2.9999999999999716,5.187466302069151e-43,13,0.5200000000000001
3.0499999999999723,1.1594481170510463e-44,13,0.5200000000000001
3.0999999999999712,2.3925477762424978e-46,13,0.5200000000000001
3.14999999999997,4.558005116507505e-48,13,0.5200000000000001
3.199999999999971,8.01653590864303e-50,13,0.5200000000000001
3.2499999999999716,1.301638322403406e-51,13,0.5200000000000001
3.2999999999999705,1.9511037537323582e-53,13,0.5200000000000001
3.3499999999999694,2.6999295085700048e-55,13,0.5200000000000001
3.39999999999997,3.4490757453496934e-57,13,0.5200000000000001
3.449999999999971,4.067504703774108e-59,13,0.5200000000000001
3.49999999999997,4.428184176894218e-61,13,0.5200000000000001
3.5499999999999687,4.4503403692033645e-63,13,0.5200000000000001
3.5999999999999694,4.128846388528069e-65,13,0.5200000000000001
3.64999999999997,3.5361482882920506e-67,13,0.5200000000000001
3.699999999999969,2.795741473112118e-69,13,0.5200000000000001
3.749999999999968,2.0404554215521654e-71,13,0.5200000000000001
3.7999999999999687,1.3747373199145054e-73,13,0.5200000000000001
3.8499999999999694,8.550154190398108e-76,13,0.5200000000000001
3.8999999999999684,4.908954638676648e-78,13,0.5200000000000001
3.9499999999999673,2.6017423608682496e-80,13,0.5200000000000001
3.999999999999968,1.2729143978002781e-82,13,0.5200000000000001
4.049999999999969,5.749012831975701e-85,13,0.5200000000000001
4.099999999999968,2.3968790674334646e-87,13,0.5200000000000001
4.149999999999967,9.224809131513939e-90,13,0.5200000000000001
4.199999999999967,3.2773798894622065e-92,13,0.5200000000000001
4.249999999999968,1.0748653414009688e-94,13,0.5200000000000001
4.299999999999967,3.2541607411614224e-97,13,0.5200000000000001
4.349999999999966,9.094554482038838e-100,13,0.5200000000000001
4.399999999999967,2.346287289754452e-102,13,0.5200000000000001
4.449999999999967,5.5877651755513435e-105,13,0.5200000000000001
4.499999999999966,1.2284350323490245e-107,13,0.5200000000000001
4.549999999999965,2.493005471123756e-110,13,0.5200000000000001
4.599999999999966,4.670368847440155e-113,13,0.5200000000000001
4.649999999999967,8.076737557473696e-116,13,0.5200000000000001
4.6999999999999655,1.2893699489958597e-118,13,0.5200000000000001
4.7499999999999645,1.900097333628821e-121,13,0.5200000000000001
4.799999999999965,2.58482319337906e-124,13,0.5200000000000001
4.849999999999966,3.245954946707944e-127,13,0.5200000000000001
4.899999999999965,3.762796699448214e-130,13,0.5200000000000001
4.949999999999964,4.026573358881038e-133,13,0.5200000000000001
4.9999999999999645,3.977562837187262e-136,13,0.5200000000000001
-5.0,1.9905964764058505e-136,14,0.56
-4.95,1.8813983515288692e-130,14,0.56
-4.9,1.6229794866310897e-127,14,0.56
-4.8500000000000005,1.292413478081635e-124,14,0.56
-4.800000000000001,9.500502897874556e-122,14,0.56
-4.750000000000001,6.446862669066315e-119,14,0.56
-4.700000000000001,4.0383782792051517e-116,14,0.56
-4.650000000000001,2.33519087055907e-113,14,0.56
-4.600000000000001,1.2465067739251303e-110,14,0.56
-4.550000000000002,6.142198513563174e-108,14,0.56
-4.500000000000002,2.793895052790957e-105,14,0.56
-4.450000000000002,1.173149787047253e-102,14,0.56
-4.400000000000002,4.5473051798261694e-100,14,0.56
-4.350000000000002,1.6270921020105467e-97,14,0.56
-4.3000000000000025,5.374372179755258e-95,14,0.56
-4.250000000000003,1.6387062155280567e-92,14,0.56
-4.200000000000003,4.612458309005687e-90,14,0.56
-4.150000000000003,1.1984559206116156e-87,14,0.56
-4.100000000000003,2.874552540022396e-85,14,0.56
-4.050000000000003,6.364691832929979e-83,14,0.56
-4.0000000000000036,1.3008999254934042e-80,14,0.56
-3.9500000000000037,2.454540965049355e-78,14,0.56
-3.900000000000004,4.275207182301545e-76,14,0.56
-3.850000000000004,6.873932047279064e-74,14,0.56
-3.8000000000000043,1.0202704615434393e-71,14,0.56
-3.7500000000000044,1.3979394734173264e-69,14,0.56
-3.7000000000000046,1.768176166911072e-67,14,0.56
-3.650000000000005,2.064562981330766e-65,14,0.56
-3.600000000000005,2.22534699200876e-63,14,0.56
-3.550000000000005,2.214298530759361e-61,14,0.56
-3.5000000000000053,2.03397486889904e-59,14,0.56
-3.4500000000000055,1.724759281878299e-57,14,0.56
-3.4000000000000057,1.3501681295160465e-55,14,0.56
-3.350000000000006,9.757243306505067e-54,14,0.56
-3.300000000000006,6.509541576752072e-52,14,0.56
-3.250000000000006,4.009243506186756e-50,14,0.56
-3.2000000000000064,2.2796533774084735e-48,14,0.56
-3.1500000000000066,1.1966747149133475e-46,14,0.56
-3.1000000000000068,5.79951958779766e-45,14,0.56
-3.050000000000007,2.594929424915764e-43,14,0.56
-3.000000000000007,1.071981472798744e-41,14,0.56
-2.9500000000000073,4.088740938646162e-40,14,0.56
-2.9000000000000075,1.4399486720741021e-38,14,0.56
-2.8500000000000076,4.682486485144325e-37,14,0.56
-2.800000000000008,1.4060412626885237e-35,14,0.56
-2.750000000000008,3.8988355294919344e-34,14,0.56
-2.700000000000008,9.98422464998572e-33,14,0.56
-2.6500000000000083,2.3613928091028336e-31,14,0.56
-2.6000000000000085,5.15862373772878e-30,14,0.56
-2.5500000000000087,1.0410095348085245e-28,14,0.56
-2.500000000000009,1.9408035588212754e-27,14,0.56
-2.450000000000009,3.3432870514497127e-26,14,0.56
-2.4000000000000092,5.322306726442788e-25,14,0.56
-2.3500000000000094,7.831418737461725e-24,14,0.56
-2.3000000000000096,1.065340395669463e-22,14,0.56
-2.2500000000000098,1.3401445759522165e-21,14,0.56
-2.20000000000001,1.5593910827869908e-20,14,0.56
-2.15000000000001,1.6789688393298282e-19,14,0.56
-2.1000000000000103,1.6733247281012257e-18,14,0.56
-2.0500000000000105,1.5443938647726955e-17,14,0.56
-2.0000000000000107,1.3206679834881717e-16,14,0.56
-1.9500000000000108,1.0469709178668887e-15,14,0.56
-1.900000000000011,7.699484260663174e-15,14,0.56
-1.8500000000000112,5.256432796928497e-14,14,0.56
-1.8000000000000114,3.33409279977743e-13,14,0.56
-1.7500000000000115,1.9666006051536402e-12,14,0.56
-1.7000000000000117,1.0797991035830186e-11,14,0.56
-1.650000000000012,5.525053776969682e-11,14,0.56
-1.600000000000012,2.6376471237509767e-10,14,0.56
-1.5500000000000123,1.1763669375610255e-09,14,0.56
-1.5000000000000124,4.908057166872506e-09,14,0.56
-1.4500000000000126,1.9184059767386493e-08,14,0.56
-1.4000000000000128,7.035200169159178e-08,14,0.56
-1.350000000000013,2.4241433905483885e-07,14,0.56
-1.3000000000000131,7.85961274192593e-07,14,0.56
-1.2500000000000133,2.400827709606434e-06,14,0.56
-1.2000000000000135,6.9167103929890005e-06,14,0.56
-1.1500000000000137,1.8808748279413716e-05,14,0.56
-1.1000000000000139,4.830237182436982e-05,14,0.56
-1.050000000000014,0.0001171853257815058,14,0.56
-1.0000000000000142,0.00026866058952911665,14,0.56
-0.9500000000000144,0.0005822755429309048,14,0.56
-0.9000000000000146,0.0011937008033876435,14,0.56
-0.8500000000000147,0.00231669807762963,14,0.56
-0.8000000000000149,0.004261445230211542,14,0.56
-0.7500000000000151,0.007440898695010251,14,0.56
-0.7000000000000153,0.012357233461626477,14,0.56
-0.6500000000000155,0.019564754427262604,14,0.56
-0.6000000000000156,0.02961359459891907,14,0.56
-0.5500000000000158,0.04298638219331027,14,0.56
-0.500000000000016,0.06004329796669874,14,0.56
-0.45000000000001616,0.08098870480833094,14,0.56
-0.40000000000001634,0.10586430963381692,14,0.56
-0.3500000000000165,0.13456560936036502,14,0.56
-0.3000000000000167,0.1668735951977738,14,0.56
-0.2500000000000169,0.20249142869178605,14,0.56
-0.20000000000001705,0.24107697993906022,14,0.56
-0.15000000000001723,0.2822722598269275,14,0.56
-0.10000000000001741,0.3257128597353725,14,0.56
-0.050000000000017586,0.37104377358949653,14,0.56
-1.7763568394002505e-14,0.4178964138777859,14,0.56
0.04999999999998206,0.465875304200497,14,0.56
0.09999999999998188,0.5144800128340988,14,0.56
0.1499999999999817,0.5629476780227952,14,0.56
0.19999999999998153,0.6099376428969798,14,0.56
0.24999999999998135,0.652631622910186,14,0.56
0.29999999999998117,0.6850810378635912,14,0.56
0.349999999999981,0.6947606544140573,14,0.56
0.3999999999999808,0.6608654007005229,14,0.56
0.44999999999998064,0.5643417666448617,14,0.56
0.49999999999998046,0.4148979167195865,14,0.56
0.5499999999999803,0.2585120586621948,14,0.56
0.5999999999999801,0.139505929494861,14,0.56
0.6499999999999799,0.06852677401371043,14,0.56
0.6999999999999797,0.032251110459504684,14,0.56
0.7499999999999796,0.015040612156696,14,0.56
0.7999999999999794,0.0070324400028271864,14,0.56
0.8499999999999792,0.00328081675953432,14,0.56
0.899999999999979,0.0015108538854817872,14,0.56
0.9499999999999789,0.0006797317258243518,14,0.56
0.9999999999999787,0.0002962954902364146,14,0.56
1.0499999999999785,0.0001243333849117269,14,0.56
1.0999999999999783,4.9971096741012214e-05,14,0.56
1.1499999999999782,1.9157061048742782e-05,14,0.56
1.199999999999978,6.981189864134695e-06,14,0.56
1.2499999999999778,2.4113402191092236e-06,14,0.56
1.2999999999999776,7.874616591937448e-07,14,0.56
1.3499999999999774,2.426008330559179e-07,14,0.56
1.3999999999999773,7.037210204405339e-08,14,0.56
1.449999999999977,1.9185931578691412e-08,14,0.56
1.499999999999977,4.908207335756659e-09,14,0.56
1.5499999999999767,1.1763772926075534e-09,14,0.56
1.5999999999999766,2.6376532498581873e-10,14,0.56
1.6499999999999764,5.525056881924334e-11,14,0.56
1.6999999999999762,1.0797992382556924e-11,14,0.56
1.749999999999976,1.9666006550982567e-12,14,0.56
1.7999999999999758,3.3340928156063816e-13,14,0.56
1.8499999999999757,5.2564328012175105e-14,14,0.56
1.8999999999999755,7.69948426166293e-15,14,0.56
1.9499999999999753,1.046970917887894e-15,14,0.56
1.9999999999999751,1.320667983493428e-16,14,0.56
2.049999999999975,1.544393864775562e-17,14,0.56
2.0999999999999748,1.6733247281039712e-18,14,0.56
2.1499999999999746,1.678968839332623e-19,14,0.56
2.1999999999999744,1.559391082789667e-20,14,0.56
2.2499999999999742,1.3401445759545905e-21,14,0.56
2.299999999999974,1.065340395671409e-22,14,0.56
2.349999999999974,7.831418737476469e-24,14,0.56
2.3999999999999737,5.322306726453106e-25,14,0.56
2.4499999999999735,3.343287051456381e-26,14,0.56
2.4999999999999734,1.9408035588252552e-27,14,0.56
2.549999999999973,1.041009534810718e-28,14,0.56
2.599999999999973,5.158623737739939e-30,14,0.56
2.649999999999973,2.361392809108074e-31,14,0.56
2.6999999999999726,9.984224650008441e-33,14,0.56
2.7499999999999725,3.898835529501028e-34,14,0.56
2.7999999999999723,1.4060412626918828e-35,14,0.56
2.849999999999972,4.682486485155777e-37,14,0.56
2.899999999999972,1.4399486720777046e-38,14,0.56
2.9499999999999718,4.0887409386566256e-40,14,0.56
2.9999999999999716,1.0719814728015479e-41,14,0.56
3.0499999999999723,2.5949294249226965e-43,14,0.56
3.0999999999999712,5.799519587813486e-45,14,0.56
3.14999999999997,1.196674714916681e-46,14,0.56
3.199999999999971,2.2796533774149542e-48,14,0.56
3.2499999999999716,4.0092435061983814e-50,14,0.56
3.2999999999999705,6.509541576771315e-52,14,0.56
3.3499999999999694,9.757243306534465e-54,14,0.56
3.39999999999997,1.350168129520191e-55,14,0.56
3.449999999999971,1.7247592818836913e-57,14,0.56
3.49999999999997,2.0339748689055143e-59,14,0.56
3.5499999999999687,2.2142985307665357e-61,14,0.56
3.5999999999999694,2.225346992016097e-63,14,0.56
3.64999999999997,2.06456298133769e-65,14,0.56
3.699999999999969,1.768176166917103e-67,14,0.56
3.749999999999968,1.3979394734220547e-69,14,0.56
3.7999999999999687,1.0202704615470348e-71,14,0.56
3.8499999999999694,6.873932047304461e-74,14,0.56
3.8999999999999684,4.2752071823170976e-76,14,0.56
3.9499999999999673,2.454540965058214e-78,14,0.56
3.999999999999968,1.3008999254982848e-80,14,0.56
4.049999999999969,6.3646918329547624e-83,14,0.56
4.099999999999968,2.874552540033508e-85,14,0.56
4.149999999999967,1.1984559206161795e-87,14,0.56
4.199999999999967,4.612458309024039e-90,14,0.56
4.249999999999968,1.638706215534809e-92,14,0.56
4.299999999999967,5.3743721797772546e-95,14,0.56
4.349999999999966,1.62709210201716e-97,14,0.56
4.399999999999967,4.547305179845297e-100,14,0.56
4.449999999999967,1.1731497870523878e-102,14,0.56
4.499999999999966,2.793895052803027e-105,14,0.56
4.549999999999965,6.14219851358936e-108,14,0.56
4.599999999999966,1.2465067739306568e-110,14,0.56
4.649999999999967,2.3351908705698224e-113,14,0.56
4.6999999999999655,4.038378279223516e-116,14,0.56
4.7499999999999645,6.446862669095266e-119,14,0.56
4.799999999999965,9.500502897918839e-122,14,0.56
4.849999999999966,1.2924134780878797e-124,14,0.56
4.899999999999965,1.6229794866406515e-127,14,0.56
4.949999999999964,1.8814003385055255e-130,14,0.56
4.9999999999999645,2.0132884944983313e-133,14,0.56
-5.0,1.0076395454873685e-133,15,0.6000000000000001
-4.95,8.11489744310843e-128,15,0.6000000000000001
-4.9,6.462076797399932e-125,15,0.6000000000000001
-4.8500000000000005,4.750259563834711e-122,15,0.6000000000000001
-4.800000000000001,3.223437796600548e-119,15,0.6000000000000001
-4.750000000000001,2.0191938898540248e-116,15,0.6000000000000001
-4.700000000000001,1.1675986587108696e-113,15,0.6000000000000001
-4.650000000000001,6.2325540615170475e-111,15,0.6000000000000001
-4.600000000000001,3.07111093273594e-108,15,0.6000000000000001
-4.550000000000002,1.3969537589293482e-105,15,0.6000000000000001
-4.500000000000002,5.865779646228833e-103,15,0.6000000000000001
-4.450000000000002,2.2736665593883487e-100,15,0.6000000000000001
-4.400000000000002,8.135519167542086e-98,15,0.6000000000000001
-4.350000000000002,2.6872088264035283e-95,15,0.6000000000000001
-4.3000000000000025,8.193612432245384e-93,15,0.6000000000000001
-4.250000000000003,2.306256026363742e-90,15,0.6000000000000001
-4.200000000000003,5.992361538368854e-88,15,0.6000000000000001
-4.150000000000003,1.437299332302743e-85,15,0.6000000000000001
-4.100000000000003,3.18240583926102e-83,15,0.6000000000000001
-4.050000000000003,6.504643355094022e-81,15,0.6000000000000001
-4.0000000000000036,1.2273023059838423e-78,15,0.6000000000000001
-3.9500000000000037,2.137668636147047e-76,15,0.6000000000000001
-3.900000000000004,3.4370887506877846e-74,15,0.6000000000000001
-3.850000000000004,5.101566068076311e-72,15,0.6000000000000001
-3.8000000000000043,6.990041063688995e-70,15,0.6000000000000001
-3.7500000000000044,8.841390969786132e-68,15,0.6000000000000001
-3.7000000000000046,1.0323513876390539e-65,15,0.6000000000000001
-3.650000000000005,1.1127619048127255e-63,15,0.6000000000000001
-3.600000000000005,1.1072524935287471e-61,15,0.6000000000000001
-3.550000000000005,1.0170987017991205e-59,15,0.6000000000000001
-3.5000000000000053,8.624903558656874e-58,15,0.6000000000000001
-3.4500000000000055,6.751857635014682e-56,15,0.6000000000000001
-3.4000000000000057,4.8794840328934726e-54,15,0.6000000000000001
-3.350000000000006,3.255445872440794e-52,15,0.6000000000000001
-3.300000000000006,2.005109615258703e-50,15,0.6000000000000001
-3.250000000000006,1.1401521657830743e-48,15,0.6000000000000001
-3.2000000000000064,5.985378196319831e-47,15,0.6000000000000001
-3.1500000000000066,2.900899620587535e-45,15,0.6000000000000001
-3.1000000000000068,1.2980630498153385e-43,15,0.6000000000000001
-3.050000000000007,5.362807123787619e-42,15,0.6000000000000001
-3.000000000000007,2.045667934035539e-40,15,0.6000000000000001
-2.9500000000000073,7.205103267734504e-39,15,0.6000000000000001
-2.9000000000000075,2.3432876130414858e-37,15,0.6000000000000001
-2.8500000000000076,7.037406056802988e-36,15,0.6000000000000001
-2.800000000000008,1.9517590079885395e-34,15,0.6000000000000001
-2.750000000000008,4.999142531306302e-33,15,0.6000000000000001
-2.700000000000008,1.1826458223161628e-31,15,0.6000000000000001
-2.6500000000000083,2.584303981189383e-30,15,0.6000000000000001
-2.6000000000000085,5.216854638088137e-29,15,0.6000000000000001
-2.5500000000000087,9.729810912795022e-28,15,0.6000000000000001
-2.500000000000009,1.676848573398899e-26,15,0.6000000000000001
-2.450000000000009,2.6708573810155005e-25,15,0.6000000000000001
-2.4000000000000092,3.9324258039881115e-24,15,0.6000000000000001
-2.3500000000000094,5.35331351197953e-23,15,0.6000000000000001
-2.3000000000000096,6.739879973448392e-22,15,0.6000000000000001
-2.2500000000000098,7.850222433718428e-21,15,0.6000000000000001
-2.20000000000001,8.461851425446751e-20,15,0.6000000000000001
-2.15000000000001,8.444593194645478e-19,15,0.6000000000000001
-2.1000000000000103,7.805917765829968e-18,15,0.6000000000000001
-2.0500000000000105,6.68700615384592e-17,15,0.6000000000000001
-2.0000000000000107,5.312074282573076e-16,15,0.6000000000000001
-1.9500000000000108,3.915775529505984e-15,15,0.6000000000000001
-1.900000000000011,2.680564944357538e-14,15,0.6000000000000001
-1.8500000000000112,1.7055438211918087e-13,15,0.6000000000000001
-1.8000000000000114,1.0095824665606896e-12,15,0.6000000000000001
-1.7500000000000115,5.565700157880668e-12,15,0.6000000000000001
-1.7000000000000117,2.860856918681548e-11,15,0.6000000000000001
-1.650000000000012,1.3728135169157288e-10,15,0.6000000000000001
-1.600000000000012,6.158087373892038e-10,15,0.6000000000000001
-1.5500000000000123,2.585910934819911e-09,15,0.6000000000000001
-1.5000000000000124,1.0180213279144898e-08,15,0.6000000000000001
-1.4500000000000126,3.7630028444169125e-08,15,0.6000000000000001
-1.4000000000000128,1.3079918773177595e-07,15,0.6000000000000001
-1.350000000000013,4.281565153849483e-07,15,0.6000000000000001
-1.3000000000000131,1.3216198832888408e-06,15,0.6000000000000001
-1.2500000000000133,3.8513263889612895e-06,15,0.6000000000000001
-1.2000000000000135,1.0604718393502447e-05,15,0.6000000000000001
-1.1500000000000137,2.7609084053031173e-05,15,0.6000000000000001
-1.1000000000000139,6.799436130414642e-05,15,0.6000000000000001
-1.050000000000014,0.00015846751159809478,15,0.6000000000000001
-1.0000000000000142,0.0003496653718747419,15,0.6000000000000001
-0.9500000000000144,0.0007309101478392517,15,0.6000000000000001
-0.9000000000000146,0.001448481201245268,15,0.6000000000000001
-0.8500000000000147,0.0027242260180311757,15,0.6000000000000001
-0.8000000000000149,0.004868798409638638,15,0.6000000000000001
-0.7500000000000151,0.008282431085244,15,0.6000000000000001
-0.7000000000000153,0.01343734403265449,15,0.6000000000000001
-0.6500000000000155,0.020840561277023977,15,0.6000000000000001
-0.6000000000000156,0.030982558422632388,15,0.6000000000000001
-0.5500000000000158,0.04428279975367917,15,0.6000000000000001
-0.500000000000016,0.061045275250328275,15,0.6000000000000001
-0.45000000000001616,0.08143339291555245,15,0.6000000000000001
-0.40000000000001634,0.10546741050114891,15,0.6000000000000001
-0.3500000000000165,0.13304104347179818,15,0.6000000000000001
-0.3000000000000167,0.16394954393185265,15,0.6000000000000001
-0.2500000000000169,0.1979210248719555,15,0.6000000000000001
-0.20000000000001705,0.23464687426452482,15,0.6000000000000001
-0.15000000000001723,0.2738007684891251,15,0.6000000000000001
-0.10000000000001741,0.31505884605786544,15,0.6000000000000001
-0.050000000000017586,0.35809492765959533,15,0.6000000000000001
-1.7763568394002505e-14,0.40258627546612236,15,0.6000000000000001
0.04999999999998206,0.44817775918117025,15,0.6000000000000001
0.09999999999998188,0.49443743328617584,15,0.6000000000000001
0.1499999999999817,0.5407419789421495,15,0.6000000000000001
0.19999999999998153,0.5859860610602653,15,0.6000000000000001
0.24999999999998135,0.6280469203367792,15,0.6000000000000001
0.29999999999998117,0.6623432723222284,15,0.6000000000000001
0.349999999999981,0.6794918094014956,15,0.6000000000000001
0.3999999999999808,0.6623933579978607,15,0.6000000000000001
0.44999999999998064,0.5908022180190167,15,0.6000000000000001
0.49999999999998046,0.46175754167474375,15,0.6000000000000001
0.5499999999999803,0.3077375984940293,15,0.6000000000000001
0.5999999999999801,0.1759459294813606,15,0.6000000000000001
0.6499999999999799,0.08956287402485362,15,0.6000000000000001
0.6999999999999797,0.042677632833738814,15,0.6000000000000001
0.7499999999999796,0.019839911013861497,15,0.6000000000000001
0.7999999999999794,0.009203805709202862,15,0.6000000000000001
0.8499999999999792,0.004281081450740505,15,0.6000000000000001
0.899999999999979,0.0019823345873574458,15,0.6000000000000001
0.9499999999999789,0.0009040136655482492,15,0.6000000000000001
0.9999999999999787,0.0004021218706537371,15,0.6000000000000001
1.0499999999999785,0.00017315035227011838,15,0.6000000000000001
1.0999999999999783,7.174824133975796e-05,15,0.6000000000000001
1.1499999999999782,2.8476632977272972e-05,15,0.6000000000000001
1.199999999999978,1.0784272869611277e-05,15,0.6000000000000001
1.2499999999999778,3.884335385047431e-06,15,0.6000000000000001
1.2999999999999776,1.3269716772238683e-06,15,0.6000000000000001
1.3499999999999774,4.289170036476255e-07,15,0.6000000000000001
1.3999999999999773,1.308933940147175e-07,15,0.6000000000000001
1.449999999999977,3.7640155675533476e-08,15,0.6000000000000001
1.499999999999977,1.0181154508992704e-08,15,0.6000000000000001
1.5499999999999767,2.5859863351754243e-09,15,0.6000000000000001
1.5999999999999766,6.158139309895606e-10,15,0.6000000000000001
1.6499999999999764,1.3728165869807892e-10,15,0.6000000000000001
1.6999999999999762,2.860858473778055e-11,15,0.6000000000000001
1.749999999999976,5.565700832082078e-12,15,0.6000000000000001
1.7999999999999758,1.0095824915559887e-12,15,0.6000000000000001
1.8499999999999757,1.7055438291117276e-13,15,0.6000000000000001
1.8999999999999755,2.680564946503205e-14,15,0.6000000000000001
1.9499999999999753,3.9157755300061475e-15,15,0.6000000000000001
1.9999999999999751,5.312074282678249e-16,15,0.6000000000000001
2.049999999999975,6.687006153872339e-17,15,0.6000000000000001
2.0999999999999748,7.80591776584444e-18,15,0.6000000000000001
2.1499999999999746,8.444593194659339e-19,15,0.6000000000000001
2.1999999999999744,8.461851425460844e-20,15,0.6000000000000001
2.2499999999999742,7.850222433731905e-21,15,0.6000000000000001
2.299999999999974,6.739879973460335e-22,15,0.6000000000000001
2.349999999999974,5.353313511989311e-23,15,0.6000000000000001
2.3999999999999737,3.9324258039955164e-24,15,0.6000000000000001
2.4499999999999735,2.670857381020679e-25,15,0.6000000000000001
2.4999999999999734,1.676848573402244e-26,15,0.6000000000000001
2.549999999999973,9.729810912814976e-28,15,0.6000000000000001
2.599999999999973,5.21685463809913e-29,15,0.6000000000000001
2.649999999999973,2.584303981194974e-30,15,0.6000000000000001
2.6999999999999726,1.1826458223187876e-31,15,0.6000000000000001
2.7499999999999725,4.99914253131768e-33,15,0.6000000000000001
2.7999999999999723,1.951759007993092e-34,15,0.6000000000000001
2.849999999999972,7.037406056819803e-36,15,0.6000000000000001
2.899999999999972,2.3432876130472168e-37,15,0.6000000000000001
2.9499999999999718,7.205103267752531e-39,15,0.6000000000000001
2.9999999999999716,2.0456679340407743e-40,15,0.6000000000000001
3.0499999999999723,5.362807123801646e-42,15,0.6000000000000001
3.0999999999999712,1.2980630498188067e-43,15,0.6000000000000001
3.14999999999997,2.9008996205954504e-45,15,0.6000000000000001
3.199999999999971,5.985378196336505e-47,15,0.6000000000000001
3.2499999999999716,1.1401521657863157e-48,15,0.6000000000000001
3.2999999999999705,2.0051096152645175e-50,15,0.6000000000000001
3.3499999999999694,3.255445872450418e-52,15,0.6000000000000001
3.39999999999997,4.8794840329081744e-54,15,0.6000000000000001
3.449999999999971,6.7518576350354085e-56,15,0.6000000000000001
3.49999999999997,8.62490355868384e-58,15,0.6000000000000001
3.5499999999999687,1.017098701802358e-59,15,0.6000000000000001
3.5999999999999694,1.1072524935323348e-61,15,0.6000000000000001
3.64999999999997,1.1127619048163943e-63,15,0.6000000000000001
3.699999999999969,1.0323513876425161e-65,15,0.6000000000000001
3.749999999999968,8.841390969816287e-68,15,0.6000000000000001
3.7999999999999687,6.990041063712638e-70,15,0.6000000000000001
3.8499999999999694,5.101566068094289e-72,15,0.6000000000000001
3.8999999999999684,3.4370887507004835e-74,15,0.6000000000000001
3.9499999999999673,2.1376686361548237e-76,15,0.6000000000000001
3.999999999999968,1.2273023059882717e-78,15,0.6000000000000001
4.049999999999969,6.504643355118426e-81,15,0.6000000000000001
4.099999999999968,3.182405839273412e-83,15,0.6000000000000001
4.149999999999967,1.4372993323082994e-85,15,0.6000000000000001
4.199999999999967,5.992361538391674e-88,15,0.6000000000000001
4.249999999999968,2.3062560263729187e-90,15,0.6000000000000001
4.299999999999967,8.193612432279146e-93,15,0.6000000000000001
4.349999999999966,2.6872088264145265e-95,15,0.6000000000000001
4.399999999999967,8.135519167575152e-98,15,0.6000000000000001
4.449999999999967,2.2736665593979124e-100,15,0.6000000000000001
4.499999999999966,5.865779646254507e-103,15,0.6000000000000001
4.549999999999965,1.3969537589353832e-105,15,0.6000000000000001
4.599999999999966,3.071110932749033e-108,15,0.6000000000000001
4.649999999999967,6.23255406154468e-111,15,0.6000000000000001
4.6999999999999655,1.1675986587162457e-113,15,0.6000000000000001
4.7499999999999645,2.019193889863207e-116,15,0.6000000000000001
4.799999999999965,3.2234377966150235e-119,15,0.6000000000000001
4.849999999999966,4.7502595638568526e-122,15,0.6000000000000001
4.899999999999965,6.462076797441091e-125,15,0.6000000000000001
4.949999999999964,8.11490749964573e-128,15,0.6000000000000001
4.9999999999999645,9.40701164551001e-131,15,0.6000000000000001
-5.0,4.708544020482442e-131,16,0.6400000000000001
-4.95,3.2310384037381637e-125,16,0.6400000000000001
-4.9,2.3751338393660771e-122,16,0.6400000000000001
-4.8500000000000005,1.6117221293386727e-119,16,0.6400000000000001
-4.800000000000001,1.0095993200567944e-116,16,0.6400000000000001
-4.750000000000001,5.838009410743331e-114,16,0.6400000000000001
-4.700000000000001,3.116287126727973e-111,16,0.6400000000000001
-4.650000000000001,1.5355613043612636e-108,16,0.6400000000000001
-4.600000000000001,6.984799957417048e-106,16,0.6400000000000001
-4.550000000000002,2.93290517866908e-103,16,0.6400000000000001
-4.500000000000002,1.1368402644629689e-100,16,0.6400000000000001
-4.450000000000002,4.067788912669274e-98,16,0.6400000000000001
-4.400000000000002,1.3436157815345611e-95,16,0.6400000000000001
-4.350000000000002,4.09684689371853e-93,16,0.6400000000000001
-4.3000000000000025,1.153141449226003e-90,16,0.6400000000000001
-4.250000000000003,2.9962217372465883e-88,16,0.6400000000000001
-4.200000000000003,7.186611974315033e-86,16,0.6400000000000001
-4.150000000000003,1.5912328814382017e-83,16,0.6400000000000001
-4.100000000000003,3.2523935425136263e-81,16,0.6400000000000001
-4.050000000000003,6.136670650211175e-79,16,0.6400000000000001
-4.0000000000000036,1.068866841290299e-76,16,0.6400000000000001
-3.9500000000000037,1.7186057404591915e-74,16,0.6400000000000001
-3.900000000000004,2.550889917469963e-72,16,0.6400000000000001
-3.850000000000004,3.495192386282032e-70,16,0.6400000000000001
-3.8000000000000043,4.4209505631964695e-68,16,0.6400000000000001
-3.7500000000000044,5.162106440248453e-66,16,0.6400000000000001
-3.7000000000000046,5.564251593612117e-64,16,0.6400000000000001
-3.650000000000005,5.536778643337555e-62,16,0.6400000000000001
-3.600000000000005,5.086049889948009e-60,16,0.6400000000000001
-3.550000000000005,4.3130054055752016e-58,16,0.6400000000000001
-3.5000000000000053,3.3764373668582406e-56,16,0.6400000000000001
-3.4500000000000055,2.4401732616246693e-54,16,0.6400000000000001
-3.4000000000000057,1.6280605291021477e-52,16,0.6400000000000001
-3.350000000000006,1.0027987818309963e-50,16,0.6400000000000001
-3.300000000000006,5.702388551851592e-49,16,0.6400000000000001
-3.250000000000006,2.993691652967545e-47,16,0.6400000000000001
-3.2000000000000064,1.451019886376659e-45,16,0.6400000000000001
-3.1500000000000066,6.493307938174852e-44,16,0.6400000000000001
-3.1000000000000068,2.682854011704103e-42,16,0.6400000000000001
-3.050000000000007,1.0234829985426772e-40,16,0.6400000000000001
-3.000000000000007,3.605233037429146e-39,16,0.6400000000000001
-2.9500000000000073,1.1726666404877606e-37,16,0.6400000000000001
-2.9000000000000075,3.522305580035361e-36,16,0.6400000000000001
-2.8500000000000076,9.770511478007906e-35,16,0.6400000000000001
-2.800000000000008,2.5030899686815525e-33,16,0.6400000000000001
-2.750000000000008,5.922987906620757e-32,16,0.6400000000000001
-2.700000000000008,1.2946515618603445e-30,16,0.6400000000000001
-2.6500000000000083,2.614340548155649e-29,16,0.6400000000000001
-2.6000000000000085,4.877826976303458e-28,16,0.6400000000000001
-2.5500000000000087,8.410327140184936e-27,16,0.6400000000000001
-2.500000000000009,1.3402935959641477e-25,16,0.6400000000000001
-2.450000000000009,1.9745971448610502e-24,16,0.6400000000000001
-2.4000000000000092,2.690011042894842e-23,16,0.6400000000000001
-2.3500000000000094,3.3896021157441363e-22,16,0.6400000000000001
-2.3000000000000096,3.951877784419111e-21,16,0.6400000000000001
-2.2500000000000098,4.264625112590618e-20,16,0.6400000000000001
-2.20000000000001,4.2615477094913313e-19,16,0.6400000000000001
-2.15000000000001,3.945268140042218e-18,16,0.6400000000000001
-2.1000000000000103,3.3857260428961875e-17,16,0.6400000000000001
-2.0500000000000105,2.6950667301156873e-16,16,0.6400000000000001
-2.0000000000000107,1.991322795522218e-15,16,0.6400000000000001
-1.9500000000000108,1.36684284359162e-14,16,0.6400000000000001
-1.900000000000011,8.723507882433761e-14,16,0.6400000000000001
-1.8500000000000112,5.181940580019288e-13,16,0.6400000000000001
-1.8000000000000114,2.8681272699937348e-12,16,0.6400000000000001
-1.7500000000000115,1.4809075826524598e-11,16,0.6400000000000001
-1.7000000000000117,7.142352592096374e-11,16,0.6400000000000001
-1.650000000000012,3.2220865321232923e-10,16,0.6400000000000001
-1.600000000000012,1.3615961419221242e-09,16,0.6400000000000001
-1.5500000000000123,5.398010987615547e-09,16,0.6400000000000001
-1.5000000000000124,2.0107969407628095e-08,16,0.6400000000000001
-1.4500000000000126,7.048969710450227e-08,16,0.6400000000000001
-1.4000000000000128,2.3289323553416222e-07,16,0.6400000000000001
-1.350000000000013,7.262091895961707e-07,16,0.6400000000000001
-1.3000000000000131,2.1397385222937284e-06,16,0.6400000000000001
-1.2500000000000133,5.963146995721026e-06,16,0.6400000000000001
-1.2000000000000135,1.573005573523477e-05,16,0.6400000000000001
-1.1500000000000137,3.929863769420104e-05,16,0.6400000000000001
-1.1000000000000139,9.3033427887421e-05,16,0.6400000000000001
-1.050000000000014,0.00020880633806162033,16,0.6400000000000001
-1.0000000000000142,0.00044458700618027675,16,0.6400000000000001
-0.9500000000000144,0.0008986781201763904,16,0.6400000000000001
-0.9000000000000146,0.001726190647384593,16,0.6400000000000001
-0.8500000000000147,0.0031543183854092854,16,0.6400000000000001
-0.8000000000000149,0.005491093100180687,16,0.6400000000000001
-0.7500000000000151,0.009121699817806922,16,0.6400000000000001
-0.7000000000000153,0.014488350115202072,16,0.6400000000000001
-0.6500000000000155,0.022054079885291455,16,0.6400000000000001
-0.6000000000000156,0.03225635304341497,16,0.6400000000000001
-0.5500000000000158,0.04546059549568503,16,0.6400000000000001
-0.500000000000016,0.06192401010907295,16,0.6400000000000001
-0.45000000000001616,0.08177697306625269,16,0.6400000000000001
-0.40000000000001634,0.10502351384041009,16,0.6400000000000001
-0.3500000000000165,0.13155726156097186,16,0.6400000000000001
-0.3000000000000167,0.16118647160421679,16,0.6400000000000001
-0.2500000000000169,0.1936622685688589,16,0.6400000000000001
-0.20000000000001705,0.22870207093276626,16,0.6400000000000001
-0.15000000000001723,0.2660122759857547,16,0.6400000000000001
-0.10000000000001741,0.30529482479630116,16,0.6400000000000001
-0.050000000000017586,0.34625983421911977,16,0.6400000000000001
-1.7763568394002505e-14,0.38861007809855797,16,0.6400000000000001
0.04999999999998206,0.43203332112796167,16,0.6400000000000001
0.09999999999998188,0.4761521522685364,16,0.6400000000000001
0.1499999999999817,0.5204294895087599,16,0.6400000000000001
0.19999999999998153,0.5639862403686162,16,0.6400000000000001
0.24999999999998135,0.6051008773645282,16,0.6400000000000001
0.29999999999998117,0.6403161278892963,16,0.6400000000000001
0.349999999999981,0.6623550450942117,16,0.6400000000000001
0.3999999999999808,0.6576793853557619,16,0.6400000000000001
0.44999999999998064,0.6071844365215381,16,0.6400000000000001
0.49999999999998046,0.5001388745143864,16,0.6400000000000001
0.5499999999999803,0.35530434701654073,16,0.6400000000000001
0.5999999999999801,0.2159864204840976,16,0.6400000000000001
0.6499999999999799,0.1151388991089034,16,0.6400000000000001
0.6999999999999797,0.05622696978626833,16,0.6400000000000001
0.7499999999999796,0.026288053332422574,16,0.6400000000000001
0.7999999999999794,0.012135555114431016,16,0.6400000000000001
0.8499999999999792,0.005609226226103458,16,0.6400000000000001
0.899999999999979,0.0025960496416804523,16,0.6400000000000001
0.9499999999999789,0.0011929818186890665,16,0.6400000000000001
0.9999999999999787,0.0005387394608417851,16,0.6400000000000001
1.0499999999999785,0.00023696636683449208,16,0.6400000000000001
1.0999999999999783,0.00010081932664886879,16,0.6400000000000001
1.1499999999999782,4.1267263406603424e-05,16,0.6400000000000001
1.199999999999978,1.618064334727307e-05,16,0.6400000000000001
1.2499999999999778,6.0556451813550715e-06,16,0.6400000000000001
1.2999999999999776,2.1566291751658455e-06,16,0.6400000000000001
1.3499999999999774,7.289328843634432e-07,16,0.6400000000000001
1.3999999999999773,2.3327861617218244e-07,16,0.6400000000000001
1.449999999999977,7.053727766774003e-08,16,0.6400000000000001
1.499999999999977,2.011307128737325e-08,16,0.6400000000000001
1.5499999999999767,5.3984842406464686e-09,16,0.6400000000000001
1.5999999999999766,1.3616339982704475e-09,16,0.6400000000000001
1.6499999999999764,3.222112579393522e-10,16,0.6400000000000001
1.6999999999999762,7.142367976884355e-11,16,0.6400000000000001
1.749999999999976,1.4809083614831758e-11,16,0.6400000000000001
1.7999999999999758,2.868127607502815e-12,16,0.6400000000000001
1.8499999999999757,5.181940705107141e-13,16,0.6400000000000001
1.8999999999999755,8.723507922059527e-14,16,0.6400000000000001
1.9499999999999753,1.3668428446650082e-14,16,0.6400000000000001
1.9999999999999751,1.9913227957724385e-15,16,0.6400000000000001
2.049999999999975,2.695066730168347e-16,16,0.6400000000000001
2.0999999999999748,3.385726042909466e-17,16,0.6400000000000001
2.1499999999999746,3.9452681400495244e-18,16,0.6400000000000001
2.1999999999999744,4.261547709498329e-19,16,0.6400000000000001
2.2499999999999742,4.264625112597724e-20,16,0.6400000000000001
2.299999999999974,3.9518777844258986e-21,16,0.6400000000000001
2.349999999999974,3.389602115750145e-22,16,0.6400000000000001
2.3999999999999737,2.6900110428997586e-23,16,0.6400000000000001
2.4499999999999735,1.9745971448647696e-24,16,0.6400000000000001
2.4999999999999734,1.340293595966747e-25,16,0.6400000000000001
2.549999999999973,8.410327140201716e-27,16,0.6400000000000001
2.599999999999973,4.877826976313463e-28,16,0.6400000000000001
2.649999999999973,2.6143405481611586e-29,16,0.6400000000000001
2.6999999999999726,1.2946515618631459e-30,16,0.6400000000000001
2.7499999999999725,5.922987906633904e-32,16,0.6400000000000001
2.7999999999999723,2.50308996868725e-33,16,0.6400000000000001
2.849999999999972,9.770511478030695e-35,16,0.6400000000000001
2.899999999999972,3.522305580043778e-36,16,0.6400000000000001
2.9499999999999718,1.1726666404906288e-37,16,0.6400000000000001
2.9999999999999716,3.605233037438166e-39,16,0.6400000000000001
3.0499999999999723,1.0234829985452965e-40,16,0.6400000000000001
3.0999999999999712,2.682854011711121e-42,16,0.6400000000000001
3.14999999999997,6.493307938192202e-44,16,0.6400000000000001
3.199999999999971,1.4510198863806183e-45,16,0.6400000000000001
3.2499999999999716,2.9936916529758847e-47,16,0.6400000000000001
3.2999999999999705,5.702388551867804e-49,16,0.6400000000000001
3.3499999999999694,1.0027987818339042e-50,16,0.6400000000000001
3.39999999999997,1.6280605291069606e-52,16,0.6400000000000001
3.449999999999971,2.4401732616320214e-54,16,0.6400000000000001
3.49999999999997,3.3764373668686053e-56,16,0.6400000000000001
3.5499999999999687,4.313005405588686e-58,16,0.6400000000000001
3.5999999999999694,5.086049889964198e-60,16,0.6400000000000001
3.64999999999997,5.536778643355495e-62,16,0.6400000000000001
3.699999999999969,5.564251593630462e-64,16,0.6400000000000001
3.749999999999968,5.162106440265767e-66,16,0.6400000000000001
3.7999999999999687,4.420950563211548e-68,16,0.6400000000000001
3.8499999999999694,3.495192386293854e-70,16,0.6400000000000001
3.8999999999999684,2.5508899174789525e-72,16,0.6400000000000001
3.9499999999999673,1.7186057404655411e-74,16,0.6400000000000001
3.999999999999968,1.0688668412941875e-76,16,0.6400000000000001
4.049999999999969,6.136670650233322e-79,16,0.6400000000000001
4.099999999999968,3.252393542525828e-81,16,0.6400000000000001
4.149999999999967,1.591232881444398e-83,16,0.6400000000000001
4.199999999999967,7.186611974342816e-86,16,0.6400000000000001
4.249999999999968,2.9962217372579986e-88,16,0.6400000000000001
4.299999999999967,1.1531414492305915e-90,16,0.6400000000000001
4.349999999999966,4.096846893735411e-93,16,0.6400000000000001
4.399999999999967,1.3436157815400602e-95,16,0.6400000000000001
4.449999999999967,4.067788912685807e-98,16,0.6400000000000001
4.499999999999966,1.1368402644677509e-100,16,0.6400000000000001
4.549999999999965,2.9329051786819173e-103,16,0.6400000000000001
4.599999999999966,6.984799957447224e-106,16,0.6400000000000001
4.649999999999967,1.5355613043678101e-108,16,0.6400000000000001
4.6999999999999655,3.1162871267417893e-111,16,0.6400000000000001
4.7499999999999645,5.838009410770212e-114,16,0.6400000000000001
4.799999999999965,1.0095993200613855e-116,16,0.6400000000000001
4.849999999999966,1.6117221293459103e-119,16,0.6400000000000001
4.899999999999965,2.375133839382176e-122,16,0.6400000000000001
4.949999999999964,3.231043102226368e-125,16,0.6400000000000001
4.9999999999999645,4.057458788020592e-128,16,0.6400000000000001
-5.0,2.0310836660205373e-128,17,0.6800000000000002
-4.95,1.1875669220373106e-122,17,0.6800000000000002
-4.9,8.058626801885383e-120,17,0.6800000000000002
-4.8500000000000005,5.048008475953169e-117,17,0.6800000000000002
-4.800000000000001,2.9190127639823122e-114,17,0.6800000000000002
-4.750000000000001,1.5581486113605869e-111,17,0.6800000000000002
-4.700000000000001,7.677835711853372e-109,17,0.6800000000000002
-4.650000000000001,3.4924155601441577e-106,17,0.6800000000000002
-4.600000000000001,1.4664602671410617e-103,17,0.6800000000000002
-4.550000000000002,5.684236246314632e-101,17,0.6800000000000002
-4.500000000000002,2.0339091208605305e-98,17,0.6800000000000002
-4.450000000000002,6.7181357496860285e-96,17,0.6800000000000002
-4.400000000000002,2.0484437858038284e-93,17,0.6800000000000002
-4.350000000000002,5.765774426919091e-91,17,0.6800000000000002
-4.3000000000000025,1.4981313528577628e-88,17,0.6800000000000002
-4.250000000000003,3.593363644229978e-86,17,0.6800000000000002
-4.200000000000003,7.956314218277871e-84,17,0.6800000000000002
-4.150000000000003,1.6262327043166846e-81,17,0.6800000000000002
-4.100000000000003,3.0684148867496594e-79,17,0.6800000000000002
-4.050000000000003,5.344496826128621e-77,17,0.6800000000000002
-4.0000000000000036,8.593335535828468e-75,17,0.6800000000000002
-3.9500000000000037,1.275498402077046e-72,17,0.6800000000000002
-3.900000000000004,1.747682123428039e-70,17,0.6800000000000002
-3.850000000000004,2.2106028260941082e-68,17,0.6800000000000002
-3.8000000000000043,2.581227979743541e-66,17,0.6800000000000002
-3.7500000000000044,2.7823468443342184e-64,17,0.6800000000000002
-3.7000000000000046,2.76864742699079e-62,17,0.6800000000000002
-3.650000000000005,2.543303157553685e-60,17,0.6800000000000002
-3.600000000000005,2.1567795417197678e-58,17,0.6800000000000002
-3.550000000000005,1.6884729859236176e-56,17,0.6800000000000002
-3.5000000000000053,1.2203022810826134e-54,17,0.6800000000000002
-3.4500000000000055,8.141990864194167e-53,17,0.6800000000000002
-3.4000000000000057,5.0152139957857936e-51,17,0.6800000000000002
-3.350000000000006,2.8520083061903472e-49,17,0.6800000000000002
-3.300000000000006,1.497347225874688e-47,17,0.6800000000000002
-3.250000000000006,7.25795062615922e-46,17,0.6800000000000002
-3.2000000000000064,3.24815081491391e-44,17,0.6800000000000002
-3.1500000000000066,1.34215251579524e-42,17,0.6800000000000002
-3.1000000000000068,5.120661646682474e-41,17,0.6800000000000002
-3.050000000000007,1.803957945720425e-39,17,0.6800000000000002
-3.000000000000007,5.868450617431516e-38,17,0.6800000000000002
-2.9500000000000073,1.762955406536395e-36,17,0.6800000000000002
-2.9000000000000075,4.891119072206392e-35,17,0.6800000000000002
-2.8500000000000076,1.253306137130794e-33,17,0.6800000000000002
-2.800000000000008,2.966379209049382e-32,17,0.6800000000000002
-2.750000000000008,6.485773259145131e-31,17,0.6800000000000002
-2.700000000000008,1.310131768031135e-29,17,0.6800000000000002
-2.6500000000000083,2.4453867459610307e-28,17,0.6800000000000002
-2.6000000000000085,4.218235272833246e-27,17,0.6800000000000002
-2.5500000000000087,6.725857114702256e-26,17,0.6800000000000002
-2.500000000000009,9.915037360006175e-25,17,0.6800000000000002
-2.450000000000009,1.3517069894272419e-23,17,0.6800000000000002
-2.4000000000000092,1.7046740435963733e-22,17,0.6800000000000002
-2.3500000000000094,1.9893889474240298e-21,17,0.6800000000000002
-2.3000000000000096,2.1492605668740295e-20,17,0.6800000000000002
-2.2500000000000098,2.1505332436677613e-19,17,0.6800000000000002
-2.20000000000001,1.993957195584062e-18,17,0.6800000000000002
-2.15000000000001,1.7141707599955503e-17,17,0.6800000000000002
-2.1000000000000103,1.3672597057580544e-16,17,0.6800000000000002
-2.0500000000000105,1.0125900279755892e-15,17,0.6800000000000002
-2.0000000000000107,6.968967554463847e-15,17,0.6800000000000002
-1.9500000000000108,4.461320080992839e-14,17,0.6800000000000002
-1.900000000000011,2.6593124321886883e-13,17,0.6800000000000002
-1.8500000000000112,1.4776811744073924e-12,17,0.6800000000000002
-1.8000000000000114,7.663634942219456e-12,17,0.6800000000000002
-1.7500000000000115,3.7145826594460116e-11,17,0.6800000000000002
-1.7000000000000117,1.685088644987071e-10,17,0.6800000000000002
-1.650000000000012,7.165098335517754e-10,17,0.6800000000000002
-1.600000000000012,2.8601098146069975e-09,17,0.6800000000000002
-1.5500000000000123,1.0734782694279811e-08,17,0.6800000000000002
-1.5000000000000124,3.7943853058127135e-08,17,0.6800000000000002
-1.4500000000000126,1.265005917039094e-07,17,0.6800000000000002
-1.4000000000000128,3.9834933886813857e-07,17,0.6800000000000002
-1.350000000000013,1.1863149740656085e-06,17,0.6800000000000002
-1.3000000000000131,3.344671086310137e-06,17,0.6800000000000002
-1.2500000000000133,8.934848557529752e-06,17,0.6800000000000002
-1.2000000000000135,2.263059058020053e-05,17,0.6800000000000002
-1.1500000000000137,5.4380060254517675e-05,17,0.6800000000000002
-1.1000000000000139,0.00012404407673713267,17,0.6800000000000002
-1.050000000000014,0.0002687724165563769,17,0.6800000000000002
-1.0000000000000142,0.0005535894246636315,17,0.6800000000000002
-0.9500000000000144,0.0010848324114734241,17,0.6800000000000002
-0.9000000000000146,0.0020246698323702684,17,0.6800000000000002
-0.8500000000000147,0.0036032073999258934,17,0.6800000000000002
-0.8000000000000149,0.006123357964990174,17,0.6800000000000002
-0.7500000000000151,0.009953769570566215,17,0.6800000000000002
-0.7000000000000153,0.015507254445145061,17,0.6800000000000002
-0.6500000000000155,0.02320623957478837,17,0.6800000000000002
-0.6000000000000156,0.03344128102984115,17,0.6800000000000002
-0.5500000000000158,0.04653135943297853,17,0.6800000000000002
-0.500000000000016,0.0626946227647576,17,0.6800000000000002
-0.45000000000001616,0.08203469088846187,17,0.6800000000000002
-0.40000000000001634,0.10454314936450361,17,0.6800000000000002
-0.3500000000000165,0.1301147646885474,17,0.6800000000000002
-0.3000000000000167,0.15857021282535239,17,0.6800000000000002
-0.2500000000000169,0.1896795595443477,17,0.6800000000000002
-0.20000000000001705,0.22318578093572994,17,0.6800000000000002
-0.15000000000001723,0.2588183893048401,17,0.6800000000000002
-0.10000000000001741,0.29630938673877105,17,0.6800000000000002
-0.050000000000017586,0.335389878896957,17,0.6800000000000002
-1.7763568394002505e-14,0.3757951941192599,17,0.6800000000000002
0.04999999999998206,0.41724049932150875,17,0.6800000000000002
0.09999999999998188,0.45939259272126237,17,0.6800000000000002
0.1499999999999817,0.5017972748755428,17,0.6800000000000002
0.19999999999998153,0.5437051397892494,17,0.6800000000000002
0.24999999999998135,0.5837663312669532,17,0.6800000000000002
0.29999999999998117,0.6192145344344834,17,0.6800000000000002
0.349999999999981,0.6444902705651709,17,0.6800000000000002
0.3999999999999808,0.6487779939694305,17,0.6800000000000002
0.44999999999998064,0.6153897859593572,17,0.6800000000000002
0.49999999999998046,0.529730743958065,17,0.6800000000000002
0.5499999999999803,0.39876039949263875,17,0.6800000000000002
0.5999999999999801,0.2578184656468901,17,0.6800000000000002
0.6499999999999799,0.14480442747562047,17,0.6800000000000002
0.6999999999999797,0.07322665708866337,17,0.6800000000000002
0.7499999999999796,0.03478410253703178,17,0.6800000000000002
0.7999999999999794,0.016080559445093554,17,0.6800000000000002
0.8499999999999792,0.007393908822894399,17,0.6800000000000002
0.899999999999979,0.003407112065043439,17,0.6800000000000002
0.9499999999999789,0.0015686843979681989,17,0.6800000000000002
0.9999999999999787,0.0007152475032739217,17,0.6800000000000002
1.0499999999999785,0.00031983540887933537,17,0.6800000000000002
1.0999999999999783,0.00013912770513494407,17,0.6800000000000002
1.1499999999999782,5.8501965542752286e-05,17,0.6800000000000002
1.199999999999978,2.366178755721735e-05,17,0.6800000000000002
1.2499999999999778,9.168687693653404e-06,17,0.6800000000000002
1.2999999999999776,3.39229626075834e-06,17,0.6800000000000002
1.3499999999999774,1.1949548149951114e-06,17,0.6800000000000002
1.3999999999999773,3.997351862891201e-07,17,0.6800000000000002
1.449999999999977,1.266958545326533e-07,17,0.6800000000000002
1.499999999999977,3.796788194346603e-08,17,0.6800000000000002
1.5499999999999767,1.0737352723358166e-08,17,0.6800000000000002
1.5999999999999766,2.8603477551008726e-09,17,0.6800000000000002
1.6499999999999764,7.165288393894346e-10,17,0.6800000000000002
1.6999999999999762,1.6851017079781214e-10,17,0.6800000000000002
1.749999999999976,3.7145903689191806e-11,17,0.6800000000000002
1.7999999999999758,7.663638842715044e-12,17,0.6800000000000002
1.8499999999999757,1.4776813433633488e-12,17,0.6800000000000002
1.8999999999999755,2.6593124947873573e-13,17,0.6800000000000002
1.9499999999999753,4.4613201008185375e-14,17,0.6800000000000002
1.9999999999999751,6.968967559833496e-15,17,0.6800000000000002
2.049999999999975,1.0125900281007674e-15,17,0.6800000000000002
2.0999999999999748,1.3672597057844214e-16,17,0.6800000000000002
2.1499999999999746,1.7141707600022248e-17,17,0.6800000000000002
2.1999999999999744,1.993957195587751e-18,17,0.6800000000000002
2.2499999999999742,2.1505332436712942e-19,17,0.6800000000000002
2.299999999999974,2.1492605668776126e-20,17,0.6800000000000002
2.349999999999974,1.989388947427448e-21,17,0.6800000000000002
2.3999999999999737,1.7046740435993962e-22,17,0.6800000000000002
2.4499999999999735,1.351706989429713e-23,17,0.6800000000000002
2.4999999999999734,9.915037360024856e-25,17,0.6800000000000002
2.549999999999973,6.725857114715302e-26,17,0.6800000000000002
2.599999999999973,4.218235272841664e-27,17,0.6800000000000002
2.649999999999973,2.445386745966047e-28,17,0.6800000000000002
2.6999999999999726,1.3101317680338963e-29,17,0.6800000000000002
2.7499999999999725,6.4857732591591655e-31,17,0.6800000000000002
2.7999999999999723,2.966379209055967e-32,17,0.6800000000000002
2.849999999999972,1.253306137133647e-33,17,0.6800000000000002
2.899999999999972,4.8911190722178e-35,17,0.6800000000000002
2.9499999999999718,1.762955406540608e-36,17,0.6800000000000002
2.9999999999999716,5.868450617445871e-38,17,0.6800000000000002
3.0499999999999723,1.8039579457249386e-39,17,0.6800000000000002
3.0999999999999712,5.120661646695579e-41,17,0.6800000000000002
3.14999999999997,1.3421525157987508e-42,17,0.6800000000000002
3.199999999999971,3.248150814922589e-44,17,0.6800000000000002
3.2499999999999716,7.257950626179026e-46,17,0.6800000000000002
3.2999999999999705,1.4973472258788594e-47,17,0.6800000000000002
3.3499999999999694,2.8520083061984553e-49,17,0.6800000000000002
3.39999999999997,5.0152139958003366e-51,17,0.6800000000000002
3.449999999999971,8.141990864218237e-53,17,0.6800000000000002
3.49999999999997,1.22030228108629e-54,17,0.6800000000000002
3.5499999999999687,1.6884729859288008e-56,17,0.6800000000000002
3.5999999999999694,2.1567795417265107e-58,17,0.6800000000000002
3.64999999999997,2.5433031575617807e-60,17,0.6800000000000002
3.699999999999969,2.768647426999761e-62,17,0.6800000000000002
3.749999999999968,2.7823468443433916e-64,17,0.6800000000000002
3.7999999999999687,2.581227979752198e-66,17,0.6800000000000002
3.8499999999999694,2.210602826101648e-68,17,0.6800000000000002
3.8999999999999684,1.7476821234339502e-70,17,0.6800000000000002
3.9499999999999673,1.2754984020815409e-72,17,0.6800000000000002
3.999999999999968,8.593335535860217e-75,17,0.6800000000000002
4.049999999999969,5.3444968261480636e-77,17,0.6800000000000002
4.099999999999968,3.068414886760733e-79,17,0.6800000000000002
4.149999999999967,1.6262327043227858e-81,17,0.6800000000000002
4.199999999999967,7.956314218308853e-84,17,0.6800000000000002
4.249999999999968,3.593363644243869e-86,17,0.6800000000000002
4.299999999999967,1.498131352863468e-88,17,0.6800000000000002
4.349999999999966,5.765774426942035e-91,17,0.6800000000000002
4.399999999999967,2.048443785812269e-93,17,0.6800000000000002
4.449999999999967,6.718135749713524e-96,17,0.6800000000000002
4.499999999999966,2.033909120868797e-98,17,0.6800000000000002
4.549999999999965,5.684236246338542e-101,17,0.6800000000000002
4.599999999999966,1.4664602671474805e-103,17,0.6800000000000002
4.649999999999967,3.4924155601592453e-106,17,0.6800000000000002
4.6999999999999655,7.677835711886105e-109,17,0.6800000000000002
4.7499999999999645,1.558148611367495e-111,17,0.6800000000000002
4.799999999999965,2.9190127639957527e-114,17,0.6800000000000002
4.849999999999966,5.0480084759761245e-117,17,0.6800000000000002
4.899999999999965,8.058626801945063e-120,17,0.6800000000000002
4.949999999999964,1.187568948420482e-122,17,0.6800000000000002
4.9999999999999645,1.615523905385194e-125,17,0.6800000000000002
-5.0,8.087774945256074e-126,18,0.7200000000000002
-4.95,4.02931341109811e-120,18,0.7200000000000002
-4.9,2.5240101758111946e-117,18,0.7200000000000002
-4.8500000000000005,1.4595104113045571e-114,18,0.7200000000000002
-4.800000000000001,7.790768296845314e-112,18,0.7200000000000002
-4.750000000000001,3.838932450990506e-109,18,0.7200000000000002
-4.700000000000001,1.7462155708151357e-106,18,0.7200000000000002
-4.650000000000001,7.332339724883868e-104,18,0.7200000000000002
-4.600000000000001,2.8421355852351166e-101,18,0.7200000000000002
-4.550000000000002,1.0169618927316009e-98,18,0.7200000000000002
-4.500000000000002,3.3590962960242458e-96,18,0.7200000000000002
-4.450000000000002,1.0242320624475184e-93,18,0.7200000000000002
-4.400000000000002,2.882920804138294e-91,18,0.7200000000000002
-4.350000000000002,7.490759186478104e-89,18,0.7200000000000002
-4.3000000000000025,1.7967106509871235e-86,18,0.7200000000000002
-4.250000000000003,3.9782320157065784e-84,18,0.7200000000000002
-4.200000000000003,8.131343189765634e-82,18,0.7200000000000002
-4.150000000000003,1.534247224945921e-79,18,0.7200000000000002
-4.100000000000003,2.6723297246995263e-77,18,0.7200000000000002
-4.050000000000003,4.2968211886585714e-75,18,0.7200000000000002
-4.0000000000000036,6.377759235226537e-73,18,0.7200000000000002
-3.9500000000000037,8.738840283916986e-71,18,0.7200000000000002
-3.900000000000004,1.105365187967158e-68,18,0.7200000000000002
-3.850000000000004,1.2907013739779418e-66,18,0.7200000000000002
-3.8000000000000043,1.391283952308414e-64,18,0.7200000000000002
-3.7500000000000044,1.3844527748943823e-62,18,0.7200000000000002
-3.7000000000000046,1.2717906961190592e-60,18,0.7200000000000002
-3.650000000000005,1.0785282032312335e-58,18,0.7200000000000002
-3.600000000000005,8.443636581196864e-57,18,0.7200000000000002
-3.550000000000005,6.102589795183927e-55,18,0.7200000000000002
-3.5000000000000053,4.0718396685900455e-53,18,0.7200000000000002
-3.4500000000000055,2.508217149033438e-51,18,0.7200000000000002
-3.4000000000000057,1.4264112526383834e-49,18,0.7200000000000002
-3.350000000000006,7.489243736371333e-48,18,0.7200000000000002
-3.300000000000006,3.630401317232705e-46,18,0.7200000000000002
-3.250000000000006,1.6248240810698924e-44,18,0.7200000000000002
-3.2000000000000064,6.714391554289279e-43,18,0.7200000000000002
-3.1500000000000066,2.561954898748694e-41,18,0.7200000000000002
-3.1000000000000068,9.0265004911811e-40,18,0.7200000000000002
-3.050000000000007,2.936785639539099e-38,18,0.7200000000000002
-3.000000000000007,8.823796822410578e-37,18,0.7200000000000002
-2.9500000000000073,2.4484937614119117e-35,18,0.7200000000000002
-2.9000000000000075,6.2753454626866515e-34,18,0.7200000000000002
-2.8500000000000076,1.4856351640607944e-32,18,0.7200000000000002
-2.800000000000008,3.249153160258219e-31,18,0.7200000000000002
-2.750000000000008,6.565490736200922e-30,18,0.7200000000000002
-2.700000000000008,1.225936259610088e-28,18,0.7200000000000002
-2.6500000000000083,2.115668295256779e-27,18,0.7200000000000002
-2.6000000000000085,3.375155491080933e-26,18,0.7200000000000002
-2.5500000000000087,4.9786098563672535e-25,18,0.7200000000000002
-2.500000000000009,6.79216423270972e-24,18,0.7200000000000002
-2.450000000000009,8.572945404781897e-23,18,0.7200000000000002
-2.4000000000000092,1.0014530086591512e-21,18,0.7200000000000002
-2.3500000000000094,1.0831536536549966e-20,18,0.7200000000000002
-2.3000000000000096,1.0852135665710009e-19,18,0.7200000000000002
-2.2500000000000098,1.0077249006264011e-18,18,0.7200000000000002
-2.20000000000001,8.67838046216114e-18,18,0.7200000000000002
-2.15000000000001,6.935996388569475e-17,18,0.7200000000000002
-2.1000000000000103,5.148658677877722e-16,18,0.7200000000000002
-2.0500000000000105,3.552846762519817e-15,18,0.7200000000000002
-2.0000000000000107,2.2812895418951593e-14,18,0.7200000000000002
-1.9500000000000108,1.364501053866522e-13,18,0.7200000000000002
-1.900000000000011,7.611471876082241e-13,18,0.7200000000000002
-1.8500000000000112,3.96478309270743e-12,18,0.7200000000000002
-1.8000000000000114,1.9311753884158228e-11,18,0.7200000000000002
-1.7500000000000115,8.808624971479598e-11,18,0.7200000000000002
-1.7000000000000117,3.768278299707165e-10,18,0.7200000000000002
-1.650000000000012,1.5143093379224857e-09,18,0.7200000000000002
-1.600000000000012,5.725646240971359e-09,18,0.7200000000000002
-1.5500000000000123,2.0401981150055914e-08,18,0.7200000000000002
-1.5000000000000124,6.861768402166177e-08,18,0.7200000000000002
-1.4500000000000126,2.181465645146409e-07,18,0.7200000000000002
-1.4000000000000128,6.564075046165954e-07,18,0.7200000000000002
-1.350000000000013,1.871508006960642e-06,18,0.7200000000000002
-1.3000000000000131,5.060566080962574e-06,18,0.7200000000000002
-1.2500000000000133,1.2987530641894265e-05,18,0.7200000000000002
-1.2000000000000135,3.1656878934136806e-05,18,0.7200000000000002
-1.1500000000000137,7.333435870079789e-05,18,0.7200000000000002
-1.1000000000000139,0.00016156238212125765,18,0.7200000000000002
-1.050000000000014,0.00033875853583675695,18,0.7200000000000002
-1.0000000000000142,0.0006765814894650841,18,0.7200000000000002
-0.9500000000000144,0.0012883710631811476,18,0.7200000000000002
-0.9000000000000146,0.0023416586572584793,18,0.7200000000000002
-0.8500000000000147,0.004067334653712762,18,0.7200000000000002
-0.8000000000000149,0.006761269600226645,18,0.7200000000000002
-0.7500000000000151,0.010774710319535806,18,0.7200000000000002
-0.7000000000000153,0.016492114167369586,18,0.7200000000000002
-0.6500000000000155,0.024298698870195035,18,0.7200000000000002
-0.6000000000000156,0.034543471932787735,18,0.7200000000000002
-0.5500000000000158,0.04750549260795968,18,0.7200000000000002
-0.500000000000016,0.06337012054102331,18,0.7200000000000002
-0.45000000000001616,0.08221915519354388,18,0.7200000000000002
-0.40000000000001634,0.10403469549234652,18,0.7200000000000002
-0.3500000000000165,0.12871363263164226,18,0.7200000000000002
-0.3000000000000167,0.15608746545265123,18,0.7200000000000002
-0.2500000000000169,0.18594452079725834,18,0.7200000000000002
-0.20000000000001705,0.2180472497579111,18,0.7200000000000002
-0.15000000000001723,0.2521501118657275,18,0.7200000000000002
-0.10000000000001741,0.2880042516560658,18,0.7200000000000002
-0.050000000000017586,0.32536773537829033,18,0.7200000000000002
-1.7763568394002505e-14,0.3639945364277236,18,0.7200000000000002
0.04999999999998206,0.4036299881554548,18,0.7200000000000002
0.09999999999998188,0.44397671293883395,18,0.7200000000000002
0.1499999999999817,0.4846341212980391,18,0.7200000000000002
0.19999999999998153,0.5249852781815766,18,0.7200000000000002
0.24999999999998135,0.5638975649875331,18,0.7200000000000002
0.29999999999998117,0.5992113850496043,18,0.7200000000000002
0.349999999999981,0.6264990150411401,18,0.7200000000000002
0.3999999999999808,0.6372726523002767,18,0.7200000000000002
0.44999999999998064,0.6173140138366744,18,0.7200000000000002
0.49999999999998046,0.5510140392179129,18,0.7200000000000002
0.5499999999999803,0.43660346477564715,18,0.7200000000000002
0.5999999999999801,0.29939072028152697,18,0.7200000000000002
0.6499999999999799,0.17774420495180393,18,0.7200000000000002
0.6999999999999797,0.09374594269177322,18,0.7200000000000002
0.7499999999999796,0.04567432005014116,18,0.7200000000000002
0.7999999999999794,0.02132005846028818,18,0.7200000000000002
0.8499999999999792,0.009793230950957181,18,0.7200000000000002
0.899999999999979,0.004491738433819468,18,0.7200000000000002
0.9499999999999789,0.0020633991508852453,18,0.7200000000000002
0.9999999999999787,0.0009447315986340983,18,0.7200000000000002
1.0499999999999785,0.0004272860486989536,18,0.7200000000000002
1.0999999999999783,0.00018918846165280395,18,0.7200000000000002
1.1499999999999782,8.139850567370985e-05,18,0.7200000000000002
1.199999999999978,3.383599430123051e-05,18,0.7200000000000002
1.2499999999999778,1.3527151583491142e-05,18,0.7200000000000002
1.2999999999999776,5.18183778170766e-06,18,0.7200000000000002
1.3499999999999774,1.8960179931008703e-06,18,0.7200000000000002
1.3999999999999773,6.608256171369164e-07,18,0.7200000000000002
1.449999999999977,2.1885156578562488e-07,18,0.7200000000000002
1.499999999999977,6.87166068153155e-08,18,0.7200000000000002
1.5499999999999767,2.0414115135959145e-08,18,0.7200000000000002
1.5999999999999766,5.726940804329267e-09,18,0.7200000000000002
1.6499999999999764,1.514428964579981e-09,18,0.7200000000000002
1.6999999999999762,3.7683737164172e-10,18,0.7200000000000002
1.749999999999976,8.808690482593097e-11,18,0.7200000000000002
1.7999999999999758,1.9311792516553102e-11,18,0.7200000000000002
1.8499999999999757,3.964785046108622e-12,18,0.7200000000000002
1.8999999999999755,7.611472721862034e-13,18,0.7200000000000002
1.9499999999999753,1.3645010851929875e-13,18,0.7200000000000002
1.9999999999999751,2.2812895518143468e-14,18,0.7200000000000002
2.049999999999975,3.552846765205979e-15,18,0.7200000000000002
2.0999999999999748,5.14865867850395e-16,18,0.7200000000000002
2.1499999999999746,6.935996388701495e-17,18,0.7200000000000002
2.1999999999999744,8.678380462194688e-18,18,0.7200000000000002
2.2499999999999742,1.0077249006282635e-18,18,0.7200000000000002
2.299999999999974,1.0852135665727843e-19,18,0.7200000000000002
2.349999999999974,1.0831536536568033e-20,18,0.7200000000000002
2.3999999999999737,1.0014530086608725e-21,18,0.7200000000000002
2.4499999999999735,8.572945404797106e-23,18,0.7200000000000002
2.4999999999999734,6.792164232722142e-24,18,0.7200000000000002
2.549999999999973,4.978609856376636e-25,18,0.7200000000000002
2.599999999999973,3.3751554910874814e-26,18,0.7200000000000002
2.649999999999973,2.1156682952610015e-27,18,0.7200000000000002
2.6999999999999726,1.225936259612603e-28,18,0.7200000000000002
2.7499999999999725,6.565490736214761e-30,18,0.7200000000000002
2.7999999999999723,3.249153160265251e-31,18,0.7200000000000002
2.849999999999972,1.4856351640640924e-32,18,0.7200000000000002
2.899999999999972,6.275345462700938e-34,18,0.7200000000000002
2.9499999999999718,2.448493761417623e-35,18,0.7200000000000002
2.9999999999999716,8.823796822431665e-37,18,0.7200000000000002
3.0499999999999723,2.936785639546283e-38,18,0.7200000000000002
3.0999999999999712,9.026500491203687e-40,18,0.7200000000000002
3.14999999999997,2.5619548987552507e-41,18,0.7200000000000002
3.199999999999971,6.7143915543068435e-43,18,0.7200000000000002
3.2499999999999716,1.6248240810742339e-44,18,0.7200000000000002
3.2999999999999705,3.630401317242612e-46,18,0.7200000000000002
3.3499999999999694,7.489243736392197e-48,18,0.7200000000000002
3.39999999999997,1.4264112526424385e-49,18,0.7200000000000002
3.449999999999971,2.5082171490407114e-51,18,0.7200000000000002
3.49999999999997,4.0718396686020833e-53,18,0.7200000000000002
3.5499999999999687,6.102589795202313e-55,18,0.7200000000000002
3.5999999999999694,8.443636581222785e-57,18,0.7200000000000002
3.64999999999997,1.0785282032346053e-58,18,0.7200000000000002
3.699999999999969,1.2717906961231076e-60,18,0.7200000000000002
3.749999999999968,1.3844527748988682e-62,18,0.7200000000000002
3.7999999999999687,1.3912839523130009e-64,18,0.7200000000000002
3.8499999999999694,1.2907013739822707e-66,18,0.7200000000000002
3.8999999999999684,1.105365187970928e-68,18,0.7200000000000002
3.9499999999999673,8.738840283946545e-71,18,0.7200000000000002
3.999999999999968,6.377759235249012e-73,18,0.7200000000000002
4.049999999999969,4.296821188674447e-75,18,0.7200000000000002
4.099999999999968,2.672329724709248e-77,18,0.7200000000000002
4.149999999999967,1.5342472249514582e-79,18,0.7200000000000002
4.199999999999967,8.131343189796141e-82,18,0.7200000000000002
4.249999999999968,3.97823201572207e-84,18,0.7200000000000002
4.299999999999967,1.7967106509940693e-86,18,0.7200000000000002
4.349999999999966,7.490759186506631e-89,18,0.7200000000000002
4.399999999999967,2.882920804149766e-91,18,0.7200000000000002
4.449999999999967,1.024232062451739e-93,18,0.7200000000000002
4.499999999999966,3.3590962960379935e-96,18,0.7200000000000002
4.549999999999965,1.0169618927357342e-98,18,0.7200000000000002
4.599999999999966,2.842135585247072e-101,18,0.7200000000000002
4.649999999999967,7.332339724915961e-104,18,0.7200000000000002
4.6999999999999655,1.7462155708226795e-106,18,0.7200000000000002
4.7499999999999645,3.8389324510068723e-109,18,0.7200000000000002
4.799999999999965,7.790768296879855e-112,18,0.7200000000000002
4.849999999999966,1.4595104113112773e-114,18,0.7200000000000002
4.899999999999965,2.5240101758328044e-117,18,0.7200000000000002
4.949999999999964,4.029321478592059e-120,18,0.7200000000000002
4.9999999999999645,5.93785489752074e-123,18,0.7200000000000002
-5.0,2.9729713362329983e-123,19,0.7600000000000001
-4.95,1.2620050919494848e-117,19,0.7600000000000001
-4.9,7.297572203089841e-115,19,0.7600000000000001
-4.8500000000000005,3.895396768473536e-112,19,0.7600000000000001
-4.800000000000001,1.9194735230473095e-109,19,0.7600000000000001
-4.750000000000001,8.731116807917163e-107,19,0.7600000000000001
-4.700000000000001,3.666189057104189e-104,19,0.7600000000000001
-4.650000000000001,1.4210765236954123e-101,19,0.7600000000000001
-4.600000000000001,5.084846125356629e-99,19,0.7600000000000001
-4.550000000000002,1.679562358690049e-96,19,0.7600000000000001
-4.500000000000002,5.121211160332229e-94,19,0.7600000000000001
-4.450000000000002,1.441477197550627e-91,19,0.7600000000000001
-4.400000000000002,3.745430804842174e-89,19,0.7600000000000001
-4.350000000000002,8.983697400975825e-87,19,0.7600000000000001
-4.3000000000000025,1.9891534616492216e-84,19,0.7600000000000001
-4.250000000000003,4.065761430415366e-82,19,0.7600000000000001
-4.200000000000003,7.671435036330391e-80,19,0.7600000000000001
-4.150000000000003,1.3362055190657119e-77,19,0.7600000000000001
-4.100000000000003,2.148487306690533e-75,19,0.7600000000000001
-4.050000000000003,3.1890132340995034e-73,19,0.7600000000000001
-4.0000000000000036,4.369634983017926e-71,19,0.7600000000000001
-3.9500000000000037,5.527144827797551e-69,19,0.7600000000000001
-3.900000000000004,6.453943811903905e-67,19,0.7600000000000001
-3.850000000000004,6.9569724441360534e-65,19,0.7600000000000001
-3.8000000000000043,6.922909225158901e-63,19,0.7600000000000001
-3.7500000000000044,6.35964912257145e-61,19,0.7600000000000001
-3.7000000000000046,5.393333242543615e-59,19,0.7600000000000001
-3.650000000000005,4.2224541859464916e-57,19,0.7600000000000001
-3.600000000000005,3.051834161693579e-55,19,0.7600000000000001
-3.550000000000005,2.0363420161240826e-53,19,0.7600000000000001
-3.5000000000000053,1.2544137040064783e-51,19,0.7600000000000001
-3.4500000000000055,7.134092183026212e-50,19,0.7600000000000001
-3.4000000000000057,3.7458759767601835e-48,19,0.7600000000000001
-3.350000000000006,1.8159138642426717e-46,19,0.7600000000000001
-3.300000000000006,8.127865027217648e-45,19,0.7600000000000001
-3.250000000000006,3.3590109778032557e-43,19,0.7600000000000001
-3.2000000000000064,1.2817898614148819e-41,19,0.7600000000000001
-3.1500000000000066,4.516607441367695e-40,19,0.7600000000000001
-3.1000000000000068,1.469673797218924e-38,19,0.7600000000000001
-3.050000000000007,4.41641166145088e-37,19,0.7600000000000001
-3.000000000000007,1.2257152735257255e-35,19,0.7600000000000001
-2.9500000000000073,3.142084629754531e-34,19,0.7600000000000001
-2.9000000000000075,7.440418289111032e-33,19,0.7600000000000001
-2.8500000000000076,1.627714252860453e-31,19,0.7600000000000001
-2.800000000000008,3.290173543920765e-30,19,0.7600000000000001
-2.750000000000008,6.145927063851731e-29,19,0.7600000000000001
-2.700000000000008,1.0611168929964898e-27,19,0.7600000000000001
-2.6500000000000083,1.6937074268385168e-26,19,0.7600000000000001
-2.6000000000000085,2.4998832696599106e-25,19,0.7600000000000001
-2.5500000000000087,3.4129578938102645e-24,19,0.7600000000000001
-2.500000000000009,4.311365751672785e-23,19,0.7600000000000001
-2.450000000000009,5.0412258644593045e-22,19,0.7600000000000001
-2.4000000000000092,5.4586329952988925e-21,19,0.7600000000000001
-2.3500000000000094,5.476140483287961e-20,19,0.7600000000000001
-2.3000000000000096,5.092782185814756e-19,19,0.7600000000000001
-2.2500000000000098,4.39345090940912e-18,19,0.7600000000000001
-2.20000000000001,3.5183844393160574e-17,19,0.7600000000000001
-2.15000000000001,2.617721241249666e-16,19,0.7600000000000001
-2.1000000000000103,1.8111033632027536e-15,19,0.7600000000000001
-2.0500000000000105,1.1663880643369578e-14,19,0.7600000000000001
-2.0000000000000107,7.000147607458228e-14,19,0.7600000000000001
-1.9500000000000108,3.919800415134721e-13,19,0.7600000000000001
-1.900000000000011,2.050616599043901e-12,19,0.7600000000000001
-1.8500000000000112,1.0036450535808753e-11,19,0.7600000000000001
-1.8000000000000114,4.6025516402203006e-11,19,0.7600000000000001
-1.7500000000000115,1.9806979189911212e-10,19,0.7600000000000001
-1.7000000000000117,8.011977933615661e-10,19,0.7600000000000001
-1.650000000000012,3.051237028942833e-09,19,0.7600000000000001
-1.600000000000012,1.0958145161199659e-08,19,0.7600000000000001
-1.5500000000000123,3.717166419619586e-08,19,0.7600000000000001
-1.5000000000000124,1.1927426339801185e-07,19,0.7600000000000001
-1.4500000000000126,3.6251250908664345e-07,19,0.7600000000000001
-1.4000000000000128,1.044826594746782e-06,19,0.7600000000000001
-1.350000000000013,2.8584817570979353e-06,19,0.7600000000000001
-1.3000000000000131,7.429486289745463e-06,19,0.7600000000000001
-1.2500000000000133,1.8358527197818732e-05,19,0.7600000000000001
-1.2000000000000135,4.31599028209033e-05,19,0.7600000000000001
-1.1500000000000137,9.660461047863066e-05,19,0.7600000000000001
-1.1000000000000139,0.00020602457138529017,19,0.7600000000000001
-1.050000000000014,0.0004189856037714569,19,0.7600000000000001
-1.0000000000000142,0.0008132557709787842,19,0.7600000000000001
-0.9500000000000144,0.0015081149528107364,19,0.7600000000000001
-0.9000000000000146,0.002674876196209185,19,0.7600000000000001
-0.8500000000000147,0.0045434178484745945,19,0.7600000000000001
-0.8000000000000149,0.00740111225236736,19,0.7600000000000001
-0.7500000000000151,0.011581436871177596,19,0.7600000000000001
-0.7000000000000153,0.01744183811800252,19,0.7600000000000001
-0.6500000000000155,0.02533354072538631,19,0.7600000000000001
-0.6000000000000156,0.03556882672684926,19,0.7600000000000001
-0.5500000000000158,0.04839229209206301,19,0.7600000000000001
-0.500000000000016,0.06396168037018875,19,0.7600000000000001
-0.45000000000001616,0.08234091887892463,19,0.7600000000000001
-0.40000000000001634,0.10350495196369441,19,0.7600000000000001
-0.3500000000000165,0.1273530646714494,19,0.7600000000000001
-0.3000000000000167,0.15372744359659254,19,0.7600000000000001
-0.2500000000000169,0.1824310963541699,19,0.7600000000000001
-0.20000000000001705,0.21324645351161756,19,0.7600000000000001
-0.15000000000001723,0.24594538153799214,19,0.7600000000000001
-0.10000000000001741,0.2803020267597493,19,0.7600000000000001
-0.050000000000017586,0.3160902793264421,19,0.7600000000000001
-1.7763568394002505e-14,0.3530882609442375,19,0.7600000000000001
0.04999999999998206,0.39106096486673114,19,0.7600000000000001
0.09999999999998188,0.429741441889157,19,0.7600000000000001
0.1499999999999817,0.4687821514251222,19,0.7600000000000001
0.19999999999998153,0.5076437966882769,19,0.7600000000000001
0.24999999999998135,0.5454093832824549,19,0.7600000000000001
0.29999999999998117,0.5802941796046067,19,0.7600000000000001
0.349999999999981,0.6088295887955876,19,0.7600000000000001
0.3999999999999808,0.6241913992725819,19,0.7600000000000001
0.44999999999998064,0.6146433381500127,19,0.7600000000000001
0.49999999999998046,0.56504954055117,19,0.7600000000000001
0.5499999999999803,0.4679987133546296,19,0.7600000000000001
0.5999999999999801,0.3389797514757557,19,0.7600000000000001
0.6499999999999799,0.21273763181055455,19,0.7600000000000001
0.6999999999999797,0.11761063427735377,19,0.7600000000000001
0.7499999999999796,0.05919975195171452,19,0.7600000000000001
0.7999999999999794,0.02813182272846596,19,0.7600000000000001
0.8499999999999792,0.012992772282772274,19,0.7600000000000001
0.899999999999979,0.005946645002201796,19,0.7600000000000001
0.9499999999999789,0.0027220916554996618,19,0.7600000000000001
0.9999999999999787,0.0012461576083297916,19,0.7600000000000001
1.0499999999999785,0.0005671313752473382,19,0.7600000000000001
1.0999999999999783,0.0002543774667164691,19,0.7600000000000001
1.1499999999999782,0.00011151915745691967,19,0.7600000000000001
1.199999999999978,4.7464117175179686e-05,19,0.7600000000000001
1.2499999999999778,1.9509139646082596e-05,19,0.7600000000000001
1.2999999999999776,7.711620666085152e-06,19,0.7600000000000001
1.3499999999999774,2.9213369823727483e-06,19,0.7600000000000001
1.3999999999999773,1.057435488840892e-06,19,0.7600000000000001
1.449999999999977,3.6477119836982073e-07,19,0.7600000000000001
1.499999999999977,1.1963284995664635e-07,19,0.7600000000000001
1.5499999999999767,3.7221774747657224e-08,19,0.7600000000000001
1.5999999999999766,1.0964272133158083e-08,19,0.7600000000000001
1.6499999999999764,3.0518890945166623e-09,19,0.7600000000000001
1.6999999999999762,8.012579351601032e-10,19,0.7600000000000001
1.749999999999976,1.9807458210746324e-10,19,0.7600000000000001
1.7999999999999758,4.602584493756851e-11,19,0.7600000000000001
1.8499999999999757,1.0036469894444126e-11,19,0.7600000000000001
1.8999999999999755,2.0506175773171007e-12,19,0.7600000000000001
1.9499999999999753,3.9198008385228916e-13,19,0.7600000000000001
1.9999999999999751,7.000147764225609e-14,19,0.7600000000000001
2.049999999999975,1.1663880692997035e-14,19,0.7600000000000001
2.0999999999999748,1.8111033645464992e-15,19,0.7600000000000001
2.1499999999999746,2.617721241562949e-16,19,0.7600000000000001
2.1999999999999744,3.51838443938216e-17,19,0.7600000000000001
2.2499999999999742,4.3934509094259836e-18,19,0.7600000000000001
2.299999999999974,5.092782185824157e-19,19,0.7600000000000001
2.349999999999974,5.476140483296965e-20,19,0.7600000000000001
2.3999999999999737,5.458632995308002e-21,19,0.7600000000000001
2.4499999999999735,5.041225864467973e-22,19,0.7600000000000001
2.4999999999999734,4.311365751680436e-23,19,0.7600000000000001
2.549999999999973,3.4129578938165086e-24,19,0.7600000000000001
2.599999999999973,2.499883269664623e-25,19,0.7600000000000001
2.649999999999973,1.6937074268418037e-26,19,0.7600000000000001
2.6999999999999726,1.0611168929986082e-27,19,0.7600000000000001
2.7499999999999725,6.145927063864342e-29,19,0.7600000000000001
2.7999999999999723,3.2901735439277014e-30,19,0.7600000000000001
2.849999999999972,1.627714252863976e-31,19,0.7600000000000001
2.899999999999972,7.44041828912755e-33,19,0.7600000000000001
2.9499999999999718,3.142084629761685e-34,19,0.7600000000000001
2.9999999999999716,1.2257152735285846e-35,19,0.7600000000000001
3.0499999999999723,4.4164116614614346e-37,19,0.7600000000000001
3.0999999999999712,1.469673797222519e-38,19,0.7600000000000001
3.14999999999997,4.5166074413789966e-40,19,0.7600000000000001
3.199999999999971,1.2817898614181624e-41,19,0.7600000000000001
3.2499999999999716,3.359010977812043e-43,19,0.7600000000000001
3.2999999999999705,8.127865027239365e-45,19,0.7600000000000001
3.3499999999999694,1.815913864247627e-46,19,0.7600000000000001
3.39999999999997,3.745875976770619e-48,19,0.7600000000000001
3.449999999999971,7.134092183046494e-50,19,0.7600000000000001
3.49999999999997,1.2544137040101159e-51,19,0.7600000000000001
3.5499999999999687,2.0363420161301029e-53,19,0.7600000000000001
3.5999999999999694,3.051834161702774e-55,19,0.7600000000000001
3.64999999999997,4.2224541859594543e-57,19,0.7600000000000001
3.699999999999969,5.393333242560476e-59,19,0.7600000000000001
3.749999999999968,6.359649122591694e-61,19,0.7600000000000001
3.7999999999999687,6.922909225181333e-63,19,0.7600000000000001
3.8499999999999694,6.95697244415899e-65,19,0.7600000000000001
3.8999999999999684,6.453943811925551e-67,19,0.7600000000000001
3.9499999999999673,5.527144827816403e-69,19,0.7600000000000001
3.999999999999968,4.369634983032706e-71,19,0.7600000000000001
4.049999999999969,3.189013234110741e-73,19,0.7600000000000001
4.099999999999968,2.148487306698471e-75,19,0.7600000000000001
4.149999999999967,1.3362055190705728e-77,19,0.7600000000000001
4.199999999999967,7.671435036358077e-80,19,0.7600000000000001
4.249999999999968,4.06576143043062e-82,19,0.7600000000000001
4.299999999999967,1.9891534616569676e-84,19,0.7600000000000001
4.349999999999966,8.983697401010554e-87,19,0.7600000000000001
4.399999999999967,3.745430804856438e-89,19,0.7600000000000001
4.449999999999967,1.4414771975563634e-91,19,0.7600000000000001
4.499999999999966,5.121211160353331e-94,19,0.7600000000000001
4.549999999999965,1.679562358696923e-96,19,0.7600000000000001
4.599999999999966,5.084846125377296e-99,19,0.7600000000000001
4.649999999999967,1.42107652370139e-101,19,0.7600000000000001
4.6999999999999655,3.6661890571202355e-104,19,0.7600000000000001
4.7499999999999645,8.731116807954882e-107,19,0.7600000000000001
4.799999999999965,1.9194735230554927e-109,19,0.7600000000000001
4.849999999999966,3.8953967684908065e-112,19,0.7600000000000001
4.899999999999965,7.2975722031637795e-115,19,0.7600000000000001
4.949999999999964,1.262008056843851e-117,19,0.7600000000000001
4.9999999999999645,2.014664783183502e-120,19,0.7600000000000001
-5.0,1.0088188772598675e-120,20,0.8000000000000002
-4.95,3.648786116409777e-115,20,0.8000000000000002
-4.9,1.947704694262228e-112,20,0.8000000000000002
-4.8500000000000005,9.597404103097563e-110,20,0.8000000000000002
-4.800000000000001,4.365577880942424e-107,20,0.8000000000000002
-4.750000000000001,1.8331041259197096e-104,20,0.8000000000000002
-4.700000000000001,7.1054262740611014e-102,20,0.8000000000000002
-4.650000000000001,2.5424413936236002e-99,20,0.8000000000000002
-4.600000000000001,8.397882847276431e-97,20,0.8000000000000002
-4.550000000000002,2.5606310043967413e-94,20,0.8000000000000002
-4.500000000000002,7.20746996587107e-92,20,0.8000000000000002
-4.450000000000002,1.8727410084768888e-89,20,0.8000000000000002
-4.400000000000002,4.49192077434779e-87,20,0.8000000000000002
-4.350000000000002,9.94595457978635e-85,20,0.8000000000000002
-4.3000000000000025,2.032925633694688e-82,20,0.8000000000000002
-4.250000000000003,3.835816975838278e-80,20,0.8000000000000002
-4.200000000000003,6.68123088340008e-78,20,0.8000000000000002
-4.150000000000003,1.0742820105204481e-75,20,0.8000000000000002
-4.100000000000003,1.594573427325705e-73,20,0.8000000000000002
-4.050000000000003,2.1849249158742974e-71,20,0.8000000000000002
-4.0000000000000036,2.7637318645604803e-69,20,0.8000000000000002
-3.9500000000000037,3.227190387701104e-67,20,0.8000000000000002
-3.900000000000004,3.4787625793094166e-65,20,0.8000000000000002
-3.850000000000004,3.4617773097700455e-63,20,0.8000000000000002
-3.8000000000000043,3.180172409907932e-61,20,0.8000000000000002
-3.7500000000000044,2.6970127667330655e-59,20,0.8000000000000002
-3.7000000000000046,2.1115450754293745e-57,20,0.8000000000000002
-3.650000000000005,1.5261867475089167e-55,20,0.8000000000000002
-3.600000000000005,1.0183821307713387e-53,20,0.8000000000000002
-3.550000000000005,6.273594437113238e-52,20,0.8000000000000002
-3.5000000000000053,3.568064262521168e-50,20,0.8000000000000002
-3.4500000000000055,1.873565195232095e-48,20,0.8000000000000002
-3.4000000000000057,9.083136367304872e-47,20,0.8000000000000002
-3.350000000000006,4.065805451597204e-45,20,0.8000000000000002
-3.300000000000006,1.6804134458337491e-43,20,0.8000000000000002
-3.250000000000006,6.413013239588019e-42,20,0.8000000000000002
-3.2000000000000064,2.259983226172749e-40,20,0.8000000000000002
-3.1500000000000066,7.354777935401695e-39,20,0.8000000000000002
-3.1000000000000068,2.2104641344461236e-37,20,0.8000000000000002
-3.050000000000007,6.135924736614722e-36,20,0.8000000000000002
-3.000000000000007,1.573250520707991e-34,20,0.8000000000000002
-2.9500000000000073,3.7263377209231446e-33,20,0.8000000000000002
-2.9000000000000075,8.154281687451038e-32,20,0.8000000000000002
-2.8500000000000076,1.648806981104938e-30,20,0.8000000000000002
-2.800000000000008,3.081102103190168e-29,20,0.8000000000000002
-2.750000000000008,5.322035332702053e-28,20,0.8000000000000002
-2.700000000000008,8.499266769511843e-27,20,0.8000000000000002
-2.6500000000000083,1.2552472192949378e-25,20,0.8000000000000002
-2.6000000000000085,1.7149474840393247e-24,20,0.8000000000000002
-2.5500000000000087,2.1681822921846918e-23,20,0.8000000000000002
-2.500000000000009,2.5376777216987037e-22,20,0.8000000000000002
-2.450000000000009,2.75087332640781e-21,20,0.8000000000000002
-2.4000000000000092,2.7632763709662775e-20,20,0.8000000000000002
-2.3500000000000094,2.5736842578838724e-19,20,0.8000000000000002
-2.3000000000000096,2.224106157121e-18,20,0.8000000000000002
-2.2500000000000098,1.7846561305871024e-17,20,0.8000000000000002
-2.20000000000001,1.3308278751718785e-16,20,0.8000000000000002
-2.15000000000001,9.231436037979564e-16,20,0.8000000000000002
-2.1000000000000103,5.962826383747245e-15,20,0.8000000000000002
-2.0500000000000105,3.590628971889154e-14,20,0.8000000000000002
-2.0000000000000107,2.0182196107839014e-13,20,0.8000000000000002
-1.9500000000000108,1.0603090375584015e-12,20,0.8000000000000002
-1.900000000000011,5.214215288640997e-12,20,0.8000000000000002
-1.8500000000000112,2.4038066500200624e-11,20,0.8000000000000002
-1.8000000000000114,1.0405312120963425e-10,20,0.8000000000000002
-1.7500000000000115,4.2361165475392465e-10,20,0.8000000000000002
-1.7000000000000117,1.6246534085668094e-09,20,0.8000000000000002
-1.650000000000012,5.879671453392807e-09,20,0.8000000000000002
-1.600000000000012,2.0111450338084835e-08,20,0.8000000000000002
-1.5500000000000123,6.511620145835196e-08,20,0.8000000000000002
-1.5000000000000124,1.9984206063470233e-07,20,0.8000000000000002
-1.4500000000000126,5.820502135851443e-07,20,0.8000000000000002
-1.4000000000000128,1.610495525191762e-06,20,0.8000000000000002
-1.350000000000013,4.237145621125339e-06,20,0.8000000000000002
-1.3000000000000131,1.060843870453775e-05,20,0.8000000000000002
-1.2500000000000133,2.5294333039335386e-05,20,0.8000000000000002
-1.2000000000000135,5.747976975517572e-05,20,0.8000000000000002
-1.1500000000000137,0.00012458412043373613,20,0.8000000000000002
-1.1000000000000139,0.0002577618638279634,20,0.8000000000000002
-1.050000000000014,0.000509516383417034,20,0.8000000000000002
-1.0000000000000142,0.0009631305059361519,20,0.8000000000000002
-0.9500000000000144,0.001742767268050781,20,0.8000000000000002
-0.9000000000000146,0.003022092753635676,20,0.8000000000000002
-0.8500000000000147,0.005028469924306853,20,0.8000000000000002
-0.8000000000000149,0.008039729952975048,20,0.8000000000000002
-0.7500000000000151,0.012371586934312447,20,0.8000000000000002
-0.7000000000000153,0.01835595707714521,20,0.8000000000000002
-0.6500000000000155,0.026313147678867884,20,0.8000000000000002
-0.6000000000000156,0.03652291127907691,20,0.8000000000000002
-0.5500000000000158,0.049200062524308294,20,0.8000000000000002
-0.500000000000016,0.0644789628879134,20,0.8000000000000002
-0.45000000000001616,0.08240888046189587,20,0.8000000000000002
-0.40000000000001634,0.10295923654331007,20,0.8000000000000002
-0.3500000000000165,0.12603242741339613,20,0.8000000000000002
-0.3000000000000167,0.15147962014565486,20,0.8000000000000002
-0.2500000000000169,0.17911856394999726,20,0.8000000000000002
-0.20000000000001705,0.2087466337895042,20,0.8000000000000002
-0.15000000000001723,0.2401552048816153,20,0.8000000000000002
-0.10000000000001741,0.2731330436352572,20,0.8000000000000002
-0.050000000000017586,0.30747472508979284,20,0.8000000000000002
-1.7763568394002505e-14,0.34297249938502056,20,0.8000000000000002
0.04999999999998206,0.37941357404462817,20,0.8000000000000002
0.09999999999998188,0.4165559526954732,20,0.8000000000000002
0.1499999999999817,0.4540877158008936,20,0.8000000000000002
0.19999999999998153,0.49155282937823225,20,0.8000000000000002
0.24999999999998135,0.5281611660330627,20,0.8000000000000002
0.29999999999998117,0.5624790714749299,20,0.8000000000000002
0.349999999999981,0.5916680758300182,20,0.8000000000000002
0.3999999999999808,0.6103138704849629,20,0.8000000000000002
0.44999999999998064,0.6086872538416311,20,0.8000000000000002
0.49999999999998046,0.5730737532384416,20,0.8000000000000002
0.5499999999999803,0.4928893882867675,20,0.8000000000000002
0.5999999999999801,0.37512127172523724,20,0.8000000000000002
0.6499999999999799,0.2485101949996435,20,0.8000000000000002
0.6999999999999797,0.14431922975257824,20,0.8000000000000002
0.7499999999999796,0.07547940087192899,20,0.8000000000000002
0.7999999999999794,0.03676342181715391,20,0.8000000000000002
0.8499999999999792,0.017190441237982603,20,0.8000000000000002
0.899999999999979,0.007889712438858174,20,0.8000000000000002
0.9499999999999789,0.003603163240865276,20,0.8000000000000002
0.9999999999999787,0.0016460291443703302,20,0.8000000000000002
1.0499999999999785,0.0007505651777009754,20,0.8000000000000002
1.0999999999999783,0.00033938710664699096,20,0.8000000000000002
1.1499999999999782,0.00015093328295645518,20,0.8000000000000002
1.199999999999978,6.551655973469117e-05,20,0.8000000000000002
1.2499999999999778,2.7588307595297602e-05,20,0.8000000000000002
1.2999999999999776,1.1215312728691666e-05,20,0.8000000000000002
1.3499999999999774,4.384539747647718e-06,20,0.8000000000000002
1.3999999999999773,1.6430557706016319e-06,20,0.8000000000000002
1.449999999999977,5.88534390170328e-07,20,0.8000000000000002
1.499999999999977,2.0099651289325232e-07,20,0.8000000000000002
1.5499999999999767,6.529856388326291e-08,20,0.8000000000000002
1.5999999999999766,2.013683219631624e-08,20,0.8000000000000002
1.6499999999999764,5.8827650580737435e-09,20,0.8000000000000002
1.6999999999999762,1.6249818401670214e-09,20,0.8000000000000002
1.749999999999976,4.23641890176815e-10,20,0.8000000000000002
1.7999999999999758,1.0405552600878024e-10,20,0.8000000000000002
1.8499999999999757,2.403823125786564e-11,20,0.8000000000000002
1.8999999999999755,5.2142249891683236e-12,20,0.8000000000000002
1.9499999999999753,1.0603095274805184e-12,20,0.8000000000000002
1.9999999999999751,2.018219822726738e-13,20,0.8000000000000002
2.049999999999975,3.590629050340227e-14,20,0.8000000000000002
2.0999999999999748,5.962826408576692e-15,20,0.8000000000000002
2.1499999999999746,9.23143604470161e-16,20,0.8000000000000002
2.1999999999999744,1.3308278753286047e-16,20,0.8000000000000002
2.2499999999999742,1.784656130620201e-17,20,0.8000000000000002
2.299999999999974,2.2241061571294768e-18,20,0.8000000000000002
2.349999999999974,2.573684257888619e-19,20,0.8000000000000002
2.3999999999999737,2.763276370970823e-20,20,0.8000000000000002
2.4499999999999735,2.7508733264124033e-21,20,0.8000000000000002
2.4999999999999734,2.537677721703069e-22,20,0.8000000000000002
2.549999999999973,2.1681822921885412e-23,20,0.8000000000000002
2.599999999999973,1.7149474840424633e-24,20,0.8000000000000002
2.649999999999973,1.2552472192973046e-25,20,0.8000000000000002
2.6999999999999726,8.49926676952834e-27,20,0.8000000000000002
2.7499999999999725,5.32203533271268e-28,20,0.8000000000000002
2.7999999999999723,3.0811021031964904e-29,20,0.8000000000000002
2.849999999999972,1.6488069811084147e-30,20,0.8000000000000002
2.899999999999972,8.154281687468689e-32,20,0.8000000000000002
2.9499999999999718,3.726337720931418e-33,20,0.8000000000000002
2.9999999999999716,1.573250520711573e-34,20,0.8000000000000002
3.0499999999999723,6.135924736629036e-36,20,0.8000000000000002
3.0999999999999712,2.210464134451407e-37,20,0.8000000000000002
3.14999999999997,7.354777935419685e-39,20,0.8000000000000002
3.199999999999971,2.2599832261784042e-40,20,0.8000000000000002
3.2499999999999716,6.413013239604431e-42,20,0.8000000000000002
3.2999999999999705,1.6804134458381455e-43,20,0.8000000000000002
3.3499999999999694,4.0658054516080677e-45,20,0.8000000000000002
3.39999999999997,9.083136367329659e-47,20,0.8000000000000002
3.449999999999971,1.8735651952373147e-48,20,0.8000000000000002
3.49999999999997,3.5680642625313117e-50,20,0.8000000000000002
3.5499999999999687,6.27359443713143e-52,20,0.8000000000000002
3.5999999999999694,1.0183821307743494e-53,20,0.8000000000000002
3.64999999999997,1.526186747513515e-55,20,0.8000000000000002
3.699999999999969,2.1115450754358567e-57,20,0.8000000000000002
3.749999999999968,2.697012766741497e-59,20,0.8000000000000002
3.7999999999999687,3.180172409918055e-61,20,0.8000000000000002
3.8499999999999694,3.4617773097812623e-63,20,0.8000000000000002
3.8999999999999684,3.4787625793208857e-65,20,0.8000000000000002
3.9499999999999673,3.227190387711927e-67,20,0.8000000000000002
3.999999999999968,2.763731864569907e-69,20,0.8000000000000002
4.049999999999969,2.1849249158816878e-71,20,0.8000000000000002
4.099999999999968,1.594573427331324e-73,20,0.8000000000000002
4.149999999999967,1.0742820105244173e-75,20,0.8000000000000002
4.199999999999967,6.681230883424385e-78,20,0.8000000000000002
4.249999999999968,3.835816975852121e-80,20,0.8000000000000002
4.299999999999967,2.0329256337023153e-82,20,0.8000000000000002
4.349999999999966,9.945954579825081e-85,20,0.8000000000000002
4.399999999999967,4.491920774365155e-87,20,0.8000000000000002
4.449999999999967,1.872741008484021e-89,20,0.8000000000000002
4.499999999999966,7.207469965899751e-92,20,0.8000000000000002
4.549999999999965,2.5606310044072925e-94,20,0.8000000000000002
4.599999999999966,8.3978828473108e-97,20,0.8000000000000002
4.649999999999967,2.5424413936339335e-99,20,0.8000000000000002
4.6999999999999655,7.10542627409099e-102,20,0.8000000000000002
4.7499999999999645,1.833104125927733e-104,20,0.8000000000000002
4.799999999999965,4.365577880961284e-107,20,0.8000000000000002
4.849999999999966,9.59740410313848e-110,20,0.8000000000000002
4.899999999999965,1.9477046942856875e-112,20,0.8000000000000002
4.949999999999964,3.648796174905806e-115,20,0.8000000000000002
4.9999999999999645,6.310055149075936e-118,20,0.8000000000000002
-5.0,3.1600716689242673e-118,21,0.8400000000000002
-4.95,9.738523521752084e-113,21,0.8400000000000002
-4.9,4.7987202954793635e-110,21,0.8400000000000002
-4.8500000000000005,2.1827986789946836e-107,21,0.8400000000000002
-4.800000000000001,9.165568616619063e-105,21,0.8400000000000002
-4.750000000000001,3.5527349649199554e-102,21,0.8400000000000002
-4.700000000000001,1.2712298623324297e-99,21,0.8400000000000002
-4.650000000000001,4.1989769507695855e-97,21,0.8400000000000002
-4.600000000000001,1.2803282144053387e-94,21,0.8400000000000002
-4.550000000000002,3.603776972349771e-92,21,0.8400000000000002
-4.500000000000002,9.363833073934664e-90,21,0.8400000000000002
-4.450000000000002,2.2459964245237243e-87,21,0.8400000000000002
-4.400000000000002,4.973070926943599e-85,21,0.8400000000000002
-4.350000000000002,1.0164852764512157e-82,21,0.8400000000000002
-4.3000000000000025,1.9179582176920377e-80,21,0.8400000000000002
-4.250000000000003,3.340717087981725e-78,21,0.8400000000000002
-4.200000000000003,5.371601843451033e-76,21,0.8400000000000002
-4.150000000000003,7.973201198172696e-74,21,0.8400000000000002
-4.100000000000003,1.0925161720376746e-71,21,0.8400000000000002
-4.050000000000003,1.3819456609516066e-69,21,0.8400000000000002
-4.0000000000000036,1.6137044400963456e-67,21,0.8400000000000002
-3.9500000000000037,1.7395194762479362e-65,21,0.8400000000000002
-3.900000000000004,1.731050014404408e-63,21,0.8400000000000002
-3.850000000000004,1.5902601430829316e-61,21,0.8400000000000002
-3.8000000000000043,1.3486794722320214e-59,21,0.8400000000000002
-3.7500000000000044,1.0559315463351827e-57,21,0.8400000000000002
-3.7000000000000046,7.6322822439279505e-56,21,0.8400000000000002
-3.650000000000005,5.092966426394408e-54,21,0.8400000000000002
-3.600000000000005,3.1375603119303737e-52,21,0.8400000000000002
-3.550000000000005,1.7845413223259698e-50,21,0.8400000000000002
-3.5000000000000053,9.370962773379032e-49,21,0.8400000000000002
-3.4500000000000055,4.543352215783696e-47,21,0.8400000000000002
-3.4000000000000057,2.033839508396218e-45,21,0.8400000000000002
-3.350000000000006,8.406608797352398e-44,21,0.8400000000000002
-3.300000000000006,3.208539522519808e-42,21,0.8400000000000002
-3.250000000000006,1.1308318198092913e-40,21,0.8400000000000002
-3.2000000000000064,3.6805954743206413e-39,21,0.8400000000000002
-3.1500000000000066,1.1063620588361482e-37,21,0.8400000000000002
-3.1000000000000068,3.071639757275062e-36,21,0.8400000000000002
-3.050000000000007,7.877304924212186e-35,21,0.8400000000000002
-3.000000000000007,1.8662368228298798e-33,21,0.8400000000000002
-2.9500000000000073,4.085007096329059e-32,21,0.8400000000000002
-2.9000000000000075,8.262666594129305e-31,21,0.8400000000000002
-2.8500000000000076,1.5446281924388093e-29,21,0.8400000000000002
-2.800000000000008,2.6692617012565513e-28,21,0.8400000000000002
-2.750000000000008,4.265038895271872e-27,21,0.8400000000000002
-2.700000000000008,6.3028462731382e-26,21,0.8400000000000002
-2.6500000000000083,8.617233754044183e-25,21,0.8400000000000002
-2.6000000000000085,1.0903673821888206e-23,21,0.8400000000000002
-2.5500000000000087,1.2774135982695485e-22,21,0.8400000000000002
-2.500000000000009,1.3862775746648285e-21,21,0.8400000000000002
-2.450000000000009,1.3943265740916323e-20,21,0.8400000000000002
-2.4000000000000092,1.3005964955739752e-19,21,0.8400000000000002
-2.3500000000000094,1.1258694604153315e-18,21,0.8400000000000002
-2.3000000000000096,9.051964865829706e-18,21,0.8400000000000002
-2.2500000000000098,6.765344683715443e-17,21,0.8400000000000002
-2.20000000000001,4.704950825519135e-16,21,0.8400000000000002
-2.15000000000001,3.0479545856322094e-15,21,0.8400000000000002
-2.1000000000000103,1.8414716661344487e-14,21,0.8400000000000002
-2.0500000000000105,1.0389239373106055e-13,21,0.8400000000000002
-2.0000000000000107,5.481076636384219e-13,21,0.8400000000000002
-1.9500000000000108,2.708018624854264e-12,21,0.8400000000000002
-1.900000000000011,1.2549187768764171e-11,21,0.8400000000000002
-1.8500000000000112,5.463366824697765e-11,21,0.8400000000000002
-1.8000000000000114,2.2382486059128884e-10,21,0.8400000000000002
-1.7500000000000115,8.643532643624875e-10,21,0.8400000000000002
-1.7000000000000117,3.151641547195148e-09,21,0.8400000000000002
-1.650000000000012,1.0868051792959636e-08,21,0.8400000000000002
-1.600000000000012,3.549793561476255e-08,21,0.8400000000000002
-1.5500000000000123,1.0997674757991784e-07,21,0.8400000000000002
-1.5000000000000124,3.2358314061328187e-07,21,0.8400000000000002
-1.4500000000000126,9.051682821614347e-07,21,0.8400000000000002
-1.4000000000000128,2.4095943944311287e-06,21,0.8400000000000002
-1.350000000000013,6.109445125809573e-06,21,0.8400000000000002
-1.3000000000000131,1.4765614960254186e-05,21,0.8400000000000002
-1.2500000000000133,3.404346595286486e-05,21,0.8400000000000002
-1.2000000000000135,7.49362504565797e-05,21,0.8400000000000002
-1.1500000000000137,0.00015760818934066695,21,0.8400000000000002
-1.1000000000000139,0.00031700143477700386,21,0.8400000000000002
-1.050000000000014,0.0006102739490434535,21,0.8400000000000002
-1.0000000000000142,0.001125586299572784,21,0.8400000000000002
-0.9500000000000144,0.0019909705449378916,21,0.8400000000000002
-0.9000000000000146,0.0033811689417730033,21,0.8400000000000002
-0.8500000000000147,0.005519810510684325,21,0.8400000000000002
-0.8000000000000149,0.008674474298610933,21,0.8400000000000002
-0.7500000000000151,0.013143382734559882,21,0.8400000000000002
-0.7000000000000153,0.019234502191090835,21,0.8400000000000002
-0.6500000000000155,0.027240037800494794,21,0.8400000000000002
-0.6000000000000156,0.037410952219262904,21,0.8400000000000002
-0.5500000000000158,0.049936214362134836,21,0.8400000000000002
-0.500000000000016,0.06493035600778466,21,0.8400000000000002
-0.45000000000001616,0.08243048616871565,21,0.8400000000000002
-0.40000000000001634,0.10240206410150002,21,0.8400000000000002
-0.3500000000000165,0.12475033415850434,21,0.8400000000000002
-0.3000000000000167,0.14933563824333745,21,0.8400000000000002
-0.2500000000000169,0.17598731060778403,21,0.8400000000000002
-0.20000000000001705,0.204518671919762,21,0.8400000000000002
-0.15000000000001723,0.2347345382309787,21,0.8400000000000002
-0.10000000000001741,0.26644172815824146,21,0.8400000000000002
-0.050000000000017586,0.29944707634834916,21,0.8400000000000002
-1.7763568394002505e-14,0.3335613588471555,21,0.8400000000000002
0.04999999999998206,0.3685864807619218,21,0.8400000000000002
0.09999999999998188,0.40430244622836997,21,0.8400000000000002
0.1499999999999817,0.4404333265681103,21,0.8400000000000002
0.19999999999998153,0.47657272818415186,21,0.8400000000000002
0.24999999999998135,0.5120642460710704,21,0.8400000000000002
0.29999999999998117,0.5456912420013421,21,0.8400000000000002
0.349999999999981,0.5751764080481391,21,0.8400000000000002
0.3999999999999808,0.5960918526292507,21,0.8400000000000002
0.44999999999998064,0.6005077106328106,21,0.8400000000000002
0.49999999999998046,0.5763003658449117,21,0.8400000000000002
0.5499999999999803,0.5116370241118464,21,0.8400000000000002
0.5999999999999801,0.4069363180565941,21,0.8400000000000002
0.6499999999999799,0.2836978364237841,21,0.8400000000000002
0.6999999999999797,0.17320683334834136,21,0.8400000000000002
0.7499999999999796,0.09443662396340037,21,0.8400000000000002
0.7999999999999794,0.04741524679216156,21,0.8400000000000002
0.8499999999999792,0.022584427452273664,21,0.8400000000000002
0.899999999999979,0.01045330793634718,21,0.8400000000000002
0.9499999999999789,0.004779778421699003,21,0.8400000000000002
0.9999999999999787,0.0021793480967339947,21,0.8400000000000002
1.0499999999999785,0.000993226971175852,21,0.8400000000000002
1.0999999999999783,0.0004508573437747299,21,0.8400000000000002
1.1499999999999782,0.0002024740114285528,21,0.8400000000000002
1.199999999999978,8.9265199224114e-05,21,0.8400000000000002
1.2499999999999778,3.836676955896339e-05,21,0.8400000000000002
1.2999999999999776,1.5986572049578096e-05,21,0.8400000000000002
1.3499999999999774,6.429208866368116e-06,21,0.8400000000000002
1.3999999999999773,2.486540844472237e-06,21,0.8400000000000002
1.449999999999977,9.220266735939755e-07,21,0.8400000000000002
1.499999999999977,3.269165454485607e-07,21,0.8400000000000002
1.5499999999999767,1.1056668054360551e-07,21,0.8400000000000002
1.5999999999999766,3.559066531652743e-08,21,0.8400000000000002
1.6499999999999764,1.0880907098811919e-08,21,0.8400000000000002
1.6999999999999762,3.1532034810107696e-09,21,0.8400000000000002
1.749999999999976,8.645186836138485e-10,21,0.8400000000000002
1.7999999999999758,2.2384006075311924e-10,21,0.8400000000000002
1.8499999999999757,5.463487550113435e-11,21,0.8400000000000002
1.8999999999999755,1.2549270392788423e-11,21,0.8400000000000002
1.9499999999999753,2.7080234857259282e-12,21,0.8400000000000002
1.9999999999999751,5.481079089921849e-13,21,0.8400000000000002
2.049999999999975,1.0389240434063339e-13,21,0.8400000000000002
2.0999999999999748,1.8414717053936474e-14,21,0.8400000000000002
2.1499999999999746,3.0479545980547835e-15,21,0.8400000000000002
2.1999999999999744,4.704950828881816e-16,21,0.8400000000000002
2.2499999999999742,6.765344684499497e-17,21,0.8400000000000002
2.299999999999974,9.051964865995436e-18,21,0.8400000000000002
2.349999999999974,1.1258694604195926e-18,21,0.8400000000000002
2.3999999999999737,1.3005964955763713e-19,21,0.8400000000000002
2.4499999999999735,1.394326574093927e-20,21,0.8400000000000002
2.4999999999999734,1.3862775746671443e-21,21,0.8400000000000002
2.549999999999973,1.2774135982717467e-22,21,0.8400000000000002
2.599999999999973,1.0903673821907571e-23,21,0.8400000000000002
2.649999999999973,8.617233754059959e-25,21,0.8400000000000002
2.6999999999999726,6.302846273150087e-26,21,0.8400000000000002
2.7499999999999725,4.2650388952801526e-27,21,0.8400000000000002
2.7999999999999723,2.669261701261882e-28,21,0.8400000000000002
2.849999999999972,1.5446281924419796e-29,21,0.8400000000000002
2.899999999999972,8.26266659414673e-31,21,0.8400000000000002
2.9499999999999718,4.085007096337902e-32,21,0.8400000000000002
2.9999999999999716,1.8662368228340238e-33,21,0.8400000000000002
3.0499999999999723,7.877304924230122e-35,21,0.8400000000000002
3.0999999999999712,3.0716397572822276e-36,21,0.8400000000000002
3.14999999999997,1.1063620588387928e-37,21,0.8400000000000002
3.199999999999971,3.680595474329645e-39,21,0.8400000000000002
3.2499999999999716,1.1308318198121212e-40,21,0.8400000000000002
3.2999999999999705,3.2085395225280196e-42,21,0.8400000000000002
3.3499999999999694,8.406608797374393e-44,21,0.8400000000000002
3.39999999999997,2.0338395084016524e-45,21,0.8400000000000002
3.449999999999971,4.543352215796095e-47,21,0.8400000000000002
3.49999999999997,9.37096277340514e-49,21,0.8400000000000002
3.5499999999999687,1.784541322331043e-50,21,0.8400000000000002
3.5999999999999694,3.137560311939472e-52,21,0.8400000000000002
3.64999999999997,5.092966426409465e-54,21,0.8400000000000002
3.699999999999969,7.632282243950946e-56,21,0.8400000000000002
3.749999999999968,1.0559315463384243e-57,21,0.8400000000000002
3.7999999999999687,1.3486794722362375e-59,21,0.8400000000000002
3.8499999999999694,1.5902601430879935e-61,21,0.8400000000000002
3.8999999999999684,1.7310500144100168e-63,21,0.8400000000000002
3.9499999999999673,1.7395194762536714e-65,21,0.8400000000000002
3.999999999999968,1.6137044401017577e-67,21,0.8400000000000002
4.049999999999969,1.3819456609563202e-69,21,0.8400000000000002
4.099999999999968,1.09251617204137e-71,21,0.8400000000000002
4.149999999999967,7.973201198200791e-74,21,0.8400000000000002
4.199999999999967,5.371601843470879e-76,21,0.8400000000000002
4.249999999999968,3.340717087993878e-78,21,0.8400000000000002
4.299999999999967,1.91795821769896e-80,21,0.8400000000000002
4.349999999999966,1.0164852764550295e-82,21,0.8400000000000002
4.399999999999967,4.973070926962965e-85,21,0.8400000000000002
4.449999999999967,2.245996424532407e-87,21,0.8400000000000002
4.499999999999966,9.363833073970324e-90,21,0.8400000000000002
4.549999999999965,3.603776972364112e-92,21,0.8400000000000002
4.599999999999966,1.2803282144106144e-94,21,0.8400000000000002
4.649999999999967,4.1989769507867706e-97,21,0.8400000000000002
4.6999999999999655,1.2712298623375963e-99,21,0.8400000000000002
4.7499999999999645,3.5527349649348995e-102,21,0.8400000000000002
4.799999999999965,9.16556861665918e-105,21,0.8400000000000002
4.849999999999966,2.1827986790041133e-107,21,0.8400000000000002
4.899999999999965,4.7987202955501144e-110,21,0.8400000000000002
4.949999999999964,9.738555021704184e-113,21,0.8400000000000002
4.9999999999999645,1.8244031315472893e-115,21,0.8400000000000002
-5.0,9.137816016081068e-116,22,0.8800000000000001
-4.95,2.3993601635400403e-110,22,0.8800000000000001
-4.9,1.0914042087591026e-107,22,0.8800000000000001
-4.8500000000000005,4.582808301911009e-105,22,0.8800000000000001
-4.800000000000001,1.7763783964533727e-102,22,0.8800000000000001
-4.750000000000001,6.356195139505231e-100,22,0.8800000000000001
-4.700000000000001,2.0995062390596174e-97,22,0.8800000000000001
-4.650000000000001,6.40170463351981e-95,22,0.8800000000000001
-4.600000000000001,1.8019094810596395e-92,22,0.8800000000000001
-4.550000000000002,4.681980553378052e-90,22,0.8800000000000001
-4.500000000000002,1.123016231146724e-87,22,0.8800000000000001
-4.450000000000002,2.486582282637169e-85,22,0.8800000000000001
-4.400000000000002,5.0825386820773045e-83,22,0.8800000000000001
-4.350000000000002,9.590039742006535e-81,22,0.8800000000000001
-4.3000000000000025,1.670409368254685e-78,22,0.8800000000000001
-4.250000000000003,2.685896819636401e-76,22,0.8800000000000001
-4.200000000000003,3.986767634940747e-74,22,0.8800000000000001
-4.150000000000003,5.462849440280546e-72,22,0.8800000000000001
-4.100000000000003,6.910126964817942e-70,22,0.8800000000000001
-4.050000000000003,8.069068458567747e-68,22,0.8800000000000001
-4.0000000000000036,8.698288354070157e-66,22,0.8800000000000001
-3.9500000000000037,8.656056924242088e-64,22,0.8800000000000001
-3.900000000000004,7.952170475152781e-62,22,0.8800000000000001
-3.850000000000004,6.744262886167309e-60,22,0.8800000000000001
-3.8000000000000043,5.280452861747455e-58,22,0.8800000000000001
-3.7500000000000044,3.8168154617000912e-56,22,0.8800000000000001
-3.7000000000000046,2.5470111789703717e-54,22,0.8800000000000001
-3.650000000000005,1.5691617700773832e-52,22,0.8800000000000001
-3.600000000000005,8.925253094843045e-51,22,0.8800000000000001
-3.550000000000005,4.687050166845481e-49,22,0.8800000000000001
-3.5000000000000053,2.2725683785530114e-47,22,0.8800000000000001
-3.4500000000000055,1.0173883023367781e-45,22,0.8800000000000001
-3.4000000000000057,4.205576074784091e-44,22,0.8800000000000001
-3.350000000000006,1.6052866810141022e-42,22,0.8800000000000001
-3.300000000000006,5.658362403445133e-41,22,0.8800000000000001
-3.250000000000006,1.8419020069215807e-39,22,0.8800000000000001
-3.2000000000000064,5.537464453279788e-38,22,0.8800000000000001
-3.1500000000000066,1.5376601763746913e-36,22,0.8800000000000001
-3.1000000000000068,3.944184272400274e-35,22,0.8800000000000001
-3.050000000000007,9.346542312935774e-34,22,0.8800000000000001
-3.000000000000007,2.0464422006266356e-32,22,0.8800000000000001
-2.9500000000000073,4.140664481178802e-31,22,0.8800000000000001
-2.9000000000000075,7.743565997675692e-30,22,0.8800000000000001
-2.8500000000000076,1.3387621839253404e-28,22,0.8800000000000001
-2.800000000000008,2.1402425885981302e-27,22,0.8800000000000001
-2.750000000000008,3.164769445075383e-26,22,0.8800000000000001
-2.700000000000008,4.329942071498451e-25,22,0.8800000000000001
-2.6500000000000083,5.483351142309794e-24,22,0.8800000000000001
-2.6000000000000085,6.430154160117963e-23,22,0.8800000000000001
-2.5500000000000087,6.985906242433584e-22,22,0.8800000000000001
-2.500000000000009,7.03550355037164e-21,22,0.8800000000000001
-2.450000000000009,6.572296356603118e-20,22,0.8800000000000001
-2.4000000000000092,5.699063630781239e-19,22,0.8800000000000001
-2.3500000000000094,4.591012257693552e-18,22,0.8800000000000001
-2.3000000000000096,3.438965814878488e-17,22,0.8800000000000001
-2.2500000000000098,2.3977352370887156e-16,22,0.8800000000000001
-2.20000000000001,1.5578040162346802e-15,22,0.8800000000000001
-2.15000000000001,9.442605871948133e-15,22,0.8800000000000001
-2.1000000000000103,5.3470174158344224e-14,22,0.8800000000000001
-2.0500000000000105,2.832611901498232e-13,22,0.8800000000000001
-2.0000000000000107,1.4059555092911978e-12,22,0.8800000000000001
-1.9500000000000108,6.5486477161698606e-12,22,0.8800000000000001
-1.900000000000011,2.8670843435320456e-11,22,0.8800000000000001
-1.8500000000000112,1.1818702417003847e-10,22,0.8800000000000001
-1.8000000000000114,4.5949346615590825e-10,22,0.8800000000000001
-1.7500000000000115,1.6877332019166692e-09,22,0.8800000000000001
-1.7000000000000117,5.866202505187573e-09,22,0.8800000000000001
-1.650000000000012,1.9324788330944734e-08,22,0.8800000000000001
-1.600000000000012,6.042239729108464e-08,22,0.8800000000000001
-1.5500000000000123,1.795405174248331e-07,22,0.8800000000000001
-1.5000000000000124,5.075723534237294e-07,22,0.8800000000000001
-1.4500000000000126,1.366587627234386e-06,22,0.8800000000000001
-1.4000000000000128,3.5072994027874785e-06,22,0.8800000000000001
-1.350000000000013,8.587562233894655e-06,22,0.8800000000000001
-1.3000000000000131,2.007623121288635e-05,22,0.8800000000000001
-1.2500000000000133,4.4849853224767474e-05,22,0.8800000000000001
-1.2000000000000135,9.582109137001128e-05,22,0.8800000000000001
-1.1500000000000137,0.00019594986772318815,22,0.8800000000000001
-1.1000000000000139,0.00038387155040175346,22,0.8800000000000001
-1.050000000000014,0.0007210605762532668,22,0.8800000000000001
-1.0000000000000142,0.0012999039411070866,22,0.8800000000000001
-0.9500000000000144,0.002251344548893889,22,0.8800000000000001
-0.9000000000000146,0.003750089658938498,22,0.8800000000000001
-0.8500000000000147,0.006015058780003078,22,0.8800000000000001
-0.8000000000000149,0.009303140582295451,22,0.8800000000000001
-0.7500000000000151,0.01389554433081452,22,0.8800000000000001
-0.7000000000000153,0.020077856037594287,22,0.8800000000000001
-0.6500000000000155,0.028116804550894287,22,0.8800000000000001
-0.6000000000000156,0.03823780491222508,22,0.8800000000000001
-0.5500000000000158,0.05060737975645465,22,0.8800000000000001
-0.500000000000016,0.0653231183563873,22,0.8800000000000001
-0.45000000000001616,0.08241216373445233,22,0.8800000000000001
-0.40000000000001634,0.10183683799908046,22,0.8800000000000001
-0.3500000000000165,0.1235058611489593,22,0.8800000000000001
-0.3000000000000167,0.14728704485868377,22,0.8800000000000001
-0.2500000000000169,0.17302180421869406,22,0.8800000000000001
-0.20000000000001705,0.20053517043067134,22,0.8800000000000001
-0.15000000000001723,0.2296475385709763,22,0.8800000000000001
-0.10000000000001741,0.2601771576706513,22,0.8800000000000001
-0.050000000000017586,0.29194714638029634,22,0.8800000000000001
-1.7763568394002505e-14,0.32477929010175854,22,0.8800000000000001
0.04999999999998206,0.3584924449557061,22,0.8800000000000001
0.09999999999998188,0.3928847993947374,22,0.8800000000000001
0.1499999999999817,0.4277053677617326,22,0.8800000000000001
0.19999999999998153,0.46260313092909394,22,0.8800000000000001
0.24999999999998135,0.49700051182313054,22,0.8800000000000001
0.29999999999998117,0.5298967054054395,22,0.8800000000000001
0.349999999999981,0.5593822342804955,22,0.8800000000000001
0.3999999999999808,0.5818857373096148,22,0.8800000000000001
0.44999999999998064,0.5908367862566799,22,0.8800000000000001
0.49999999999998046,0.5758397805898151,22,0.8800000000000001
0.5499999999999803,0.5249233308946573,22,0.8800000000000001
0.5999999999999801,0.4339250266779133,22,0.8800000000000001
0.6499999999999799,0.3171908876694472,22,0.8800000000000001
0.6999999999999797,0.20338046748277852,22,0.8800000000000001
0.7499999999999796,0.11586152036829116,22,0.8800000000000001
0.7999999999999794,0.060192169624288555,22,0.8800000000000001
0.8499999999999792,0.02936206416056427,22,0.8800000000000001
0.899999999999979,0.013779544953303628,22,0.8800000000000001
0.9499999999999789,0.00633723243427766,22,0.8800000000000001
0.9999999999999787,0.002890874652826281,22,0.8800000000000001
1.0499999999999785,0.0013160119774108228,22,0.8800000000000001
1.0999999999999783,0.0005980395921203959,22,0.8800000000000001
1.1499999999999782,0.0002701003323131506,22,0.8800000000000001
1.199999999999978,0.00012042829523701762,22,0.8800000000000001
1.2499999999999778,5.262742817790738e-05,22,0.8800000000000001
1.2999999999999776,2.2398275347521704e-05,22,0.8800000000000001
1.3499999999999774,9.236606324545272e-06,22,0.8800000000000001
1.3999999999999773,3.675625866899738e-06,22,0.8800000000000001
1.449999999999977,1.4067299101625876e-06,22,0.8800000000000001
1.499999999999977,5.162968446504296e-07,22,0.8800000000000001
1.5499999999999767,1.812536265040905e-07,22,0.8800000000000001
1.5999999999999766,6.072379624252805e-08,22,0.8800000000000001
1.6499999999999764,1.9371934650119653e-08,22,0.8800000000000001
1.6999999999999762,5.872712914742233e-09,22,0.8800000000000001
1.749999999999976,1.688521772860462e-09,22,0.8800000000000001
1.7999999999999758,4.5957677970637296e-10,22,0.8800000000000001
1.8499999999999757,1.1819466558294319e-10,22,0.8800000000000001
1.8999999999999755,2.8671449494025668e-11,22,0.8800000000000001
1.9499999999999753,6.5486891509217405e-12,22,0.8800000000000001
1.9999999999999751,1.4059579450347454e-12,22,0.8800000000000001
2.049999999999975,2.832613130231207e-13,22,0.8800000000000001
2.0999999999999748,5.347017946934625e-14,22,0.8800000000000001
2.1499999999999746,9.442606068412395e-15,22,0.8800000000000001
2.1999999999999744,1.557804022449891e-15,22,0.8800000000000001
2.2499999999999742,2.397735238770886e-16,22,0.8800000000000001
2.299999999999974,3.438965815270728e-17,22,0.8800000000000001
2.349999999999974,4.591012257776536e-18,22,0.8800000000000001
2.3999999999999737,5.699063630802659e-19,22,0.8800000000000001
2.4499999999999735,6.572296356615214e-20,22,0.8800000000000001
2.4999999999999734,7.035503550383222e-21,22,0.8800000000000001
2.549999999999973,6.98590624244526e-22,22,0.8800000000000001
2.599999999999973,6.430154160129034e-23,22,0.8800000000000001
2.649999999999973,5.483351142319536e-24,22,0.8800000000000001
2.6999999999999726,4.32994207150638e-25,22,0.8800000000000001
2.7499999999999725,3.1647694450813527e-26,22,0.8800000000000001
2.7999999999999723,2.140242588602286e-27,22,0.8800000000000001
2.849999999999972,1.3387621839280145e-28,22,0.8800000000000001
2.899999999999972,7.743565997691587e-30,22,0.8800000000000001
2.9499999999999718,4.140664481187535e-31,22,0.8800000000000001
2.9999999999999716,2.046442200631066e-32,22,0.8800000000000001
3.0499999999999723,9.34654231295653e-34,22,0.8800000000000001
3.0999999999999712,3.9441842724092553e-35,22,0.8800000000000001
3.14999999999997,1.5376601763782788e-36,22,0.8800000000000001
3.199999999999971,5.537464453293024e-38,22,0.8800000000000001
3.2499999999999716,1.8419020069260864e-39,22,0.8800000000000001
3.2999999999999705,5.658362403459294e-41,22,0.8800000000000001
3.3499999999999694,1.6052866810182108e-42,22,0.8800000000000001
3.39999999999997,4.205576074795094e-44,22,0.8800000000000001
3.449999999999971,1.0173883023394965e-45,22,0.8800000000000001
3.49999999999997,2.272568378559213e-47,22,0.8800000000000001
3.5499999999999687,4.68705016685854e-49,22,0.8800000000000001
3.5999999999999694,8.92525309486842e-51,22,0.8800000000000001
3.64999999999997,1.5691617700819336e-52,22,0.8800000000000001
3.699999999999969,2.5470111789779017e-54,22,0.8800000000000001
3.749999999999968,3.816815461711591e-56,22,0.8800000000000001
3.7999999999999687,5.280452861763666e-58,22,0.8800000000000001
3.8499999999999694,6.744262886188392e-60,22,0.8800000000000001
3.8999999999999684,7.952170475178094e-62,22,0.8800000000000001
3.9499999999999673,8.656056924270135e-64,22,0.8800000000000001
3.999999999999968,8.698288354098836e-66,22,0.8800000000000001
4.049999999999969,8.069068458594809e-68,22,0.8800000000000001
4.099999999999968,6.910126964841511e-70,22,0.8800000000000001
4.149999999999967,5.462849440299024e-72,22,0.8800000000000001
4.199999999999967,3.9867676349547956e-74,22,0.8800000000000001
4.249999999999968,2.6858968196463246e-76,22,0.8800000000000001
4.299999999999967,1.6704093682607616e-78,22,0.8800000000000001
4.349999999999966,9.590039742041148e-81,22,0.8800000000000001
4.399999999999967,5.082538682096374e-83,22,0.8800000000000001
4.449999999999967,2.4865822826468522e-85,22,0.8800000000000001
4.499999999999966,1.1230162311510652e-87,22,0.8800000000000001
4.549999999999965,4.681980553395883e-90,22,0.8800000000000001
4.599999999999966,1.80190948106681e-92,22,0.8800000000000001
4.649999999999967,6.401704633546189e-95,22,0.8800000000000001
4.6999999999999655,2.09950623906821e-97,22,0.8800000000000001
4.7499999999999645,6.356195139531065e-100,22,0.8800000000000001
4.799999999999965,1.7763783964608447e-102,22,0.8800000000000001
4.849999999999966,4.582808301931068e-105,22,0.8800000000000001
4.899999999999965,1.0914042087795674e-107,22,0.8800000000000001
4.949999999999964,2.3993692697907148e-110,22,0.8800000000000001
4.9999999999999645,4.869293311210436e-113,22,0.8800000000000001
-5.0,2.4392155636132586e-113,23,0.9200000000000002
-4.95,5.457021089484593e-108,23,0.9200000000000002
-4.9,2.2914161477563223e-105,23,0.9200000000000002
-4.8500000000000005,8.881946552477301e-103,23,0.9200000000000002
-4.800000000000001,3.178120483794125e-100,23,0.9200000000000002
-4.750000000000001,1.049762001421791e-97,23,0.9200000000000002
-4.700000000000001,3.200884097735603e-95,23,0.9200000000000002
-4.650000000000001,9.00965238061015e-93,23,0.9200000000000002
-4.600000000000001,2.341022285212194e-90,23,0.9200000000000002
-4.550000000000002,5.615171251207673e-88,23,0.9200000000000002
-4.500000000000002,1.2433145512213515e-85,23,0.9200000000000002
-4.450000000000002,2.5413254918502096e-83,23,0.9200000000000002
-4.400000000000002,4.7951442001174e-81,23,0.9200000000000002
-4.350000000000002,8.352300968207529e-79,23,0.9200000000000002
-4.3000000000000025,1.3429963600169106e-76,23,0.9200000000000002
-4.250000000000003,1.993467337938786e-74,23,0.9200000000000002
-4.200000000000003,2.731559014981255e-72,23,0.9200000000000002
-4.150000000000003,3.4552628207907176e-70,23,0.9200000000000002
-4.100000000000003,4.034807371755888e-68,23,0.9200000000000002
-4.050000000000003,4.3494896833833194e-66,23,0.9200000000000002
-4.0000000000000036,4.3284319155439726e-64,23,0.9200000000000002
-3.9500000000000037,3.976520151994094e-62,23,0.9200000000000002
-3.900000000000004,3.3725642459298666e-60,23,0.9200000000000002
-3.850000000000004,2.640624039397485e-58,23,0.9200000000000002
-3.8000000000000043,1.908744943994354e-56,23,0.9200000000000002
-3.7500000000000044,1.2737696121282732e-54,23,0.9200000000000002
-3.7000000000000046,7.847717258117766e-53,23,0.9200000000000002
-3.650000000000005,4.4639000530110077e-51,23,0.9200000000000002
-3.600000000000005,2.3443096643077793e-49,23,0.9200000000000002
-3.550000000000005,1.1367304519312478e-47,23,0.9200000000000002
-3.5000000000000053,5.0892850367673134e-46,23,0.9200000000000002
-3.4500000000000055,2.103924321581322e-44,23,0.9200000000000002
-3.4000000000000057,8.031520346582195e-43,23,0.9200000000000002
-3.350000000000006,2.831283989759958e-41,23,0.9200000000000002
-3.300000000000006,9.217536468012974e-40,23,0.9200000000000002
-3.250000000000006,2.7715614078416165e-38,23,0.9200000000000002
-3.2000000000000064,7.697510391908064e-37,23,0.9200000000000002
-3.1500000000000066,1.974860868426777e-35,23,0.9200000000000002
-3.1000000000000068,4.680959457349761e-34,23,0.9200000000000002
-3.050000000000007,1.0251931924495179e-32,23,0.9200000000000002
-3.000000000000007,2.0750055117458687e-31,23,0.9200000000000002
-2.9500000000000073,3.882015209840979e-30,23,0.9200000000000002
-2.9000000000000075,6.714514242032596e-29,23,0.9200000000000002
-2.8500000000000076,1.0739930772979029e-27,23,0.9200000000000002
-2.800000000000008,1.589078533457318e-26,23,0.9200000000000002
-2.750000000000008,2.175672248692216e-25,23,0.9200000000000002
-2.700000000000008,2.7574994183802742e-24,23,0.9200000000000002
-2.6500000000000083,3.236726790416474e-23,23,0.9200000000000002
-2.6000000000000085,3.520369876928341e-22,23,0.9200000000000002
-2.5500000000000087,3.549902545986409e-21,23,0.9200000000000002
-2.500000000000009,3.321077709513727e-20,23,0.9200000000000002
-2.450000000000009,2.884709333142478e-19,23,0.9200000000000002
-2.4000000000000092,2.3283676106297917e-18,23,0.9200000000000002
-2.3500000000000094,1.74797822559315e-17,23,0.9200000000000002
-2.3000000000000096,1.2218226798328255e-16,23,0.9200000000000002
-2.2500000000000098,7.96096837191732e-16,23,0.9200000000000002
-2.20000000000001,4.841189697828484e-15,23,0.9200000000000002
-2.15000000000001,2.751398908728888e-14,23,0.9200000000000002
-2.1000000000000103,1.4635189801086962e-13,23,0.9200000000000002
-2.0500000000000105,7.297128417243762e-13,23,0.9200000000000002
-2.0000000000000107,3.415954453151281e-12,23,0.9200000000000002
-1.9500000000000108,1.5038399472141818e-11,23,0.9200000000000002
-1.900000000000011,6.236783594031912e-11,23,0.9200000000000002
-1.8500000000000112,2.440821547535519e-10,23,0.9200000000000002
-1.8000000000000114,9.029601124764588e-10,23,0.9200000000000002
-1.7500000000000115,3.1628479788315013e-09,23,0.9200000000000002
-1.7000000000000117,1.0506260692310902e-08,23,0.9200000000000002
-1.650000000000012,3.3144299174845356e-08,23,0.9200000000000002
-1.600000000000012,9.943264650561893e-08,23,0.9200000000000002
-1.5500000000000123,2.8399732456164143e-07,23,0.9200000000000002
-1.5000000000000124,7.730637052642204e-07,23,0.9200000000000002
-1.4500000000000126,2.0074334694017225e-06,23,0.9200000000000002
-1.4000000000000128,4.977060554831845e-06,23,0.9200000000000002
-1.350000000000013,1.1791687157054793e-05,23,0.9200000000000002
-1.3000000000000131,2.671832017670923e-05,23,0.9200000000000002
-1.2500000000000133,5.7946905566150486e-05,23,0.9200000000000002
-1.2000000000000135,0.00012039258350571252,23,0.9200000000000002
-1.1500000000000137,0.00023981868574875106,23,0.9200000000000002
-1.1000000000000139,0.0004584089155874343,23,0.9200000000000002
-1.050000000000014,0.0008415792671766405,23,0.9200000000000002
-1.0000000000000142,0.0014852928377889364,23,0.9200000000000002
-0.9500000000000144,0.002522522115583998,23,0.9200000000000002
-0.9000000000000146,0.004126979188478672,23,0.9200000000000002
-0.8500000000000147,0.006512118070168199,23,0.9200000000000002
-0.8000000000000149,0.00992392051138425,23,0.9200000000000002
-0.7500000000000151,0.014627183934270387,23,0.9200000000000002
-0.7000000000000153,0.02088668073167369,23,0.9200000000000002
-0.6500000000000155,0.02894602859062188,23,0.9200000000000002
-0.6000000000000156,0.0390079817161423,23,0.9200000000000002
-0.5500000000000158,0.05121946562084675,23,0.9200000000000002
-0.500000000000016,0.06566364017633745,23,0.9200000000000002
-0.45000000000001616,0.08235925182136421,23,0.9200000000000002
-0.40000000000001634,0.10126662584035545,23,0.9200000000000002
-0.3500000000000165,0.12229739502697151,23,0.9200000000000002
-0.3000000000000167,0.14532726328443746,23,0.9200000000000002
-0.2500000000000169,0.17020693144538665,23,0.9200000000000002
-0.20000000000001705,0.19677438194751198,23,0.9200000000000002
-0.15000000000001723,0.22486060429187724,23,0.9200000000000002
-0.10000000000001741,0.2542983136140583,23,0.9200000000000002
-0.050000000000017586,0.28492033710512027,23,0.9200000000000002
-1.7763568394002505e-14,0.31656305630585685,23,0.9200000000000002
0.04999999999998206,0.3490566690849598,23,0.9200000000000002
0.09999999999998188,0.3822158966543436,23,0.9200000000000002
0.1499999999999817,0.41581532693192425,23,0.9200000000000002
0.19999999999998153,0.4495374143643806,23,0.9200000000000002
0.24999999999998135,0.48289214583643897,23,0.9200000000000002
0.29999999999998117,0.515011577996576,23,0.9200000000000002
0.349999999999981,0.5443311227805642,23,0.9200000000000002
0.3999999999999808,0.5678735854754912,23,0.9200000000000002
0.44999999999998064,0.5802626706246404,23,0.9200000000000002
0.49999999999998046,0.5725887795109845,23,0.9200000000000002
0.5499999999999803,0.5335425084603239,23,0.9200000000000002
0.5999999999999801,0.4560439981014542,23,0.9200000000000002
0.6499999999999799,0.34803820992512874,23,0.9200000000000002
0.6999999999999797,0.23396343748256518,23,0.9200000000000002
0.7499999999999796,0.1393344220074204,23,0.9200000000000002
0.7999999999999794,0.07512414448248428,23,0.9200000000000002
0.8499999999999792,0.037672501573787896,23,0.9200000000000002
0.899999999999979,0.01801404235678957,23,0.9200000000000002
0.9499999999999789,0.008371513543637308,23,0.9200000000000002
0.9999999999999787,0.0038343079313245157,23,0.9200000000000002
1.0499999999999785,0.0017460570234542605,23,0.9200000000000002
1.0999999999999783,0.0007933879415290213,23,0.9200000000000002
1.1499999999999782,0.0003593025733545967,23,0.9200000000000002
1.199999999999978,0.0001613779171541928,23,0.9200000000000002
1.2499999999999778,7.14160855505807e-05,23,0.9200000000000002
1.2999999999999776,3.0932554117486374e-05,23,0.9200000000000002
1.3499999999999774,1.3037048241713327e-05,23,0.9200000000000002
1.3999999999999773,5.3216847845554004e-06,23,0.9200000000000002
1.449999999999977,2.0959640045077003e-06,23,0.9200000000000002
1.499999999999977,7.939921575405716e-07,23,0.9200000000000002
1.5499999999999767,2.885103730214893e-07,23,0.9200000000000002
1.5999999999999766,1.0031278707262613e-07,23,0.9200000000000002
1.6499999999999764,3.329825530921328e-08,23,0.9200000000000002
1.6999999999999762,1.0530228285974207e-08,23,0.9200000000000002
1.749999999999976,3.1661448540798122e-09,23,0.9200000000000002
1.7999999999999758,9.033582197891297e-10,23,0.9200000000000002
1.8499999999999757,2.4412411464227707e-10,23,0.9200000000000002
1.8999999999999755,6.237167736971788e-11,23,0.9200000000000002
1.9499999999999753,1.5038703719694222e-11,23,0.9200000000000002
1.9999999999999751,3.4159752319809914e-12,23,0.9200000000000002
2.049999999999975,7.297140622524406e-13,23,0.9200000000000002
2.0999999999999748,1.4635195954578258e-13,23,0.9200000000000002
2.1499999999999746,2.751399174589864e-14,23,0.9200000000000002
2.1999999999999744,4.84118979614476e-15,23,0.9200000000000002
2.2499999999999742,7.960968403012996e-16,23,0.9200000000000002
2.299999999999974,1.2218226806743256e-16,23,0.9200000000000002
2.349999999999974,1.7479782257893773e-17,23,0.9200000000000002
2.3999999999999737,2.3283676106713444e-18,23,0.9200000000000002
2.4499999999999735,2.8847093331532457e-19,23,0.9200000000000002
2.4999999999999734,3.3210777095198334e-20,23,0.9200000000000002
2.549999999999973,3.549902545992256e-21,23,0.9200000000000002
2.599999999999973,3.5203698769342277e-22,23,0.9200000000000002
2.649999999999973,3.236726790422049e-23,23,0.9200000000000002
2.6999999999999726,2.757499418385175e-24,23,0.9200000000000002
2.7499999999999725,2.175672248696202e-25,23,0.9200000000000002
2.7999999999999723,1.5890785334603164e-26,23,0.9200000000000002
2.849999999999972,1.0739930772999889e-27,23,0.9200000000000002
2.899999999999972,6.71451424204601e-29,23,0.9200000000000002
2.9499999999999718,3.882015209848949e-30,23,0.9200000000000002
2.9999999999999716,2.075005511750246e-31,23,0.9200000000000002
3.0499999999999723,1.0251931924517376e-32,23,0.9200000000000002
3.0999999999999712,4.680959457360157e-34,23,0.9200000000000002
3.14999999999997,1.974860868431274e-35,23,0.9200000000000002
3.199999999999971,7.697510391926025e-37,23,0.9200000000000002
3.2499999999999716,2.7715614078482415e-38,23,0.9200000000000002
3.2999999999999705,9.217536468035524e-40,23,0.9200000000000002
3.3499999999999694,2.831283989767044e-41,23,0.9200000000000002
3.39999999999997,8.031520346602752e-43,23,0.9200000000000002
3.449999999999971,2.1039243215868266e-44,23,0.9200000000000002
3.49999999999997,5.0892850367809115e-46,23,0.9200000000000002
3.5499999999999687,1.1367304519343498e-47,23,0.9200000000000002
3.5999999999999694,2.3443096643143107e-49,23,0.9200000000000002
3.64999999999997,4.463900053023699e-51,23,0.9200000000000002
3.699999999999969,7.847717258140524e-53,23,0.9200000000000002
3.749999999999968,1.273769612132039e-54,23,0.9200000000000002
3.7999999999999687,1.9087449440001048e-56,23,0.9200000000000002
3.8499999999999694,2.640624039405592e-58,23,0.9200000000000002
3.8999999999999684,3.3725642459404097e-60,23,0.9200000000000002
3.9499999999999673,3.976520152006752e-62,23,0.9200000000000002
3.999999999999968,4.3284319155579976e-64,23,0.9200000000000002
4.049999999999969,4.34948968339766e-66,23,0.9200000000000002
4.099999999999968,4.03480737176942e-68,23,0.9200000000000002
4.149999999999967,3.455262820802503e-70,23,0.9200000000000002
4.199999999999967,2.731559014990494e-72,23,0.9200000000000002
4.249999999999968,1.9934673379458108e-74,23,0.9200000000000002
4.299999999999967,1.3429963600218725e-76,23,0.9200000000000002
4.349999999999966,8.352300968237912e-79,23,0.9200000000000002
4.399999999999967,4.795144200134706e-81,23,0.9200000000000002
4.449999999999967,2.541325491859745e-83,23,0.9200000000000002
4.499999999999966,1.243314551226193e-85,23,0.9200000000000002
4.549999999999965,5.61517125122938e-88,23,0.9200000000000002
4.599999999999966,2.341022285221109e-90,23,0.9200000000000002
4.649999999999967,9.009652380646003e-93,23,0.9200000000000002
4.6999999999999655,3.200884097748792e-95,23,0.9200000000000002
4.7499999999999645,1.0497620014260873e-97,23,0.9200000000000002
4.799999999999965,3.178120483807042e-100,23,0.9200000000000002
4.849999999999966,8.881946552514662e-103,23,0.9200000000000002
4.899999999999965,2.2914161478118828e-105,23,0.9200000000000002
4.949999999999964,5.4570453903643935e-108,23,0.9200000000000002
4.9999999999999645,1.1996892038033655e-110,23,0.9200000000000002
-5.0,6.010642096834893e-111,24,0.9600000000000002
-4.95,1.145708086074239e-105,24,0.9600000000000002
-4.9,4.441000561344098e-103,24,0.9600000000000002
-4.8500000000000005,1.5890716989778013e-100,24,0.9600000000000002
-4.800000000000001,5.248854416841717e-98,24,0.9600000000000002
-4.750000000000001,1.6004579394702205e-95,24,0.9600000000000002
-4.700000000000001,4.504878678405146e-93,24,0.9600000000000002
-4.650000000000001,1.1705271470265856e-90,24,0.9600000000000002
-4.600000000000001,2.8076306738657393e-88,24,0.9600000000000002
-4.550000000000002,6.216689807221018e-86,24,0.9600000000000002
-4.500000000000002,1.2706908217813608e-83,24,0.9600000000000002
-4.450000000000002,2.397634265786261e-81,24,0.9600000000000002
-4.400000000000002,4.176277550378357e-79,24,0.9600000000000002
-4.350000000000002,6.715221557294559e-77,24,0.9600000000000002
-4.3000000000000025,9.967754304742341e-75,24,0.9600000000000002
-4.250000000000003,1.3658466573086282e-72,24,0.9600000000000002
-4.200000000000003,1.727731083762256e-70,24,0.9600000000000002
-4.150000000000003,2.017540263828693e-68,24,0.9600000000000002
-4.100000000000003,2.1749176048326991e-66,24,0.9600000000000002
-4.050000000000003,2.1644176981405743e-64,24,0.9600000000000002
-4.0000000000000036,1.988477550481216e-62,24,0.9600000000000002
-3.9500000000000037,1.6864985445607104e-60,24,0.9600000000000002
-3.900000000000004,1.3205108457063421e-58,24,0.9600000000000002
-3.850000000000004,9.545411002094735e-57,24,0.9600000000000002
-3.8000000000000043,6.370168372661065e-55,24,0.9600000000000002
-3.7500000000000044,3.92481300153088e-53,24,0.9600000000000002
-3.7000000000000046,2.232586911311568e-51,24,0.9600000000000002
-3.650000000000005,1.1725472180167955e-49,24,0.9600000000000002
-3.600000000000005,5.685884209682745e-48,24,0.9600000000000002
-3.550000000000005,2.5458146732158105e-46,24,0.9600000000000002
-3.5000000000000053,1.0525305260166266e-44,24,0.9600000000000002
-3.4500000000000055,4.018304815809481e-43,24,0.9600000000000002
-3.4000000000000057,1.4166939570407698e-41,24,0.9600000000000002
-3.350000000000006,4.612783994179778e-40,24,0.9600000000000002
-3.300000000000006,1.3871963459156882e-38,24,0.9600000000000002
-3.250000000000006,3.853363964188039e-37,24,0.9600000000000002
-3.2000000000000064,9.888162149173093e-36,24,0.9600000000000002
-3.1500000000000066,2.3443284838708343e-34,24,0.9600000000000002
-3.1000000000000068,5.135840266589723e-33,24,0.9600000000000002
-3.050000000000007,1.0398432356016092e-31,24,0.9600000000000002
-3.000000000000007,1.946133570882737e-30,24,0.9600000000000002
-2.9500000000000073,3.3676321485750276e-29,24,0.9600000000000002
-2.9000000000000075,5.389375462538719e-28,24,0.9600000000000002
-2.8500000000000076,7.978965238496753e-27,24,0.9600000000000002
-2.800000000000008,1.0932060897325977e-25,24,0.9600000000000002
-2.750000000000008,1.3866951018574237e-24,24,0.9600000000000002
-2.700000000000008,1.6292417564516978e-23,24,0.9600000000000002
-2.6500000000000083,1.7739724355560718e-22,24,0.9600000000000002
-2.6000000000000085,1.791134906945287e-21,24,0.9600000000000002
-2.5500000000000087,1.6781407041415052e-20,24,0.9600000000000002
-2.500000000000009,1.460104179301171e-19,24,0.9600000000000002
-2.450000000000009,1.1807891938624645e-18,24,0.9600000000000002
-2.4000000000000092,8.884126594622874e-18,24,0.9600000000000002
-2.3500000000000094,6.225531779695617e-17,24,0.9600000000000002
-2.3000000000000096,4.0678830972383164e-16,24,0.9600000000000002
-2.2500000000000098,2.4816859829058782e-15,24,0.9600000000000002
-2.20000000000001,1.4155042962240156e-14,24,0.9600000000000002
-2.15000000000001,7.559654385434478e-14,24,0.9600000000000002
-2.1000000000000103,3.786134154057262e-13,24,0.9600000000000002
-2.0500000000000105,1.7811531755787459e-12,24,0.9600000000000002
-2.0000000000000107,7.884056156887972e-12,24,0.9600000000000002
-1.9500000000000108,3.289189519595958e-11,24,0.9600000000000002
-1.900000000000011,1.2956027710097687e-10,24,0.9600000000000002
-1.8500000000000112,4.826639740460995e-10,24,0.9600000000000002
-1.8000000000000114,1.7034650648037203e-09,24,0.9600000000000002
-1.7500000000000115,5.7046103804804445e-09,24,0.9600000000000002
-1.7000000000000117,1.8153573359130235e-08,24,0.9600000000000002
-1.650000000000012,5.496945164367098e-08,24,0.9600000000000002
-1.600000000000012,1.5857079595705622e-07,24,0.9600000000000002
-1.5500000000000123,4.362480583367914e-07,24,0.9600000000000002
-1.5000000000000124,1.1457146071547513e-06,24,0.9600000000000002
-1.4500000000000126,2.8750572953471776e-06,24,0.9600000000000002
-1.4000000000000128,6.899533310408883e-06,24,0.9600000000000002
-1.350000000000013,1.5847552546270276e-05,24,0.9600000000000002
-1.3000000000000131,3.48686526016069e-05,24,0.9600000000000002
-1.2500000000000133,7.355269574010485e-05,24,0.9600000000000002
-1.2000000000000135,0.00014887196462581685,24,0.9600000000000002
-1.1500000000000137,0.00028936162067462804,24,0.9600000000000002
-1.1000000000000139,0.0005405688279305144,24,0.9600000000000002
-1.050000000000014,0.0009714516854721659,24,0.9600000000000002
-1.0000000000000142,0.0016809197189481854,24,0.9600000000000002
-0.9500000000000144,0.0028031708406521744,24,0.9600000000000002
-0.9000000000000146,0.0045101111800888586,24,0.9600000000000002
-0.8500000000000147,0.0070091594017126346,24,0.9600000000000002
-0.8000000000000149,0.01053534163660186,24,0.9600000000000002
-0.7500000000000151,0.01533774677479485,24,0.9600000000000002
-0.7000000000000153,0.02166182265018171,24,0.9600000000000002
-0.6500000000000155,0.029730257382791992,24,0.9600000000000002
-0.6000000000000156,0.03972563488827111,24,0.9600000000000002
-0.5500000000000158,0.05177779274551175,24,0.9600000000000002
-0.500000000000016,0.06595743618068751,24,0.9600000000000002
-0.45000000000001616,0.08227648983476986,24,0.9600000000000002
-0.40000000000001634,0.10069360213020621,24,0.9600000000000002
-0.3500000000000165,0.12112392777346573,24,0.9600000000000002
-0.3000000000000167,0.14344941389984478,24,0.9600000000000002
-0.2500000000000169,0.16753079382855848,24,0.9600000000000002
-0.20000000000001705,0.19321538949854122,24,0.9600000000000002
-0.15000000000001723,0.2203468527975594,24,0.9600000000000002
-0.10000000000001741,0.2487670092717813,24,0.9600000000000002
-0.050000000000017586,0.27832177769780736,24,0.9600000000000002
-1.7763568394002505e-14,0.30885631114772166,24,0.9600000000000002
0.04999999999998206,0.34021411187258443,24,0.9600000000000002
0.09999999999998188,0.37222363243267886,24,0.9600000000000002
0.1499999999999817,0.4046776764577363,24,0.9600000000000002
0.19999999999998153,0.43729724870437814,24,0.9600000000000002
0.24999999999998135,0.46964388846905625,24,0.9600000000000002
0.29999999999998117,0.5009893249650957,24,0.9600000000000002
0.349999999999981,0.5299938850139803,24,0.9600000000000002
0.3999999999999808,0.5542152175640243,24,0.9600000000000002
0.44999999999998064,0.56915568222502,24,0.9600000000000002
0.49999999999998046,0.5673100212597432,24,0.9600000000000002
0.5499999999999803,0.5382927452497233,24,0.9600000000000002
0.5999999999999801,0.47349776174597574,24,0.9600000000000002
0.6499999999999799,0.3756511654171499,24,0.9600000000000002
0.6999999999999797,0.2640296188486238,24,0.9600000000000002
0.7499999999999796,0.16436284158141135,24,0.9600000000000002
0.7999999999999794,0.09210243454686713,24,0.9600000000000002
0.8499999999999792,0.047632919692075525,24,0.9600000000000002
0.899999999999979,0.02329183458587575,24,0.9600000000000002
0.9499999999999789,0.010986135905001042,24,0.9600000000000002
0.9999999999999787,0.005072191988322213,24,0.9600000000000002
1.0499999999999785,0.0023166624270040594,24,0.9600000000000002
1.0999999999999783,0.0010532637217624157,24,0.9600000000000002
1.1499999999999782,0.00047750361366033083,24,0.9600000000000002
1.199999999999978,0.00021538412906897748,24,0.9600000000000002
1.2499999999999778,9.616025283768776e-05,24,0.9600000000000002
1.2999999999999776,4.222755295467671e-05,24,0.9600000000000002
1.3499999999999774,1.8127305151535945e-05,24,0.9600000000000002
1.3999999999999773,7.566539237422864e-06,24,0.9600000000000002
1.449999999999977,3.057844009029066e-06,24,0.9600000000000002
1.499999999999977,1.1922380507299693e-06,24,0.9600000000000002
1.5499999999999767,4.4715259637877706e-07,24,0.9600000000000002
1.5999999999999766,1.6090433059124358e-07,24,0.9600000000000002
1.6499999999999764,5.5421509669654074e-08,24,0.9600000000000002
1.6999999999999762,1.8232200301396413e-08,24,0.9600000000000002
1.749999999999976,5.716793274895599e-09,24,0.9600000000000002
1.7999999999999758,1.70513448635402e-09,24,0.9600000000000002
1.8499999999999757,4.82864948741857e-10,24,0.9600000000000002
1.8999999999999755,1.2958140919285973e-10,24,0.9600000000000002
1.9499999999999753,3.289382630162515e-11,24,0.9600000000000002
1.9999999999999751,7.884208891018458e-12,24,0.9600000000000002
2.049999999999975,1.7811635957657165e-12,24,0.9600000000000002
2.0999999999999748,3.7861402699927594e-13,24,0.9600000000000002
2.1499999999999746,7.559657467096795e-14,24,0.9600000000000002
2.1999999999999744,1.4155044293100121e-14,24,0.9600000000000002
2.2499999999999742,2.481686032106101e-15,24,0.9600000000000002
2.299999999999974,4.0678831127959684e-16,24,0.9600000000000002
2.349999999999974,6.225531783905195e-17,24,0.9600000000000002
2.3999999999999737,8.88412659560455e-18,24,0.9600000000000002
2.4499999999999735,1.1807891938832713e-18,24,0.9600000000000002
2.4999999999999734,1.4601041793065842e-19,24,0.9600000000000002
2.549999999999973,1.678140704144588e-20,24,0.9600000000000002
2.599999999999973,1.7911349069482382e-21,24,0.9600000000000002
2.649999999999973,1.7739724355590397e-22,24,0.9600000000000002
2.6999999999999726,1.6292417564545055e-23,24,0.9600000000000002
2.7499999999999725,1.386695101859889e-24,24,0.9600000000000002
2.7999999999999723,1.0932060897346009e-25,24,0.9600000000000002
2.849999999999972,7.978965238511813e-27,24,0.9600000000000002
2.899999999999972,5.389375462549189e-28,24,0.9600000000000002
2.9499999999999718,3.3676321485817566e-29,24,0.9600000000000002
2.9999999999999716,1.946133570886733e-30,24,0.9600000000000002
3.0499999999999723,1.039843235603803e-31,24,0.9600000000000002
3.0999999999999712,5.1358402666008444e-33,24,0.9600000000000002
3.14999999999997,2.3443284838760412e-34,24,0.9600000000000002
3.199999999999971,9.888162149195611e-36,24,0.9600000000000002
3.2499999999999716,3.85336396419703e-37,24,0.9600000000000002
3.2999999999999705,1.3871963459190043e-38,24,0.9600000000000002
3.3499999999999694,4.612783994191063e-40,24,0.9600000000000002
3.39999999999997,1.4166939570443154e-41,24,0.9600000000000002
3.449999999999971,4.018304815819766e-43,24,0.9600000000000002
3.49999999999997,1.0525305260193805e-44,24,0.9600000000000002
3.5499999999999687,2.545814673222613e-46,24,0.9600000000000002
3.5999999999999694,5.685884209698261e-48,24,0.9600000000000002
3.64999999999997,1.1725472180200624e-49,24,0.9600000000000002
3.699999999999969,2.2325869113179155e-51,24,0.9600000000000002
3.749999999999968,3.924813001542262e-53,24,0.9600000000000002
3.7999999999999687,6.370168372679898e-55,24,0.9600000000000002
3.8499999999999694,9.545411002123494e-57,24,0.9600000000000002
3.8999999999999684,1.3205108457103963e-58,24,0.9600000000000002
3.9499999999999673,1.6864985445659828e-60,24,0.9600000000000002
3.999999999999968,1.988477550487546e-62,24,0.9600000000000002
4.049999999999969,2.1644176981475874e-64,24,0.9600000000000002
4.099999999999968,2.1749176048398702e-66,24,0.9600000000000002
4.149999999999967,2.0175402638354593e-68,24,0.9600000000000002
4.199999999999967,1.727731083768149e-70,24,0.9600000000000002
4.249999999999968,1.3658466573132482e-72,24,0.9600000000000002
4.299999999999967,9.967754304777465e-75,24,0.9600000000000002
4.349999999999966,6.715221557319369e-77,24,0.9600000000000002
4.399999999999967,4.176277550393549e-79,24,0.9600000000000002
4.449999999999967,2.3976342657949145e-81,24,0.9600000000000002
4.499999999999966,1.2706908217861286e-83,24,0.9600000000000002
4.549999999999965,6.2166898072452265e-86,24,0.9600000000000002
4.599999999999966,2.807630673876593e-88,24,0.9600000000000002
4.649999999999967,1.1705271470310432e-90,24,0.9600000000000002
4.6999999999999655,4.504878678423073e-93,24,0.9600000000000002
4.7499999999999645,1.600457939476815e-95,24,0.9600000000000002
4.799999999999965,5.2488544168631986e-98,24,0.9600000000000002
4.849999999999966,1.5890716989842599e-100,24,0.9600000000000002
4.899999999999965,4.441000561484283e-103,24,0.9600000000000002
4.949999999999964,1.1457140723519605e-105,24,0.9600000000000002
4.9999999999999645,2.728534891260015e-108,24,0.9600000000000002
-5.0,1.367272766678425e-108,25,1.0000000000000002
-4.95,2.2205003107252594e-103,25,1.0000000000000002
-4.9,7.94541578029331e-101,25,1.0000000000000002
-4.8500000000000005,2.624449413423665e-98,25,1.0000000000000002
-4.800000000000001,8.002369150936051e-96,25,1.0000000000000002
-4.750000000000001,2.2524655834746573e-93,25,1.0000000000000002
-4.700000000000001,5.852715758029902e-91,25,1.0000000000000002
-4.650000000000001,1.4038378613262617e-88,25,1.0000000000000002
-4.600000000000001,3.1084034299678605e-86,25,1.0000000000000002
-4.550000000000002,6.353594490440497e-84,25,1.0000000000000002
-4.500000000000002,1.1988482163421667e-81,25,1.0000000000000002
-4.450000000000002,2.0882023097302674e-79,25,1.0000000000000002
-4.400000000000002,3.3577306603605687e-77,25,1.0000000000000002
-4.350000000000002,4.98408596624869e-75,25,1.0000000000000002
-4.3000000000000025,6.829569047621006e-73,25,1.0000000000000002
-4.250000000000003,8.639153806526517e-71,25,1.0000000000000002
-4.200000000000003,1.0088384242472119e-68,25,1.0000000000000002
-4.150000000000003,1.0875451889705377e-66,25,1.0000000000000002
-4.100000000000003,1.0823097260834786e-64,25,1.0000000000000002
-4.050000000000003,9.943475211208497e-63,25,1.0000000000000002
-4.0000000000000036,8.433574931652622e-61,25,1.0000000000000002
-3.9500000000000037,6.6035484673069515e-59,25,1.0000000000000002
-3.900000000000004,4.7735487503196476e-57,25,1.0000000000000002
-3.850000000000004,3.1857444417533855e-55,25,1.0000000000000002
-3.8000000000000043,1.9628837713155448e-53,25,1.0000000000000002
-3.7500000000000044,1.116611964074417e-51,25,1.0000000000000002
-3.7000000000000046,5.864698496584743e-50,25,1.0000000000000002
-3.650000000000005,2.844058398297028e-48,25,1.0000000000000002
-3.600000000000005,1.2734936102169137e-46,25,1.0000000000000002
-3.550000000000005,5.265495572187974e-45,25,1.0000000000000002
-3.5000000000000053,2.0104253152413484e-43,25,1.0000000000000002
-3.4500000000000055,7.088732437833932e-42,25,1.0000000000000002
-3.4000000000000057,2.3084011494977935e-40,25,1.0000000000000002
-3.350000000000006,6.943065199363645e-39,25,1.0000000000000002
-3.300000000000006,1.9289883740911093e-37,25,1.0000000000000002
-3.250000000000006,4.951017056316125e-36,25,1.0000000000000002
-3.2000000000000064,1.174090923917511e-34,25,1.0000000000000002
-3.1500000000000066,2.572864214369448e-33,25,1.0000000000000002
-3.1000000000000068,5.2109378204274e-32,25,1.0000000000000002
-3.050000000000007,9.756347055746633e-31,25,1.0000000000000002
-3.000000000000007,1.689015290465522e-29,25,1.0000000000000002
-2.9500000000000073,2.704418399123773e-28,25,1.0000000000000002
-2.9000000000000075,4.0063207799912514e-27,25,1.0000000000000002
-2.8500000000000076,5.492977325975682e-26,25,1.0000000000000002
-2.800000000000008,6.973370335479602e-25,25,1.0000000000000002
-2.750000000000008,8.200869086745119e-24,25,1.0000000000000002
-2.700000000000008,8.93919693287323e-23,25,1.0000000000000002
-2.6500000000000083,9.03713662254902e-22,25,1.0000000000000002
-2.6000000000000085,8.47940214248533e-21,25,1.0000000000000002
-2.5500000000000087,7.390077641853119e-20,25,1.0000000000000002
-2.500000000000009,5.987853004519398e-19,25,1.0000000000000002
-2.450000000000009,4.5150685062764955e-18,25,1.0000000000000002
-2.4000000000000092,3.171805349540932e-17,25,1.0000000000000002
-2.3500000000000094,2.0783621815922723e-16,25,1.0000000000000002
-2.3000000000000096,1.271970650351416e-15,25,1.0000000000000002
-2.2500000000000098,7.280915635981955e-15,25,1.0000000000000002
-2.20000000000001,3.903911491862419e-14,25,1.0000000000000002
-2.15000000000001,1.9638422918395454e-13,25,1.0000000000000002
-2.1000000000000103,9.28374859715912e-13,25,1.0000000000000002
-2.0500000000000105,4.131334786134446e-12,25,1.0000000000000002
-2.0000000000000107,1.733652418555342e-11,25,1.0000000000000002
-1.9500000000000108,6.872216662558768e-11,25,1.0000000000000002
-1.900000000000011,2.5777793457465304e-10,25,1.0000000000000002
-1.8500000000000112,9.165126703753471e-10,25,1.0000000000000002
-1.8000000000000114,3.093637170801349e-09,25,1.0000000000000002
-1.7500000000000115,9.928519146636891e-09,25,1.0000000000000002
-1.7000000000000117,3.0337030414256106e-08,25,1.0000000000000002
-1.650000000000012,8.836217969506422e-08,25,1.0000000000000002
-1.600000000000012,2.4560871753208565e-07,25,1.0000000000000002
-1.5500000000000123,6.52142444052451e-07,25,1.0000000000000002
-1.5000000000000124,1.655651061713568e-06,25,1.0000000000000002
-1.4500000000000126,4.022614700602228e-06,25,1.0000000000000002
-1.4000000000000128,9.361256345015275e-06,25,1.0000000000000002
-1.350000000000013,2.0883859312133023e-05,25,1.0000000000000002
-1.3000000000000131,4.469909237236178e-05,25,1.0000000000000002
-1.2500000000000133,9.18661192059284e-05,25,1.0000000000000002
-1.2000000000000135,0.00018144149417767267,25,1.0000000000000002
-1.1500000000000137,0.0003446663859189899,25,1.0000000000000002
-1.1000000000000139,0.0006302346554274596,25,1.0000000000000002
-1.050000000000014,0.001110237618150586,25,1.0000000000000002
-1.0000000000000142,0.001885928453385235,25,1.0000000000000002
-0.9500000000000144,0.003092012327167479,25,1.0000000000000002
-0.9000000000000146,0.004897911011431058,25,1.0000000000000002
-0.8500000000000147,0.007504595944236729,25,1.0000000000000002
-0.8000000000000149,0.01113622945613192,25,1.0000000000000002
-0.7500000000000151,0.01602693391596618,25,1.0000000000000002
-0.7000000000000153,0.022404273733209554,25,1.0000000000000002
-0.6500000000000155,0.030471950467876752,25,1.0000000000000002
-0.6000000000000156,0.04039461474064185,25,1.0000000000000002
-0.5500000000000158,0.05228708407042867,25,1.0000000000000002
-0.500000000000016,0.06620944509855405,25,1.0000000000000002
-0.45000000000001616,0.0821677555309615,25,1.0000000000000002
-0.40000000000001634,0.10011989178416963,25,1.0000000000000002
-0.3500000000000165,0.11998380144737496,25,1.0000000000000002
-0.3000000000000167,0.14164824860070105,25,1.0000000000000002
-0.2500000000000169,0.1649815112210202,25,1.0000000000000002
-0.20000000000001705,0.18984158958166647,25,1.0000000000000002
-0.15000000000001723,0.21608063175257056,25,1.0000000000000002
-0.10000000000001741,0.2435522599670677,25,1.0000000000000002
-0.050000000000017586,0.2721102210030011,25,1.0000000000000002
-1.7763568394002505e-14,0.3016114187899192,25,1.0000000000000002
0.04999999999998206,0.3319083294690803,25,1.0000000000000002
0.09999999999998188,0.3628422181839642,25,1.0000000000000002
0.1499999999999817,0.39422475033192034,25,1.0000000000000002
0.19999999999998153,0.42580051043277567,25,1.0000000000000002
0.24999999999998135,0.45719100283382424,25,1.0000000000000002
0.29999999999998117,0.4877532595063429,25,1.0000000000000002
0.349999999999981,0.5163694305344487,25,1.0000000000000002
0.3999999999999808,0.540965849128137,25,1.0000000000000002
0.44999999999998064,0.5578253888434455,25,1.0000000000000002
0.49999999999998046,0.5605600359414806,25,1.0000000000000002
0.5499999999999803,0.5399319974715158,25,1.0000000000000002
0.5999999999999801,0.48670101163528073,25,1.0000000000000002
0.6499999999999799,0.3996613884471196,25,1.0000000000000002
0.6999999999999797,0.29282673437659,25,1.0000000000000002
0.7499999999999796,0.1903117829337234,25,1.0000000000000002
0.7999999999999794,0.11094713036760832,25,1.0000000000000002
0.8499999999999792,0.05928520434458827,25,1.0000000000000002
0.899999999999979,0.029739167769791994,25,1.0000000000000002
0.9499999999999789,0.014285369772460862,25,1.0000000000000002
0.9999999999999787,0.006674464817467043,25,1.0000000000000002
1.0499999999999785,0.0030676514084620786,25,1.0000000000000002
1.0999999999999783,0.0013981108033521217,25,1.0000000000000002
1.1499999999999782,0.0006345365202446017,25,1.0000000000000002
1.199999999999978,0.00028687568583037586,25,1.0000000000000002
1.2499999999999778,0.00012881476244319234,25,1.0000000000000002
1.2999999999999776,5.71455626336186e-05,25,1.0000000000000002
1.3499999999999774,2.4897391278792287e-05,25,1.0000000000000002
1.3999999999999773,1.059263843003892e-05,25,1.0000000000000002
1.449999999999977,4.379399810293309e-06,25,1.0000000000000002
1.499999999999977,1.7525001327968293e-06,25,1.0000000000000002
1.5499999999999767,6.765714697688797e-07,25,1.0000000000000002
1.5999999999999766,2.512870923989957e-07,25,1.0000000000000002
1.6499999999999764,8.956827055787809e-08,25,1.0000000000000002
1.6999999999999762,3.0569152080047243e-08,25,1.0000000000000002
1.749999999999976,9.968667459776346e-09,25,1.0000000000000002
1.7999999999999758,3.099829118308441e-09,25,1.0000000000000002
1.8499999999999757,9.173579483515782e-10,25,1.0000000000000002
1.8999999999999755,2.578793875681564e-10,25,1.0000000000000002
1.9499999999999753,6.873280904528494e-11,25,1.0000000000000002
1.9999999999999751,1.73374949489112e-11,25,1.0000000000000002
2.049999999999975,4.131411459021271e-12,25,1.0000000000000002
2.0999999999999748,9.283800852189755e-13,25,1.0000000000000002
2.1499999999999746,1.9638453564621667e-13,25,1.0000000000000002
2.1999999999999744,3.903913035153817e-14,25,1.0000000000000002
2.2499999999999742,7.280916302189899e-15,25,1.0000000000000002
2.299999999999974,1.2719706749725777e-15,25,1.0000000000000002
2.349999999999974,2.0783621893760072e-16,25,1.0000000000000002
2.3999999999999737,3.1718053516467614e-17,25,1.0000000000000002
2.4499999999999735,4.515068506767604e-18,25,1.0000000000000002
2.4999999999999734,5.987853004623586e-19,25,1.0000000000000002
2.549999999999973,7.390077641880333e-20,25,1.0000000000000002
2.599999999999973,8.479402142500892e-21,25,1.0000000000000002
2.649999999999973,9.037136622563916e-22,25,1.0000000000000002
2.6999999999999726,8.939196932888192e-23,25,1.0000000000000002
2.7499999999999725,8.200869086759257e-24,25,1.0000000000000002
2.7999999999999723,6.973370335492004e-25,25,1.0000000000000002
2.849999999999972,5.49297732598575e-26,25,1.0000000000000002
2.899999999999972,4.006320779998815e-27,25,1.0000000000000002
2.9499999999999718,2.704418399129028e-28,25,1.0000000000000002
2.9999999999999716,1.6890152904688974e-29,25,1.0000000000000002
3.0499999999999723,9.75634705576667e-31,25,1.0000000000000002
3.0999999999999712,5.210937820438395e-32,25,1.0000000000000002
3.14999999999997,2.57286421437502e-33,25,1.0000000000000002
3.199999999999971,1.174090923920119e-34,25,1.0000000000000002
3.2499999999999716,4.951017056327401e-36,25,1.0000000000000002
3.2999999999999705,1.9289883740956104e-37,25,1.0000000000000002
3.3499999999999694,6.943065199380243e-39,25,1.0000000000000002
3.39999999999997,2.3084011495034416e-40,25,1.0000000000000002
3.449999999999971,7.088732437851674e-42,25,1.0000000000000002
3.49999999999997,2.0104253152464944e-43,25,1.0000000000000002
3.5499999999999687,5.265495572201752e-45,25,1.0000000000000002
3.5999999999999694,1.2734936102203165e-46,25,1.0000000000000002
3.64999999999997,2.8440583983047895e-48,25,1.0000000000000002
3.699999999999969,5.864698496601083e-50,25,1.0000000000000002
3.749999999999968,1.1166119640775918e-51,25,1.0000000000000002
3.7999999999999687,1.962883771321237e-53,25,1.0000000000000002
3.8499999999999694,3.185744441762804e-55,25,1.0000000000000002
3.8999999999999684,4.7735487503340303e-57,25,1.0000000000000002
3.9499999999999673,6.603548467327225e-59,25,1.0000000000000002
3.999999999999968,8.433574931678988e-61,25,1.0000000000000002
4.049999999999969,9.94347521124015e-63,25,1.0000000000000002
4.099999999999968,1.0823097260869855e-64,25,1.0000000000000002
4.149999999999967,1.0875451889741235e-66,25,1.0000000000000002
4.199999999999967,1.0088384242505953e-68,25,1.0000000000000002
4.249999999999968,8.639153806555984e-71,25,1.0000000000000002
4.299999999999967,6.829569047644107e-73,25,1.0000000000000002
4.349999999999966,4.984085966266252e-75,25,1.0000000000000002
4.399999999999967,3.357730660372974e-77,25,1.0000000000000002
4.449999999999967,2.0882023097378638e-79,25,1.0000000000000002
4.499999999999966,1.1988482163464935e-81,25,1.0000000000000002
4.549999999999965,6.353594490464337e-84,25,1.0000000000000002
4.599999999999966,3.1084034299799647e-86,25,1.0000000000000002
4.649999999999967,1.4038378613316887e-88,25,1.0000000000000002
4.6999999999999655,5.85271575805219e-91,25,1.0000000000000002
4.7499999999999645,2.2524655834836208e-93,25,1.0000000000000002
4.799999999999965,8.002369150969024e-96,25,1.0000000000000002
4.849999999999966,2.624449413434407e-98,25,1.0000000000000002
4.899999999999965,7.945415780624917e-101,25,1.0000000000000002
4.949999999999964,2.220513923416598e-103,25,1.0000000000000002
4.9999999999999645,5.728600414970287e-106,25,1.0000000000000002
-5.0,2.871136571318536e-106,26,1.0400000000000003
-4.95,3.9727079585102936e-101,26,1.0400000000000003
-4.9,1.3122358092133863e-98,26,1.0400000000000003
-4.8500000000000005,4.001224302546927e-96,26,1.0400000000000003
-4.800000000000001,1.1262459139843959e-93,26,1.0400000000000003
-4.750000000000001,2.9263978908607055e-91,26,1.0400000000000003
-4.700000000000001,7.019301929910482e-89,26,1.0400000000000003
-4.650000000000001,1.5542309785627203e-86,26,1.0400000000000003
-4.600000000000001,3.1768674371133146e-84,26,1.0400000000000003
-4.550000000000002,5.994396501882331e-82,26,1.0400000000000003
-4.500000000000002,1.044132922837586e-79,26,1.0400000000000003
-4.450000000000002,1.6789252725911014e-77,26,1.0400000000000003
-4.400000000000002,2.492147393239831e-75,26,1.0400000000000003
-4.350000000000002,3.414952410343521e-73,26,1.0400000000000003
-4.3000000000000025,4.319826107561571e-71,26,1.0400000000000003
-4.250000000000003,5.04453359968844e-69,26,1.0400000000000003
-4.200000000000003,5.438157902543015e-67,26,1.0400000000000003
-4.150000000000003,5.4120530496295165e-65,26,1.0400000000000003
-4.100000000000003,4.972281378198734e-63,26,1.0400000000000003
-4.050000000000003,4.217328620689353e-61,26,1.0400000000000003
-4.0000000000000036,3.3022714074140363e-59,26,1.0400000000000003
-3.9500000000000037,2.3871960539064065e-57,26,1.0400000000000003
-3.900000000000004,1.5932023983000582e-55,26,1.0400000000000003
-3.850000000000004,9.816805630952884e-54,26,1.0400000000000003
-3.8000000000000043,5.5846526925929615e-52,26,1.0400000000000003
-3.7500000000000044,2.9333306901780295e-50,26,1.0400000000000003
-3.7000000000000046,1.422587505130551e-48,26,1.0400000000000003
-3.650000000000005,6.370400400332861e-47,26,1.0400000000000003
-3.600000000000005,2.6341698152931356e-45,26,1.0400000000000003
-3.550000000000005,1.0058494044257827e-43,26,1.0400000000000003
-3.5000000000000053,3.5469989667030604e-42,26,1.0400000000000003
-3.4500000000000055,1.1552057874065174e-40,26,1.0400000000000003
-3.4000000000000057,3.4750769659007396e-39,26,1.0400000000000003
-3.350000000000006,9.656483876203035e-38,26,1.0400000000000003
-3.300000000000006,2.4789800607577443e-36,26,1.0400000000000003
-3.250000000000006,5.880099561458011e-35,26,1.0400000000000003
-3.2000000000000064,1.288907615712882e-33,26,1.0400000000000003
-3.1500000000000066,2.6113393648332874e-32,26,1.0400000000000003
-3.1000000000000068,4.891037848945164e-31,26,1.0400000000000003
-3.050000000000007,8.471131141429746e-30,26,1.0400000000000003
-3.000000000000007,1.35708737308976e-28,26,1.0400000000000003
-2.9500000000000073,2.0116054664479534e-27,26,1.0400000000000003
-2.9000000000000075,2.7600107549834595e-26,26,1.0400000000000003
-2.8500000000000076,3.5067167716397575e-25,26,1.0400000000000003
-2.800000000000008,4.127899430002438e-24,26,1.0400000000000003
-2.750000000000008,4.5044653181140125e-23,26,1.0400000000000003
-2.700000000000008,4.559572656708236e-22,26,1.0400000000000003
-2.6500000000000083,4.284397055907031e-21,26,1.0400000000000003
-2.6000000000000085,3.740224504039305e-20,26,1.0400000000000003
-2.5500000000000087,3.0363235129721257e-19,26,1.0400000000000003
-2.500000000000009,2.2944846413475133e-18,26,1.0400000000000003
-2.450000000000009,1.615841939793063e-17,26,1.0400000000000003
-2.4000000000000092,1.0617564333275185e-16,26,1.0400000000000003
-2.3500000000000094,6.518443519234124e-16,26,1.0400000000000003
-2.3000000000000096,3.744375927070581e-15,26,1.0400000000000003
-2.2500000000000098,2.01555427844875e-14,26,1.0400000000000003
-2.20000000000001,1.0183257240996055e-13,26,1.0400000000000003
-2.15000000000001,4.83706987317096e-13,26,1.0400000000000003
-2.1000000000000103,2.1638595076557942e-12,26,1.0400000000000003
-2.0500000000000105,9.132449522574729e-12,26,1.0400000000000003
-2.0000000000000107,3.6426750704919933e-11,26,1.0400000000000003
-1.9500000000000108,1.3755722936687346e-10,26,1.0400000000000003
-1.900000000000011,4.926174183334129e-10,26,1.0400000000000003
-1.8500000000000112,1.6757075507871726e-09,26,1.0400000000000003
-1.8000000000000114,5.42251588895902e-09,26,1.0400000000000003
-1.7500000000000115,1.671533361037576e-08,26,1.0400000000000003
-1.7000000000000117,4.914534787899069e-08,26,1.0400000000000003
-1.650000000000012,1.3797286209250954e-07,26,1.0400000000000003
-1.600000000000012,3.702522283773791e-07,26,1.0400000000000003
-1.5500000000000123,9.506293534514676e-07,26,1.0400000000000003
-1.5000000000000124,2.3373754210994874e-06,26,1.0400000000000003
-1.4500000000000126,5.508436724976438e-06,26,1.0400000000000003
-1.4000000000000128,1.2453153015537477e-05,26,1.0400000000000003
-1.350000000000013,2.7029792283540818e-05,26,1.0400000000000003
-1.3000000000000131,5.637338860937508e-05,26,1.0400000000000003
-1.2500000000000133,0.00011306410867362712,26,1.0400000000000003
-1.2000000000000135,0.00021824418145571426,26,1.0400000000000003
-1.1500000000000137,0.0004057652198615477,26,1.0400000000000003
-1.1000000000000139,0.0007272292355045532,26,1.0400000000000003
-1.050000000000014,0.00125744964832427,26,1.0400000000000003
-1.0000000000000142,0.002099459390126513,26,1.0400000000000003
-0.9500000000000144,0.0033878331711792247,26,1.0400000000000003
-0.9000000000000146,0.005288952451691124,26,1.0400000000000003
-0.8500000000000147,0.007997065018936744,26,1.0400000000000003
-0.8000000000000149,0.011725656200009357,26,1.0400000000000003
-0.7500000000000151,0.016694664419668142,26,1.0400000000000003
-0.7000000000000153,0.02311510676100747,26,1.0400000000000003
-0.6500000000000155,0.03117348955321924,26,1.0400000000000003
-0.6000000000000156,0.041018437390098444,26,1.0400000000000003
-0.5500000000000158,0.052751636775555236,26,1.0400000000000003
-0.500000000000016,0.06642389962301354,26,1.0400000000000003
-0.45000000000001616,0.08203660801923876,26,1.0400000000000003
-0.40000000000001634,0.09954686397701479,26,1.0400000000000003
-0.3500000000000165,0.1188760234722809,26,1.0400000000000003
-0.3000000000000167,0.13991809904719588,26,1.0400000000000003
-0.2500000000000169,0.1625497985305342,26,1.0400000000000003
-0.20000000000001705,0.1866366834120317,26,1.0400000000000003
-0.15000000000001723,0.21204134993433263,26,1.0400000000000003
-0.10000000000001741,0.2386247997866434,26,1.0400000000000003
-0.050000000000017586,0.26625149045661306,26,1.0400000000000003
-1.7763568394002505e-14,0.29478544187671,26,1.0400000000000003
0.04999999999998206,0.3240898130165034,26,1.0400000000000003
0.09999999999998188,0.3540165369798384,26,1.0400000000000003
0.1499999999999817,0.3843910444307394,26,1.0400000000000003
0.19999999999998153,0.4149857847232857,26,1.0400000000000003
0.24999999999998135,0.44545745147470933,26,1.0400000000000003
0.29999999999998117,0.47525746154048193,26,1.0400000000000003
0.349999999999981,0.5034113927644671,26,1.0400000000000003
0.3999999999999808,0.5281910545593731,26,1.0400000000000003
0.44999999999998064,0.5464462417404513,26,1.0400000000000003
0.49999999999998046,0.5528072136664327,26,1.0400000000000003
0.5499999999999803,0.5391004596219624,26,1.0400000000000003
0.5999999999999801,0.496156160254938,26,1.0400000000000003
0.6499999999999799,0.4199899486781649,26,1.0400000000000003
0.6999999999999797,0.3196887158288349,26,1.0400000000000003
0.7499999999999796,0.21657457849786937,26,1.0400000000000003
0.7999999999999794,0.13133926149300243,26,1.0400000000000003
0.8499999999999792,0.0726281185961336,26,1.0400000000000003
0.899999999999979,0.037447419791453294,26,1.0400000000000003
0.9499999999999789,0.018374790217437563,26,1.0400000000000003
0.9999999999999787,0.00871544285133589,26,1.0400000000000003
1.0499999999999785,0.004044806563765813,26,1.0400000000000003
1.0999999999999783,0.001852895534067003,26,1.0400000000000003
1.1499999999999782,0.0008428677278231147,26,1.0400000000000003
1.199999999999978,0.0003817528500143972,26,1.0400000000000003
1.2499999999999778,0.00017202643064075562,26,1.0400000000000003
1.2999999999999776,7.685927153357848e-05,26,1.0400000000000003
1.3499999999999774,3.386973121409672e-05,26,1.0400000000000003
1.3999999999999773,1.4638515684732756e-05,26,1.0400000000000003
1.449999999999977,6.172591107964314e-06,26,1.0400000000000003
1.499999999999977,2.527989384309843e-06,26,1.0400000000000003
1.5499999999999767,1.001894214220215e-06,26,1.0400000000000003
1.5999999999999766,3.830699601086746e-07,26,1.0400000000000003
1.6499999999999764,1.4092813468166743e-07,26,1.0400000000000003
1.6999999999999762,4.9768470593447373e-08,26,1.0400000000000003
1.749999999999976,1.6834490784150668e-08,26,1.0400000000000003
1.7999999999999758,5.443012723770519e-09,26,1.0400000000000003
1.8499999999999757,1.6788542548467866e-09,26,1.0400000000000003
1.8999999999999755,4.930453788657959e-10,26,1.0400000000000003
1.9499999999999753,1.3760844127177402e-10,26,1.0400000000000003
1.9999999999999751,3.6432110253094533e-11,26,1.0400000000000003
2.049999999999975,9.132937517125032e-12,26,1.0400000000000003
2.0999999999999748,2.16389799733715e-12,26,1.0400000000000003
2.1499999999999746,4.837096077854289e-13,26,1.0400000000000003
2.1999999999999744,1.0183272597421098e-13,26,1.0400000000000003
2.2499999999999742,2.0155550513255677e-14,26,1.0400000000000003
2.299999999999974,3.7443762605637604e-15,26,1.0400000000000003
2.349999999999974,6.51844364244523e-16,26,1.0400000000000003
2.3999999999999737,1.0617564372218417e-16,26,1.0400000000000003
2.4499999999999735,1.6158419408464988e-17,26,1.0400000000000003
2.4999999999999734,2.2944846415932034e-18,26,1.0400000000000003
2.549999999999973,3.0363235130242977e-19,26,1.0400000000000003
2.599999999999973,3.740224504052986e-20,26,1.0400000000000003
2.649999999999973,4.284397055914887e-21,26,1.0400000000000003
2.6999999999999726,4.559572656715754e-22,26,1.0400000000000003
2.7499999999999725,4.504465318121556e-23,26,1.0400000000000003
2.7999999999999723,4.1278994300095575e-24,26,1.0400000000000003
2.849999999999972,3.506716771645996e-25,26,1.0400000000000003
2.899999999999972,2.76001075498852e-26,26,1.0400000000000003
2.9499999999999718,2.011605466451752e-27,26,1.0400000000000003
2.9999999999999716,1.3570873730923975e-28,26,1.0400000000000003
3.0499999999999723,8.471131141446678e-30,26,1.0400000000000003
3.0999999999999712,4.89103784895521e-31,26,1.0400000000000003
3.14999999999997,2.6113393648387985e-32,26,1.0400000000000003
3.199999999999971,1.2889076157156736e-33,26,1.0400000000000003
3.2499999999999716,5.880099561471074e-35,26,1.0400000000000003
3.2999999999999705,2.4789800607633905e-36,26,1.0400000000000003
3.3499999999999694,9.65648387622557e-38,26,1.0400000000000003
3.39999999999997,3.4750769659090477e-39,26,1.0400000000000003
3.449999999999971,1.1552057874093441e-40,26,1.0400000000000003
3.49999999999997,3.546998966711938e-42,26,1.0400000000000003
3.5499999999999687,1.0058494044283574e-43,26,1.0400000000000003
3.5999999999999694,2.6341698153000282e-45,26,1.0400000000000003
3.64999999999997,6.370400400349883e-47,26,1.0400000000000003
3.699999999999969,1.4225875051344335e-48,26,1.0400000000000003
3.749999999999968,2.9333306901862024e-50,26,1.0400000000000003
3.7999999999999687,5.58465269260884e-52,26,1.0400000000000003
3.8499999999999694,9.816805630981352e-54,26,1.0400000000000003
3.8999999999999684,1.5932023983047684e-55,26,1.0400000000000003
3.9499999999999673,2.3871960539135992e-57,26,1.0400000000000003
3.999999999999968,3.3022714074241744e-59,26,1.0400000000000003
4.049999999999969,4.2173286207025374e-61,26,1.0400000000000003
4.099999999999968,4.972281378214562e-63,26,1.0400000000000003
4.149999999999967,5.412053049647053e-65,26,1.0400000000000003
4.199999999999967,5.438157902560946e-67,26,1.0400000000000003
4.249999999999968,5.044533599705358e-69,26,1.0400000000000003
4.299999999999967,4.319826107576305e-71,26,1.0400000000000003
4.349999999999966,3.414952410355072e-73,26,1.0400000000000003
4.399999999999967,2.492147393248613e-75,26,1.0400000000000003
4.449999999999967,1.6789252725973043e-77,26,1.0400000000000003
4.499999999999966,1.0441329228413842e-79,26,1.0400000000000003
4.549999999999965,5.994396501903966e-82,26,1.0400000000000003
4.599999999999966,3.176867437125235e-84,26,1.0400000000000003
4.649999999999967,1.5542309785687726e-86,26,1.0400000000000003
4.6999999999999655,7.019301929937618e-89,26,1.0400000000000003
4.7499999999999645,2.92639789087185e-91,26,1.0400000000000003
4.799999999999965,1.1262459139888776e-93,26,1.0400000000000003
4.849999999999966,4.001224302563415e-96,26,1.0400000000000003
4.899999999999965,1.3122358092868206e-98,26,1.0400000000000003
4.949999999999964,3.972736533314533e-101,26,1.0400000000000003
4.9999999999999645,1.1102637980721323e-103,26,1.0400000000000003
-5.0,5.565674673217254e-104,27,1.0800000000000003
-4.95,6.56117918962376e-99,27,1.0800000000000003
-4.9,2.0006320148132564e-96,27,1.0800000000000003
-4.8500000000000005,5.63129518171244e-94,27,1.0800000000000003
-4.800000000000001,1.4632189515518654e-91,27,1.0800000000000003
-4.750000000000001,3.50970727725094e-89,27,1.0800000000000003
-4.700000000000001,7.771301212708144e-87,27,1.0800000000000003
-4.650000000000001,1.588468815066307e-84,27,1.0800000000000003
-4.600000000000001,2.9972759624900934e-82,27,1.0800000000000003
-4.550000000000002,5.220823457559785e-80,27,1.0800000000000003
-4.500000000000002,8.394926082780601e-78,27,1.0800000000000003
-4.450000000000002,1.2461259032660576e-75,27,1.0800000000000003
-4.400000000000002,1.70756015143539e-73,27,1.0800000000000003
-4.350000000000002,2.1600376611504475e-71,27,1.0800000000000003
-4.3000000000000025,2.522437547464737e-69,27,1.0800000000000003
-4.250000000000003,2.7192949425768856e-67,27,1.0800000000000003
-4.200000000000003,2.7062787514947425e-65,27,1.0800000000000003
-4.150000000000003,2.486412596994494e-63,27,1.0800000000000003
-4.100000000000003,2.108934912997158e-61,27,1.0800000000000003
-4.050000000000003,1.651384317775928e-59,27,1.0800000000000003
-4.0000000000000036,1.1938088933842377e-57,27,1.0800000000000003
-3.9500000000000037,7.9676631272039975e-56,27,1.0800000000000003
-3.900000000000004,4.909596413503395e-54,27,1.0800000000000003
-3.850000000000004,2.7931229474956307e-52,27,1.0800000000000003
-3.8000000000000043,1.4671561853705624e-50,27,1.0800000000000003
-3.7500000000000044,7.115729851999053e-49,27,1.0800000000000003
-3.7000000000000046,3.1866668655115194e-47,27,1.0800000000000003
-3.650000000000005,1.3177962013991332e-45,27,1.0800000000000003
-3.600000000000005,5.03243222232908e-44,27,1.0800000000000003
-3.550000000000005,1.7748165682591768e-42,27,1.0800000000000003
-3.5000000000000053,5.781058184054716e-41,27,1.0800000000000003
-3.4500000000000055,1.7393119824337212e-39,27,1.0800000000000003
-3.4000000000000057,4.834017967038551e-38,27,1.0800000000000003
-3.350000000000006,1.2412275688618225e-36,27,1.0800000000000003
-3.300000000000006,2.944878022667107e-35,27,1.0800000000000003
-3.250000000000006,6.456932978868198e-34,27,1.0800000000000003
-3.2000000000000064,1.3086097321973728e-32,27,1.0800000000000003
-3.1500000000000066,2.4519634625511464e-31,27,1.0800000000000003
-3.1000000000000068,4.24862226753904e-30,27,1.0800000000000003
-3.050000000000007,6.809892054693525e-29,27,1.0800000000000003
-3.000000000000007,1.0100382987946915e-27,27,1.0800000000000003
-2.9500000000000073,1.3867908143571785e-26,27,1.0800000000000003
-2.9000000000000075,1.7634164131521186e-25,27,1.0800000000000003
-2.8500000000000076,2.0777497687761363e-24,27,1.0800000000000003
-2.800000000000008,2.269766242915205e-23,27,1.0800000000000003
-2.750000000000008,2.30042582550413e-22,27,1.0800000000000003
-2.700000000000008,2.1647208545440858e-21,27,1.0800000000000003
-2.6500000000000083,1.8929101153031936e-20,27,1.0800000000000003
-2.6000000000000085,1.539583741765598e-19,27,1.0800000000000003
-2.5500000000000087,1.1659434431939531e-18,27,1.0800000000000003
-2.500000000000009,8.231025874613921e-18,27,1.0800000000000003
-2.450000000000009,5.423506398704968e-17,27,1.0800000000000003
-2.4000000000000092,3.340013856606714e-16,27,1.0800000000000003
-2.3500000000000094,1.9252757852016636e-15,27,1.0800000000000003
-2.3000000000000096,1.0403693568205376e-14,27,1.0800000000000003
-2.2500000000000098,5.278847416851349e-14,27,1.0800000000000003
-2.20000000000001,2.5193126505074505e-13,27,1.0800000000000003
-2.15000000000001,1.132846040031943e-12,27,1.0800000000000003
-2.1000000000000103,4.808078254929279e-12,27,1.0800000000000003
-2.0500000000000105,1.9295305106023417e-11,27,1.0800000000000003
-2.0000000000000107,7.334483944095637e-11,27,1.0800000000000003
-1.9500000000000108,2.6452208447089745e-10,27,1.0800000000000003
-1.900000000000011,9.066323895192083e-10,27,1.0800000000000003
-1.8500000000000112,2.957566647814015e-09,27,1.0800000000000003
-1.8000000000000114,9.19552052526259e-09,27,1.0800000000000003
-1.7500000000000115,2.7283931406802547e-08,27,1.0800000000000003
-1.7000000000000117,7.734409410002099e-08,27,1.0800000000000003
-1.650000000000012,2.0969876119389543e-07,27,1.0800000000000003
-1.600000000000012,5.443009308400572e-07,27,1.0800000000000003
-1.5500000000000123,1.353812759491004e-06,27,1.0800000000000003
-1.5000000000000124,3.229527151378156e-06,27,1.0800000000000003
-1.4500000000000126,7.395234294779248e-06,27,1.0800000000000003
-1.4000000000000128,1.626897445089948e-05,27,1.0800000000000003
-1.350000000000013,3.441266623687162e-05,27,1.0800000000000003
-1.3000000000000131,7.004453990198412e-05,27,1.0800000000000003
-1.2500000000000133,0.00013729989451978546,27,1.0800000000000003
-1.2000000000000135,0.00025938429188339157,27,1.0800000000000003
-1.1500000000000137,0.00047264046211248703,27,1.0800000000000003
-1.1000000000000139,0.0008313241272520245,27,1.0800000000000003
-1.050000000000014,0.0014125685393415693,27,1.0800000000000003
-1.0000000000000142,0.0023206621629562134,27,1.0800000000000003
-0.9500000000000144,0.0036894928632477267,27,1.0800000000000003
-0.9000000000000146,0.005681953967993713,27,1.0800000000000003
-0.8500000000000147,0.008485400726793327,27,1.0800000000000003
-0.8000000000000149,0.012302912965068795,27,1.0800000000000003
-0.7500000000000151,0.017341018051058022,27,1.0800000000000003
-0.7000000000000153,0.023795462060275822,27,1.0800000000000003
-0.6500000000000155,0.03183713126648243,27,1.0800000000000003
-0.6000000000000156,0.04160037341807214,27,1.0800000000000003
-0.5500000000000158,0.05317524405951544,27,1.0800000000000003
-0.500000000000016,0.06660466842283658,27,1.0800000000000003
-0.45000000000001616,0.08188589306270815,27,1.0800000000000003
-0.40000000000001634,0.09897601496550382,27,1.0800000000000003
-0.3500000000000165,0.11779898224944081,27,1.0800000000000003
-0.3000000000000167,0.13825472539226055,27,1.0800000000000003
-0.2500000000000169,0.1602261557988014,27,1.0800000000000003
-0.20000000000001705,0.18358775481650205,27,1.0800000000000003
-0.15000000000001723,0.208209032903703,27,1.0800000000000003
-0.10000000000001741,0.23396075577779407,27,1.0800000000000003
-0.050000000000017586,0.2607137884978304,27,1.0800000000000003
-1.7763568394002505e-14,0.28834178159041735,27,1.0800000000000003
0.04999999999998206,0.3167151390857242,27,1.0800000000000003
0.09999999999998188,0.3456959750961249,27,1.0800000000000003
0.1499999999999817,0.3751240622381213,27,1.0800000000000003
0.19999999999998153,0.4047890747455667,27,1.0800000000000003
0.24999999999998135,0.43439033248638353,27,1.0800000000000003
0.29999999999998117,0.4634362842614447,27,1.0800000000000003
0.349999999999981,0.4911010309765995,27,1.0800000000000003
0.3999999999999808,0.5158927243030186,27,1.0800000000000003
0.44999999999998064,0.5351771290398823,27,1.0800000000000003
0.49999999999998046,0.5443681885907374,27,1.0800000000000003
0.5499999999999803,0.5363666629852296,27,1.0800000000000003
0.5999999999999801,0.5023927538648484,27,1.0800000000000003
0.6499999999999799,0.4367164501080133,27,1.0800000000000003
0.6999999999999797,0.3441796653758487,27,1.0800000000000003
0.7499999999999796,0.24250416334467112,27,1.0800000000000003
0.7999999999999794,0.15292728943514464,27,1.0800000000000003
0.8499999999999792,0.08756287911432585,27,1.0800000000000003
0.899999999999979,0.04648889654584143,27,1.0800000000000003
0.9499999999999789,0.023346701382383078,27,1.0800000000000003
0.9999999999999787,0.011274052881680999,27,1.0800000000000003
1.0499999999999785,0.005298674337148393,27,1.0800000000000003
1.0999999999999783,0.0024469671526207997,27,1.0800000000000003
1.1499999999999782,0.0011179816893650346,27,1.0800000000000003
1.199999999999978,0.0005075832458146884,27,1.0800000000000003
1.2499999999999778,0.00022933402635216254,27,1.0800000000000003
1.2999999999999776,0.00010295377011425546,27,1.0800000000000003
1.3499999999999774,4.575003222145146e-05,27,1.0800000000000003
1.3999999999999773,2.0021382972592824e-05,27,1.0800000000000003
1.449999999999977,8.583294113603525e-06,27,1.0800000000000003
1.499999999999977,3.5872500805100584e-06,27,1.0800000000000003
1.5499999999999767,1.4555309210068056e-06,27,1.0800000000000003
1.5999999999999766,5.714113712371968e-07,27,1.0800000000000003
1.6499999999999764,2.1641924420419972e-07,27,1.0800000000000003
1.6999999999999762,7.888131664837685e-08,27,1.0800000000000003
1.749999999999976,2.76057421480638e-08,27,1.0800000000000003
1.7999999999999758,9.256672575615033e-09,27,1.0800000000000003
1.8499999999999757,2.9680290571948164e-09,27,1.0800000000000003
1.8999999999999755,9.082313486192034e-10,27,1.0800000000000003
1.9499999999999753,2.647387446077985e-10,27,1.0800000000000003
1.9999999999999751,7.337068939822005e-11,27,1.0800000000000003
2.049999999999975,1.9298004125480364e-11,27,1.0800000000000003
2.0999999999999748,4.8083235624718665e-12,27,1.0800000000000003
2.1499999999999746,1.1328653616566148e-12,27,1.0800000000000003
2.1999999999999744,2.51932579149389e-13,27,1.0800000000000003
2.2499999999999742,5.278855111738944e-14,27,1.0800000000000003
2.299999999999974,1.0403697438750181e-14,27,1.0800000000000003
2.349999999999974,1.925275952142975e-15,27,1.0800000000000003
2.3999999999999737,3.340013918264941e-16,27,1.0800000000000003
2.4499999999999735,5.423506418188869e-17,27,1.0800000000000003
2.4999999999999734,8.231025879883709e-18,27,1.0800000000000003
2.549999999999973,1.1659434433168667e-18,27,1.0800000000000003
2.599999999999973,1.5395837417917233e-19,27,1.0800000000000003
2.649999999999973,1.8929101153100718e-20,27,1.0800000000000003
2.6999999999999726,2.1647208545480512e-21,27,1.0800000000000003
2.7499999999999725,2.3004258255079247e-22,27,1.0800000000000003
2.7999999999999723,2.2697662429190082e-23,27,1.0800000000000003
2.849999999999972,2.0777497687797215e-24,27,1.0800000000000003
2.899999999999972,1.7634164131552567e-25,27,1.0800000000000003
2.9499999999999718,1.386790814359722e-26,27,1.0800000000000003
2.9999999999999716,1.0100382987965994e-27,27,1.0800000000000003
3.0499999999999723,6.809892054706764e-29,27,1.0800000000000003
3.0999999999999712,4.248622267547533e-30,27,1.0800000000000003
3.14999999999997,2.4519634625561837e-31,27,1.0800000000000003
3.199999999999971,1.3086097322001347e-32,27,1.0800000000000003
3.2499999999999716,6.456932978882185e-34,27,1.0800000000000003
3.2999999999999705,2.9448780226736494e-35,27,1.0800000000000003
3.3499999999999694,1.2412275688646497e-36,27,1.0800000000000003
3.39999999999997,4.834017967049831e-38,27,1.0800000000000003
3.449999999999971,1.7393119824378798e-39,27,1.0800000000000003
3.49999999999997,5.781058184068862e-41,27,1.0800000000000003
3.5499999999999687,1.774816568263619e-42,27,1.0800000000000003
3.5999999999999694,5.032432222341962e-44,27,1.0800000000000003
3.64999999999997,1.3177962014025813e-45,27,1.0800000000000003
3.699999999999969,3.1866668655200347e-47,27,1.0800000000000003
3.749999999999968,7.115729852018472e-49,27,1.0800000000000003
3.7999999999999687,1.4671561853746503e-50,27,1.0800000000000003
3.8499999999999694,2.7931229475035725e-52,27,1.0800000000000003
3.8999999999999684,4.909596413517633e-54,27,1.0800000000000003
3.9499999999999673,7.967663127227554e-56,27,1.0800000000000003
3.999999999999968,1.1938088933878348e-57,27,1.0800000000000003
4.049999999999969,1.651384317780998e-59,27,1.0800000000000003
4.099999999999968,2.108934913003751e-61,27,1.0800000000000003
4.149999999999967,2.486412597002409e-63,27,1.0800000000000003
4.199999999999967,2.7062787515035115e-65,27,1.0800000000000003
4.249999999999968,2.7192949425858518e-67,27,1.0800000000000003
4.299999999999967,2.522437547473197e-69,27,1.0800000000000003
4.349999999999966,2.160037661157815e-71,27,1.0800000000000003
4.399999999999967,1.707560151441166e-73,27,1.0800000000000003
4.449999999999967,1.2461259032704485e-75,27,1.0800000000000003
4.499999999999966,8.394926082811616e-78,27,1.0800000000000003
4.549999999999965,5.220823457578777e-80,27,1.0800000000000003
4.599999999999966,2.9972759625009116e-82,27,1.0800000000000003
4.649999999999967,1.5884688150722672e-84,27,1.0800000000000003
4.6999999999999655,7.771301212738407e-87,27,1.0800000000000003
4.7499999999999645,3.509707277264508e-89,27,1.0800000000000003
4.799999999999965,1.463218951557438e-91,27,1.0800000000000003
4.849999999999966,5.631295181734852e-94,27,1.0800000000000003
4.899999999999965,2.000632014964374e-96,27,1.0800000000000003
4.949999999999964,6.561234559624007e-99,27,1.0800000000000003
4.9999999999999645,1.9863826223401232e-101,27,1.0800000000000003
-5.0,9.959741485066703e-102,28,1.12
-4.95,1.0003160352350015e-96,28,1.12
-4.9,2.8156803967521683e-94,28,1.12
-4.8500000000000005,7.316194789360067e-92,28,1.12
-4.800000000000001,1.7548817951013786e-89,28,1.12
-4.750000000000001,3.88572376730165e-87,28,1.12
-4.700000000000001,7.942519560695397e-85,28,1.12
-4.650000000000001,1.4986768377511104e-82,28,1.12
-4.600000000000001,2.610491152220646e-80,28,1.12
-4.550000000000002,4.197612905188425e-78,28,1.12
-4.500000000000002,6.230890557503166e-76,28,1.12
-4.450000000000002,8.53822050348109e-74,28,1.12
-4.400000000000002,1.080081136870387e-71,28,1.12
-4.350000000000002,1.2613041517399404e-69,28,1.12
-4.3000000000000025,1.3597554731715004e-67,28,1.12
-4.250000000000003,1.3532654976247446e-65,28,1.12
-4.200000000000003,1.243342263244376e-63,28,1.12
-4.150000000000003,1.0546027704361537e-61,28,1.12
-4.100000000000003,8.258164795178138e-60,28,1.12
-4.050000000000003,5.970098934377687e-58,28,1.12
-4.0000000000000036,3.9846572557608866e-56,28,1.12
-3.9500000000000037,2.4553951111983897e-54,28,1.12
-3.900000000000004,1.3969598569041755e-52,28,1.12
-3.850000000000004,7.338235725059564e-51,28,1.12
-3.8000000000000043,3.559261487473274e-49,28,1.12
-3.7500000000000044,1.594067010848445e-47,28,1.12
-3.7000000000000046,6.5925388719216656e-46,28,1.12
-3.650000000000005,2.5178094445972956e-44,28,1.12
-3.600000000000005,8.88067182230288e-43,28,1.12
-3.550000000000005,2.8930453081385225e-41,28,1.12
-3.5000000000000053,8.705433995009902e-40,28,1.12
-3.4500000000000055,2.4198995126113027e-38,28,1.12
-3.4000000000000057,6.214834404221281e-37,28,1.12
-3.350000000000006,1.4748560203170729e-35,28,1.12
-3.300000000000006,3.234672627278408e-34,28,1.12
-3.250000000000006,6.557773051100199e-33,28,1.12
-3.2000000000000064,1.2292101977650074e-31,28,1.12
-3.1500000000000066,2.130854182430507e-30,28,1.12
-3.1000000000000068,3.4172058446595184e-29,28,1.12
-3.050000000000007,5.071434605311153e-28,28,1.12
-3.000000000000007,6.96800353205936e-27,28,1.12
-2.9500000000000073,8.867583980700328e-26,28,1.12
-2.9000000000000075,1.045808838459854e-24,28,1.12
-2.8500000000000076,1.143700203523363e-23,28,1.12
-2.800000000000008,1.1606016615959458e-22,28,1.12
-2.750000000000008,1.093709258486619e-21,28,1.12
-2.700000000000008,9.579571867791175e-21,28,1.12
-2.6500000000000083,7.806154751555195e-20,28,1.12
-2.6000000000000085,5.924362721734926e-19,28,1.12
-2.5500000000000087,4.19249212439524e-18,28,1.12
-2.500000000000009,2.7700503715121816e-17,28,1.12
-2.450000000000009,1.7111620576764264e-16,28,1.12
-2.4000000000000092,9.897554245943559e-16,28,1.12
-2.3500000000000094,5.368847476933002e-15,28,1.12
-2.3000000000000096,2.7356874976857024e-14,28,1.12
-2.2500000000000098,1.3116747930946255e-13,28,1.12
-2.20000000000001,5.928172570999722e-13,28,1.12
-2.15000000000001,2.530004759985401e-12,28,1.12
-2.1000000000000103,1.0214075572953475e-11,28,1.12
-2.0500000000000105,3.9076458846871556e-11,28,1.12
-2.0000000000000107,1.419086947745405e-10,28,1.12
-1.9500000000000108,4.899886143167618e-10,28,1.12
-1.900000000000011,1.6110443644070105e-09,28,1.12
-1.8500000000000112,5.051076440643775e-09,28,1.12
-1.8000000000000114,1.512074888017514e-08,28,1.12
-1.7500000000000115,4.326980613313153e-08,28,1.12
-1.7000000000000117,1.1849133765451748e-07,28,1.12
-1.650000000000012,3.108224544137602e-07,28,1.12
-1.600000000000012,7.817554025753663e-07,28,1.12
-1.5500000000000123,1.8869120143926828e-06,28,1.12
-1.5000000000000124,4.374512955798869e-06,28,1.12
-1.4500000000000126,9.749199951202005e-06,28,1.12
-1.4000000000000128,2.0903724357403983e-05,28,1.12
-1.350000000000013,4.315582886483372e-05,28,1.12
-1.3000000000000131,8.585274697244102e-05,28,1.12
-1.2500000000000133,0.0001647019410980267,28,1.12
-1.2000000000000135,0.00030492927076705814,28,1.12
-1.1500000000000137,0.000545229445648973,28,1.12
-1.1000000000000139,0.0009422501085526459,28,1.12
-1.050000000000014,0.0015750542704901138,28,1.12
-1.0000000000000142,0.0025487072997527243,28,1.12
-0.9500000000000144,0.003995928239870999,28,1.12
-0.9000000000000146,0.006075768861439265,28,1.12
-0.8500000000000147,0.008968618053224922,28,1.12
-0.8000000000000149,0.012867467612615103,28,1.12
-0.7500000000000151,0.017966215043225115,28,1.12
-0.7000000000000153,0.024446496254723806,28,1.12
-0.6500000000000155,0.032465044328401776,28,1.12
-0.6000000000000156,0.042143386932296974,28,1.12
-0.5500000000000158,0.05356140276301577,28,1.12
-0.500000000000016,0.06675502998073414,28,1.12
-0.45000000000001616,0.08171832775762307,28,1.12
-0.40000000000001634,0.09840817750880912,28,1.12
-0.3500000000000165,0.11675174666791463,28,1.12
-0.3000000000000167,0.13665340486750954,28,1.12
-0.2500000000000169,0.15800322117932636,28,1.12
-0.20000000000001705,0.18068187827512547,28,1.12
-0.15000000000001723,0.20456762099203754,28,1.12
-0.10000000000001741,0.22953727507472746,28,1.12
-0.050000000000017586,0.25547059913078185,28,1.12
-1.7763568394002505e-14,0.28224710382913765,28,1.12
0.04999999999998206,0.3097459335058862,28,1.12
0.09999999999998188,0.3378376841131347,28,1.12
0.1499999999999817,0.36637282735370347,28,1.12
0.19999999999998153,0.39516181758473223,28,1.12
0.24999999999998135,0.4239288805961692,28,1.12
0.29999999999998117,0.45224862939776195,28,1.12
0.349999999999981,0.47939008159848445,28,1.12
0.3999999999999808,0.5040922126440226,28,1.12
0.44999999999998064,0.524092172094724,28,1.12
0.49999999999998046,0.5355169684696479,28,1.12
0.5499999999999803,0.5321681203505239,28,1.12
0.5999999999999801,0.5059351444200146,28,1.12
0.6499999999999799,0.4500739770358836,28,1.12
0.6999999999999797,0.3659929044374314,28,1.12
0.7499999999999796,0.2675680546463468,28,1.12
0.7999999999999794,0.17526172351764027,28,1.12
0.8499999999999792,0.10395320066087914,28,1.12
0.899999999999979,0.05687922811502484,28,1.12
0.9499999999999789,0.029288297360495416,28,1.12
0.9999999999999787,0.014426086362907138,28,1.12
1.0499999999999785,0.006884733341177486,28,1.12
1.0999999999999783,0.0032136932265913938,28,1.12
1.1499999999999782,0.0014784212007166587,28,1.12
1.199999999999978,0.0006738973156510211,28,1.12
1.2499999999999778,0.00030531791621900213,28,1.12
1.2999999999999776,0.00013755212949284593,28,1.12
1.3499999999999774,6.148961626802506e-05,28,1.12
1.3999999999999773,2.7167067046029575e-05,28,1.12
1.449999999999977,1.180439412403404e-05,28,1.12
1.499999999999977,5.019426828178681e-06,28,1.12
1.5499999999999767,2.0793332342440643e-06,28,1.12
1.5999999999999766,8.359754969520973e-07,28,1.12
1.6499999999999764,3.251464080005254e-07,28,1.12
1.6999999999999762,1.2201250239117423e-07,28,1.12
1.749999999999976,4.406899583931117e-08,28,1.12
1.7999999999999758,1.528688575328287e-08,28,1.12
1.8499999999999757,5.082451979089339e-09,28,1.12
1.8999999999999755,1.6163839026491294e-09,28,1.12
1.9499999999999753,4.908010191726119e-10,28,1.12
1.9999999999999751,1.4201837438058225e-10,28,1.12
2.049999999999975,3.908950648141799e-11,28,1.12
2.0999999999999748,1.0215434743642716e-11,28,1.12
2.1499999999999746,2.530128070815239e-12,28,1.12
2.1999999999999744,5.928269563872582e-13,28,1.12
2.2499999999999742,1.3116813829408228e-13,28,1.12
2.299999999999974,2.7356913534766763e-14,28,1.12
2.349999999999974,5.368849415288359e-15,28,1.12
2.3999999999999737,9.897555081624325e-16,28,1.12
2.4499999999999735,1.7111620885318892e-16,28,1.12
2.4999999999999734,2.770050381260278e-17,28,1.12
2.549999999999973,4.192492127031441e-18,28,1.12
2.599999999999973,5.924362722349837e-19,28,1.12
2.649999999999973,7.806154751686018e-20,28,1.12
2.6999999999999726,9.579571867825755e-21,28,1.12
2.7499999999999725,1.0937092584886207e-21,28,1.12
2.7999999999999723,1.160601661597861e-22,28,1.12
2.849999999999972,1.1437002035252804e-23,28,1.12
2.899999999999972,1.0458088384616593e-24,28,1.12
2.9499999999999718,8.867583980716113e-26,28,1.12
2.9999999999999716,6.968003532072145e-27,28,1.12
3.0499999999999723,5.071434605320735e-28,28,1.12
3.0999999999999712,3.417205844666163e-29,28,1.12
3.14999999999997,2.1308541824347672e-30,28,1.12
3.199999999999971,1.229210197767533e-31,28,1.12
3.2499999999999716,6.557773051114041e-33,28,1.12
3.2999999999999705,3.234672627285416e-34,28,1.12
3.3499999999999694,1.4748560203203497e-35,28,1.12
3.39999999999997,6.214834404235438e-37,28,1.12
3.449999999999971,2.41989951261695e-38,28,1.12
3.49999999999997,8.705433995030717e-40,28,1.12
3.5499999999999687,2.893045308145602e-41,28,1.12
3.5999999999999694,8.880671822325108e-43,28,1.12
3.64999999999997,2.517809444603741e-44,28,1.12
3.699999999999969,6.592538871938916e-46,28,1.12
3.749999999999968,1.5940670108527047e-47,28,1.12
3.7999999999999687,3.559261487482988e-49,28,1.12
3.8499999999999694,7.33823572508001e-51,28,1.12
3.8999999999999684,1.3969598569081477e-52,28,1.12
3.9499999999999673,2.4553951112055102e-54,28,1.12
3.999999999999968,3.9846572557726676e-56,28,1.12
4.049999999999969,5.970098934395676e-58,28,1.12
4.099999999999968,8.25816479520349e-60,28,1.12
4.149999999999967,1.0546027704394507e-61,28,1.12
4.199999999999967,1.2433422632483338e-63,28,1.12
4.249999999999968,1.3532654976291295e-65,28,1.12
4.299999999999967,1.3597554731759838e-67,28,1.12
4.349999999999966,1.2613041517441705e-69,28,1.12
4.399999999999967,1.080081136874071e-71,28,1.12
4.449999999999967,8.53822050350997e-74,28,1.12
4.499999999999966,6.230890557525122e-76,28,1.12
4.549999999999965,4.1976129052039334e-78,28,1.12
4.599999999999966,2.610491152230142e-80,28,1.12
4.649999999999967,1.4986768377565194e-82,28,1.12
4.6999999999999655,7.942519560725199e-85,28,1.12
4.7499999999999645,3.885723767316781e-87,28,1.12
4.799999999999965,1.754881795108163e-89,28,1.12
4.849999999999966,7.316194789387938e-92,28,1.12
4.899999999999965,2.815680397040224e-94,28,1.12
4.949999999999964,1.0003259393952987e-96,28,1.12
4.9999999999999645,3.2806451081853696e-99,28,1.12
-5.0,1.6453024248352182e-99,29,1.1600000000000001
-4.95,1.4078402481747916e-94,29,1.1600000000000001
-4.9,3.658147410481796e-92,29,1.1600000000000001
-4.8500000000000005,8.77454975952673e-90,29,1.1600000000000001
-4.800000000000001,1.9428984646247717e-87,29,1.1600000000000001
-4.750000000000001,3.971347524437454e-85,29,1.1600000000000001
-4.700000000000001,7.493578474943917e-83,29,1.1600000000000001
-4.650000000000001,1.3052852887081265e-80,29,1.1600000000000001
-4.600000000000001,2.0988813864361002e-78,29,1.1600000000000001
-4.550000000000002,3.115575803309194e-76,29,1.1600000000000001
-4.500000000000002,4.269320132385804e-74,29,1.1600000000000001
-4.450000000000002,5.40071722887981e-72,29,1.1600000000000001
-4.400000000000002,6.306947669724877e-70,29,1.1600000000000001
-4.350000000000002,6.799317406425937e-68,29,1.1600000000000001
-4.3000000000000025,6.766958140199592e-66,29,1.1600000000000001
-4.250000000000003,6.217391193958465e-64,29,1.1600000000000001
-4.200000000000003,5.273690484929581e-62,29,1.1600000000000001
-4.150000000000003,4.129704068720691e-60,29,1.1600000000000001
-4.100000000000003,2.9855767685740616e-58,29,1.1600000000000001
-4.050000000000003,1.9927415361202022e-56,29,1.1600000000000001
-4.0000000000000036,1.2279960605459137e-54,29,1.1600000000000001
-3.9500000000000037,6.986791613148758e-53,29,1.1600000000000001
-3.900000000000004,3.6703455600853813e-51,29,1.1600000000000001
-3.850000000000004,1.780329223665089e-49,29,1.1600000000000001
-3.8000000000000043,7.974004172104756e-48,29,1.1600000000000001
-3.7500000000000044,3.2980490667045693e-46,29,1.1600000000000001
-3.7000000000000046,1.259701755804072e-44,29,1.1600000000000001
-3.650000000000005,4.4436321805874e-43,29,1.1600000000000001
-3.600000000000005,1.44778155879156e-41,29,1.1600000000000001
-3.550000000000005,4.357157333416102e-40,29,1.1600000000000001
-3.5000000000000053,1.2113962789597207e-38,29,1.1600000000000001
-3.4500000000000055,3.1117699191081455e-37,29,1.1600000000000001
-3.4000000000000057,7.386379599148421e-36,29,1.1600000000000001
-3.350000000000006,1.6204437308413147e-34,29,1.1600000000000001
-3.300000000000006,3.286260805651685e-33,29,1.1600000000000001
-3.250000000000006,6.162224351961429e-32,29,1.1600000000000001
-3.2000000000000064,1.0687059777408035e-30,29,1.1600000000000001
-3.1500000000000066,1.7147489733185842e-29,29,1.1600000000000001
-3.1000000000000068,2.546371573567729e-28,29,1.1600000000000001
-3.050000000000007,3.501087795252977e-27,29,1.1600000000000001
-3.000000000000007,4.45914916337672e-26,29,1.1600000000000001
-2.9500000000000073,5.263884209959567e-25,29,1.1600000000000001
-2.9000000000000075,5.7628389375203165e-24,29,1.1600000000000001
-2.8500000000000076,5.855298749902722e-23,29,1.1600000000000001
-2.800000000000008,5.5257313026092625e-22,29,1.1600000000000001
-2.750000000000008,4.8478160169753845e-21,29,1.1600000000000001
-2.700000000000008,3.957762838701928e-20,29,1.1600000000000001
-2.6500000000000083,3.0100792202064184e-19,29,1.1600000000000001
-2.6000000000000085,2.135276835955396e-18,29,1.1600000000000001
-2.5500000000000087,1.4146469993647655e-17,29,1.1600000000000001
-2.500000000000009,8.765434894601894e-17,29,1.1600000000000001
-2.450000000000009,5.087279641547387e-16,29,1.1600000000000001
-2.4000000000000092,2.7699818413503162e-15,29,1.1600000000000001
-2.3500000000000094,1.417331520072554e-14,29,1.1600000000000001
-2.3000000000000096,6.826816339319434e-14,29,1.1600000000000001
-2.2500000000000098,3.100870660383445e-13,29,1.1600000000000001
-2.20000000000001,1.3305861196461551e-12,29,1.1600000000000001
-2.15000000000001,5.403446415005929e-12,29,1.1600000000000001
-2.1000000000000103,2.0803231803124364e-11,29,1.1600000000000001
-2.0500000000000105,7.606138516974024e-11,29,1.1600000000000001
-2.0000000000000107,2.6453253653410425e-10,29,1.1600000000000001
-1.9500000000000108,8.764765290757103e-10,29,1.1600000000000001
-1.900000000000011,2.770532522425612e-09,29,1.1600000000000001
-1.8500000000000112,8.365896577082758e-09,29,1.1600000000000001
-1.8000000000000114,2.4160440917535103e-08,29,1.1600000000000001
-1.7500000000000115,6.68060405050343e-08,29,1.1600000000000001
-1.7000000000000117,1.7704611132578146e-07,29,1.1600000000000001
-1.650000000000012,4.501232506946794e-07,29,1.1600000000000001
-1.600000000000012,1.0988665416379512e-06,29,1.1600000000000001
-1.5500000000000123,2.5781304741426994e-06,29,1.1600000000000001
-1.5000000000000124,5.8180376855047955e-06,29,1.1600000000000001
-1.4500000000000126,1.2639035090735744e-05,29,1.1600000000000001
-1.4000000000000128,2.6452160932284795e-05,29,1.1600000000000001
-1.350000000000013,5.337684891922836e-05,29,1.1600000000000001
-1.3000000000000131,0.00010392383212066292,29,1.1600000000000001
-1.2500000000000133,0.00019537388663654802,29,1.1600000000000001
-1.2000000000000135,0.00035491166368969957,29,1.1600000000000001
-1.1500000000000137,0.0006234307189784727,29,1.1600000000000001
-1.1000000000000139,0.0010597051539082262,29,1.1600000000000001
-1.050000000000014,0.001744357089426136,29,1.1600000000000001
-1.0000000000000142,0.0027827939258719147,29,1.1600000000000001
-0.9500000000000144,0.00430615426892443,29,1.1600000000000001
-0.9000000000000146,0.006469379413090674,29,1.1600000000000001
-0.8500000000000147,0.009445886885926371,29,1.1600000000000001
-0.8000000000000149,0.013418946793586062,29,1.1600000000000001
-0.7500000000000151,0.01857057004239535,29,1.1600000000000001
-0.7000000000000153,0.025069390841760308,29,1.1600000000000001
-0.6500000000000155,0.03305925481691177,29,1.1600000000000001
-0.6000000000000156,0.042650254593169394,29,1.1600000000000001
-0.5500000000000158,0.053913174663394875,29,1.1600000000000001
-0.500000000000016,0.06687805301520736,29,1.1600000000000001
-0.45000000000001616,0.08153601667019632,29,1.1600000000000001
-0.40000000000001634,0.09784442016106754,29,1.1600000000000001
-0.3500000000000165,0.11573279445590369,29,1.1600000000000001
-0.3000000000000167,0.13511067441301364,29,1.1600000000000001
-0.2500000000000169,0.15587328395628877,29,1.1600000000000001
-0.20000000000001705,0.1779088423546222,29,1.1600000000000001
-0.15000000000001723,0.2011012927725857,29,1.1600000000000001
-0.10000000000001741,0.22533564696902994,29,1.1600000000000001
-0.050000000000017586,0.25049697605769156,29,1.1600000000000001
-1.7763568394002505e-14,0.27647280305769556,29,1.1600000000000001
0.04999999999998206,0.30314821933373814,29,1.1600000000000001
0.09999999999998188,0.3304020793698521,29,1.1600000000000001
0.1499999999999817,0.3580960385949449,29,1.1600000000000001
0.19999999999998153,0.38605352453886144,29,1.1600000000000001
0.24999999999998135,0.41403003134819005,29,1.1600000000000001
0.29999999999998117,0.4416396501910307,29,1.1600000000000001
0.349999999999981,0.4682543938096538,29,1.1600000000000001
0.3999999999999808,0.49276957594341136,29,1.1600000000000001
0.44999999999998064,0.5132706976227202,29,1.1600000000000001
0.49999999999998046,0.5264240855293353,29,1.1600000000000001
0.5499999999999803,0.5268876670767554,29,1.1600000000000001
0.5999999999999801,0.5072483133957062,29,1.1600000000000001
0.6499999999999799,0.4603679372808739,29,1.1600000000000001
0.6999999999999797,0.38501580002864855,29,1.1600000000000001
0.7499999999999796,0.2912741408511704,29,1.1600000000000001
0.7999999999999794,0.19791790684153088,29,1.1600000000000001
0.8499999999999792,0.12156676084421511,29,1.1600000000000001
0.899999999999979,0.06861044172376012,29,1.1600000000000001
0.9499999999999789,0.036258084163608185,29,1.1600000000000001
0.9999999999999787,0.018248596312655987,29,1.1600000000000001
1.0499999999999785,0.008859446623468348,29,1.1600000000000001
1.0999999999999783,0.0041906200357335515,29,1.1600000000000001
1.1499999999999782,0.001945770008433727,29,1.1600000000000001
1.199999999999978,0.0008922880605111833,29,1.1600000000000001
1.2499999999999778,0.0004058117659726762,29,1.1600000000000001
1.2999999999999776,0.0001834216538549247,29,1.1600000000000001
1.3499999999999774,8.236323477719698e-05,29,1.1600000000000001
1.3999999999999773,3.664773352186718e-05,29,1.1600000000000001
1.449999999999977,1.609338950808137e-05,29,1.1600000000000001
1.499999999999977,6.941890683157839e-06,29,1.1600000000000001
1.5499999999999767,2.9277060617235197e-06,29,1.1600000000000001
1.5999999999999766,1.2022406647035973e-06,29,1.1600000000000001
1.6499999999999764,4.789941364652319e-07,29,1.1600000000000001
1.6999999999999762,1.8460772267554033e-07,29,1.1600000000000001
1.749999999999976,6.864969700290092e-08,29,1.1600000000000001
1.7999999999999758,2.4575724292449268e-08,29,1.1600000000000001
1.8499999999999757,8.451634874181236e-09,29,1.1600000000000001
1.8999999999999755,2.786626504249062e-09,29,1.1600000000000001
1.9499999999999753,8.792011390333614e-10,29,1.1600000000000001
1.9999999999999751,2.6494526287488646e-10,29,1.1600000000000001
2.049999999999975,7.611690456612546e-11,29,1.1600000000000001
2.0999999999999748,2.0809817276420934e-11,29,1.1600000000000001
2.1499999999999746,5.404130850035787e-12,29,1.1600000000000001
2.1999999999999744,1.3306481045559376e-12,29,1.1600000000000001
2.2499999999999742,3.100919349610826e-13,29,1.1600000000000001
2.299999999999974,6.826849385468876e-14,29,1.1600000000000001
2.349999999999974,1.4173334521464748e-14,29,1.1600000000000001
2.3999999999999737,2.76998281207078e-15,29,1.1600000000000001
2.4499999999999735,5.087280059875178e-16,29,1.1600000000000001
2.4999999999999734,8.765435049011018e-17,29,1.1600000000000001
2.549999999999973,1.414647004241888e-17,29,1.1600000000000001
2.599999999999973,2.1352768372741505e-18,29,1.1600000000000001
2.649999999999973,3.0100792205140477e-19,29,1.1600000000000001
2.6999999999999726,3.9577628387674404e-20,29,1.1600000000000001
2.7499999999999725,4.8478160169927705e-21,29,1.1600000000000001
2.7999999999999723,5.525731302619367e-22,29,1.1600000000000001
2.849999999999972,5.855298749912387e-23,29,1.1600000000000001
2.899999999999972,5.762838937529983e-24,29,1.1600000000000001
2.9499999999999718,5.263884209968657e-25,29,1.1600000000000001
2.9999999999999716,4.45914916338466e-26,29,1.1600000000000001
3.0499999999999723,3.501087795259403e-27,29,1.1600000000000001
3.0999999999999712,2.5463715735725414e-28,29,1.1600000000000001
3.14999999999997,1.714748973321919e-29,29,1.1600000000000001
3.199999999999971,1.0687059777429407e-30,29,1.1600000000000001
3.2499999999999716,6.162224351974092e-32,29,1.1600000000000001
3.2999999999999705,3.2862608056586225e-33,29,1.1600000000000001
3.3499999999999694,1.6204437308448257e-34,29,1.1600000000000001
3.39999999999997,7.386379599164833e-36,29,1.1600000000000001
3.449999999999971,3.111769919115234e-37,29,1.1600000000000001
3.49999999999997,1.2113962789625478e-38,29,1.1600000000000001
3.5499999999999687,4.357157333426522e-40,29,1.1600000000000001
3.5999999999999694,1.447781558795103e-41,29,1.1600000000000001
3.64999999999997,4.443632180598523e-43,29,1.1600000000000001
3.699999999999969,1.259701755807297e-44,29,1.1600000000000001
3.749999999999968,3.2980490667131995e-46,29,1.1600000000000001
3.7999999999999687,7.974004172126063e-48,29,1.1600000000000001
3.8499999999999694,1.780329223669948e-49,29,1.1600000000000001
3.8999999999999684,3.670345560095608e-51,29,1.1600000000000001
3.9499999999999673,6.9867916131686245e-53,29,1.1600000000000001
3.999999999999968,1.2279960605494748e-54,29,1.1600000000000001
4.049999999999969,1.992741536126094e-56,29,1.1600000000000001
4.099999999999968,2.9855767685830575e-58,29,1.1600000000000001
4.149999999999967,4.1297040687333696e-60,29,1.1600000000000001
4.199999999999967,5.273690484946068e-62,29,1.1600000000000001
4.249999999999968,6.217391193978257e-64,29,1.1600000000000001
4.299999999999967,6.766958140221519e-66,29,1.1600000000000001
4.349999999999966,6.799317406448356e-68,29,1.1600000000000001
4.399999999999967,6.306947669746028e-70,29,1.1600000000000001
4.449999999999967,5.400717228898231e-72,29,1.1600000000000001
4.499999999999966,4.269320132400245e-74,29,1.1600000000000001
4.549999999999965,3.1155758033201727e-76,29,1.1600000000000001
4.599999999999966,2.0988813864438545e-78,29,1.1600000000000001
4.649999999999967,1.3052852887128746e-80,29,1.1600000000000001
4.6999999999999655,7.493578474970964e-83,29,1.1600000000000001
4.7499999999999645,3.9713475244523545e-85,29,1.1600000000000001
4.799999999999965,1.9428984646323375e-87,29,1.1600000000000001
4.849999999999966,8.774549759560667e-90,29,1.1600000000000001
4.899999999999965,3.658147410990939e-92,29,1.1600000000000001
4.949999999999964,1.4078566017456529e-94,29,1.1600000000000001
4.9999999999999645,5.001679495683919e-97,29,1.1600000000000001
-5.0,2.5090662599661356e-97,30,1.2000000000000002
-4.95,1.829073787506019e-92,30,1.2000000000000002
-4.9,4.387345271775774e-90,30,1.2000000000000002
-4.8500000000000005,9.714675230494383e-88,30,1.2000000000000002
-4.800000000000001,1.9857176349675245e-85,30,1.2000000000000002
-4.750000000000001,3.74688638239519e-83,30,1.2000000000000002
-4.700000000000001,6.526625010916854e-81,30,1.2000000000000002
-4.650000000000001,1.0494781611104249e-78,30,1.2000000000000002
-4.600000000000001,1.5578531659190324e-76,30,1.2000000000000002
-4.550000000000002,2.1347650102622237e-74,30,1.2000000000000002
-4.500000000000002,2.70051439323007e-72,30,1.2000000000000002
-4.450000000000002,3.153687300869058e-70,30,1.2000000000000002
-4.400000000000002,3.3999287390744125e-68,30,1.2000000000000002
-4.350000000000002,3.3837944174832824e-66,30,1.2000000000000002
-4.3000000000000025,3.109035562849554e-64,30,1.2000000000000002
-4.250000000000003,2.6371835903718006e-62,30,1.2000000000000002
-4.200000000000003,2.0651629039200433e-60,30,1.2000000000000002
-4.150000000000003,1.4930520688112773e-58,30,1.2000000000000002
-4.100000000000003,9.965772532635372e-57,30,1.2000000000000002
-4.050000000000003,6.141473091113856e-55,30,1.2000000000000002
-4.0000000000000036,3.4943921773424393e-53,30,1.2000000000000002
-3.9500000000000037,1.8357867780729637e-51,30,1.2000000000000002
-3.900000000000004,8.905139514132019e-50,30,1.2000000000000002
-3.850000000000004,3.9888372588324205e-48,30,1.2000000000000002
-3.8000000000000043,1.6499146979641173e-46,30,1.2000000000000002
-3.7500000000000044,6.302495781106413e-45,30,1.2000000000000002
-3.7000000000000046,2.2234651148270522e-43,30,1.2000000000000002
-3.650000000000005,7.24520630273682e-42,30,1.2000000000000002
-3.600000000000005,2.180800482798345e-40,30,1.2000000000000002
-3.550000000000005,6.064220302592562e-39,30,1.2000000000000002
-3.5000000000000053,1.5580635382207807e-37,30,1.2000000000000002
-3.4500000000000055,3.6992467809690094e-36,30,1.2000000000000002
-3.4000000000000057,8.117777503802115e-35,30,1.2000000000000002
-3.350000000000006,1.6468235926254168e-33,30,1.2000000000000002
-3.300000000000006,3.089214394634921e-32,30,1.2000000000000002
-3.250000000000006,5.359961192732276e-31,30,1.2000000000000002
-3.2000000000000064,8.604555988352729e-30,30,1.2000000000000002
-3.1500000000000066,1.2785293166725685e-28,30,1.2000000000000002
-3.1000000000000068,1.7591176424930815e-27,30,1.2000000000000002
-3.050000000000007,2.2423064395561986e-26,30,1.2000000000000002
-3.000000000000007,2.6494475439560483e-25,30,1.2000000000000002
-2.9500000000000073,2.9037152145770418e-24,30,1.2000000000000002
-2.9000000000000075,2.953968796001159e-23,30,1.2000000000000002
-2.8500000000000076,2.7916798459922327e-22,30,1.2000000000000002
-2.800000000000008,2.4531845022372058e-21,30,1.2000000000000002
-2.750000000000008,2.0065100758640104e-20,30,1.2000000000000002
-2.700000000000008,1.529278690188086e-19,30,1.2000000000000002
-2.6500000000000083,1.0874272321712078e-18,30,1.2000000000000002
-2.6000000000000085,7.223738957834148e-18,30,1.2000000000000002
-2.5500000000000087,4.489481289098717e-17,30,1.2000000000000002
-2.500000000000009,2.614372170741931e-16,30,1.2000000000000002
-2.450000000000009,1.428818095148166e-15,30,1.2000000000000002
-2.4000000000000092,7.341021582440099e-15,30,1.2000000000000002
-2.3500000000000094,3.55190726172714e-14,30,1.2000000000000002
-2.3000000000000096,1.6213019061951583e-13,30,1.2000000000000002
-2.2500000000000098,6.994271415193215e-13,30,1.2000000000000002
-2.20000000000001,2.856766740516317e-12,30,1.2000000000000002
-2.15000000000001,1.1066908961299059e-11,30,1.2000000000000002
-2.1000000000000103,4.073241579122185e-11,30,1.2000000000000002
-2.0500000000000105,1.4266788415470537e-10,30,1.2000000000000002
-2.0000000000000107,4.7626895697024e-10,30,1.2000000000000002
-1.9500000000000108,1.5175325279586836e-09,30,1.2000000000000002
-1.900000000000011,4.621186539235231e-09,30,1.2000000000000002
-1.8500000000000112,1.3465486604770147e-08,30,1.2000000000000002
-1.8000000000000114,3.758596766244676e-08,30,1.2000000000000002
-1.7500000000000115,1.0060326996933856e-07,30,1.2000000000000002
-1.7000000000000117,2.5846460597027807e-07,30,1.2000000000000002
-1.650000000000012,6.379560912493961e-07,30,1.2000000000000002
-1.600000000000012,1.5141255735895292e-06,30,1.2000000000000002
-1.5500000000000123,3.4584455851604063e-06,30,1.2000000000000002
-1.5000000000000124,7.608552162748965e-06,30,1.2000000000000002
-1.4500000000000126,1.61349661354437e-05,30,1.2000000000000002
-1.4000000000000128,3.300740413642355e-05,30,1.2000000000000002
-1.350000000000013,6.518597643726093e-05,30,1.2000000000000002
-1.3000000000000131,0.0001243683034043724,30,1.2000000000000002
-1.2500000000000133,0.00022939471547995318,30,1.2000000000000002
-1.2000000000000135,0.00040933220382635303,30,1.2000000000000002
-1.1500000000000137,0.0007071090062541236,30,1.2000000000000002
-1.1000000000000139,0.0011833630810434911,30,1.2000000000000002
-1.050000000000014,0.0019199253464859405,30,1.2000000000000002
-1.0000000000000142,0.003022155642588814,30,1.2000000000000002
-0.9500000000000144,0.0046192648838899635,30,1.2000000000000002
-0.9000000000000146,0.006861884214530613,30,1.2000000000000002
-0.8500000000000147,0.009916520050726654,30,1.2000000000000002
-0.8000000000000149,0.0139571002056333,30,1.2000000000000002
-0.7500000000000151,0.019154487572847618,30,1.2000000000000002
-0.7000000000000153,0.02566530277818356,30,1.2000000000000002
-0.6500000000000155,0.033621708745527806,30,1.2000000000000002
-0.6000000000000156,0.04312347152550608,30,1.2000000000000002
-0.5500000000000158,0.05423342785253984,30,1.2000000000000002
-0.500000000000016,0.06697629734436422,30,1.2000000000000002
-0.45000000000001616,0.08134106527182731,30,1.2000000000000002
-0.40000000000001634,0.09728521402342402,30,1.2000000000000002
-0.3500000000000165,0.11474127453030382,30,1.2000000000000002
-0.3000000000000167,0.13362255901834716,30,1.2000000000000002
-0.2500000000000169,0.15383042601429342,30,1.2000000000000002
-0.20000000000001705,0.17525823850373975,30,1.2000000000000002
-0.15000000000001723,0.19779732514042817,30,1.2000000000000002
-0.10000000000001741,0.22133773340329013,30,1.2000000000000002
-0.050000000000017586,0.24577201360623713,30,1.2000000000000002
-1.7763568394002505e-14,0.27099257612148114,30,1.2000000000000002
0.04999999999998206,0.2968917765695053,30,1.2000000000000002
0.09999999999998188,0.3233553429699063,30,1.2000000000000002
0.1499999999999817,0.3502534440029657,30,1.2000000000000002
0.19999999999998153,0.3774254161714093,30,1.2000000000000002
0.24999999999998135,0.4046449360025503,30,1.2000000000000002
0.29999999999998117,0.4315739504861493,30,1.2000000000000002
0.349999999999981,0.45764935819630237,30,1.2000000000000002
0.3999999999999808,0.48192561937297346,30,1.2000000000000002
0.44999999999998064,0.5027367381663838,30,1.2000000000000002
0.49999999999998046,0.5172464214138432,30,1.2000000000000002
0.5499999999999803,0.5208004927390425,30,1.2000000000000002
0.5999999999999801,0.5067621973870825,30,1.2000000000000002
0.6499999999999799,0.467944793746395,30,1.2000000000000002
0.6999999999999797,0.401240641575554,30,1.2000000000000002
0.7499999999999796,0.3132799871197232,30,1.2000000000000002
0.7999999999999794,0.22043288040497935,30,1.2000000000000002
0.8499999999999792,0.14015699530964618,30,1.2000000000000002
0.899999999999979,0.0816051882388995,30,1.2000000000000002
0.9499999999999789,0.044304395307437495,30,1.2000000000000002
0.9999999999999787,0.022805997168086508,30,1.2000000000000002
1.0499999999999785,0.011282698168414446,30,1.2000000000000002
1.0999999999999783,0.005417549070660711,30,1.2000000000000002
1.1499999999999782,0.0025448070717825596,30,1.2000000000000002
1.199999999999978,0.0011765151547504652,30,1.2000000000000002
1.2499999999999778,0.0005380073640790196,30,1.2000000000000002
1.2999999999999776,0.00024411908027232836,30,1.2000000000000002
1.3499999999999774,0.00011004115377774204,30,1.2000000000000002
1.3999999999999773,4.9229617083690596e-05,30,1.2000000000000002
1.449999999999977,2.1795071075817714e-05,30,1.2000000000000002
1.499999999999977,9.51059787004706e-06,30,1.2000000000000002
1.5499999999999767,4.072075022823446e-06,30,1.2000000000000002
1.5999999999999766,1.703351767499856e-06,30,1.2000000000000002
1.6499999999999764,6.934244759500897e-07,30,1.2000000000000002
1.6999999999999762,2.7382196167858675e-07,30,1.2000000000000002
1.749999999999976,1.0459173017920381e-07,30,1.2000000000000002
1.7999999999999758,3.855066686681123e-08,30,1.2000000000000002
1.8499999999999757,1.3681175517589352e-08,30,1.2000000000000002
1.8999999999999755,4.6654180207387265e-09,30,1.2000000000000002
1.9499999999999753,1.5257858851009925e-09,30,1.2000000000000002
1.9999999999999751,4.776590219531836e-10,30,1.2000000000000002
2.049999999999975,1.428775400896063e-10,30,1.2000000000000002
2.0999999999999748,4.076051770923354e-11,30,1.2000000000000002
2.1499999999999746,1.1070232690574693e-11,30,1.2000000000000002
2.1999999999999744,2.8571113925042566e-12,30,1.2000000000000002
2.2499999999999742,6.994582992056665e-13,30,1.2000000000000002
2.299999999999974,1.6213263474129288e-13,30,1.2000000000000002
2.349999999999974,3.55192383333807e-14,30,1.2000000000000002
2.3999999999999737,7.341031263726173e-15,30,1.2000000000000002
2.4499999999999735,1.4288185812804467e-15,30,1.2000000000000002
2.4999999999999734,2.614372380149684e-16,30,1.2000000000000002
2.549999999999973,4.489481366369217e-17,30,1.2000000000000002
2.599999999999973,7.223738982235143e-18,30,1.2000000000000002
2.649999999999973,1.0874272328309124e-18,30,1.2000000000000002
2.6999999999999726,1.5292786903419878e-19,30,1.2000000000000002
2.7499999999999725,2.006510075896817e-20,30,1.2000000000000002
2.7999999999999723,2.4531845022459473e-21,30,1.2000000000000002
2.849999999999972,2.7916798459973334e-22,30,1.2000000000000002
2.899999999999972,2.9539687960060367e-23,30,1.2000000000000002
2.9499999999999718,2.9037152145819146e-24,30,1.2000000000000002
2.9999999999999716,2.6494475439606253e-25,30,1.2000000000000002
3.0499999999999723,2.242306439560193e-26,30,1.2000000000000002
3.0999999999999712,1.759117642496311e-27,30,1.2000000000000002
3.14999999999997,1.2785293166749854e-28,30,1.2000000000000002
3.199999999999971,8.604555988369466e-30,30,1.2000000000000002
3.2499999999999716,5.359961192742996e-31,30,1.2000000000000002
3.2999999999999705,3.08921439464127e-32,30,1.2000000000000002
3.3499999999999694,1.6468235926288937e-33,30,1.2000000000000002
3.39999999999997,8.117777503819705e-35,30,1.2000000000000002
3.449999999999971,3.6992467809772295e-36,30,1.2000000000000002
3.49999999999997,1.5580635382243303e-37,30,1.2000000000000002
3.5499999999999687,6.064220302606714e-39,30,1.2000000000000002
3.5999999999999694,2.18080048280356e-40,30,1.2000000000000002
3.64999999999997,7.245206302754551e-42,30,1.2000000000000002
3.699999999999969,2.223465114832618e-43,30,1.2000000000000002
3.749999999999968,6.302495781122548e-45,30,1.2000000000000002
3.7999999999999687,1.6499146979684347e-46,30,1.2000000000000002
3.8499999999999694,3.988837258843079e-48,30,1.2000000000000002
3.8999999999999684,8.905139514156326e-50,30,1.2000000000000002
3.9499999999999673,1.8357867780780788e-51,30,1.2000000000000002
3.999999999999968,3.4943921773523753e-53,30,1.2000000000000002
4.049999999999969,6.141473091131666e-55,30,1.2000000000000002
4.099999999999968,9.965772532664837e-57,30,1.2000000000000002
4.149999999999967,1.493052068815776e-58,30,1.2000000000000002
4.199999999999967,2.0651629039263838e-60,30,1.2000000000000002
4.249999999999968,2.637183590380045e-62,30,1.2000000000000002
4.299999999999967,3.1090355628594506e-64,30,1.2000000000000002
4.349999999999966,3.383794417494247e-66,30,1.2000000000000002
4.399999999999967,3.399928739085623e-68,30,1.2000000000000002
4.449999999999967,3.1536873008796343e-70,30,1.2000000000000002
4.499999999999966,2.700514393239281e-72,30,1.2000000000000002
4.549999999999965,2.1347650102694447e-74,30,1.2000000000000002
4.599999999999966,1.557853165924522e-76,30,1.2000000000000002
4.649999999999967,1.0494781611143022e-78,30,1.2000000000000002
4.6999999999999655,6.526625010940596e-81,30,1.2000000000000002
4.7499999999999645,3.7468863824087134e-83,30,1.2000000000000002
4.799999999999965,1.985717634974975e-85,30,1.2000000000000002
4.849999999999966,9.714675230532238e-88,30,1.2000000000000002
4.899999999999965,4.38734527261042e-90,30,1.2000000000000002
4.949999999999964,1.8290987138929477e-92,30,1.2000000000000002
4.9999999999999645,7.039365273849506e-95,30,1.2000000000000002
-5.0,3.5322279682245836e-95,31,1.2400000000000002
-4.95,2.1936727613412e-90,31,1.2400000000000002
-4.9,4.857429068936567e-88,31,1.2400000000000002
-4.8500000000000005,9.928807542101211e-86,31,1.2400000000000002
-4.800000000000001,1.8734917645737473e-83,31,1.2400000000000002
-4.750000000000001,3.2634117913401755e-81,31,1.2400000000000002
-4.700000000000001,5.247578149871244e-79,31,1.2400000000000002
-4.650000000000001,7.789592160845708e-77,31,1.2400000000000002
-4.600000000000001,1.0674349790391674e-74,31,1.2400000000000002
-4.550000000000002,1.350335089273331e-72,31,1.2400000000000002
-4.500000000000002,1.5769503886850422e-70,31,1.2400000000000002
-4.450000000000002,1.7000993952568678e-68,31,1.2400000000000002
-4.400000000000002,1.6920548931066847e-66,31,1.2400000000000002
-4.350000000000002,1.5546877778617308e-64,31,1.2400000000000002
-4.3000000000000025,1.3187609849067745e-62,31,1.2400000000000002
-4.250000000000003,1.0327369037381641e-60,31,1.2400000000000002
-4.200000000000003,7.466578935851573e-59,31,1.2400000000000002
-4.150000000000003,4.983918847769646e-57,31,1.2400000000000002
-4.100000000000003,3.0714830715913334e-55,31,1.2400000000000002
-4.050000000000003,1.7476943772978513e-53,31,1.2400000000000002
-4.0000000000000036,9.182004626910375e-52,31,1.2400000000000002
-3.9500000000000037,4.454316953154681e-50,31,1.2400000000000002
-3.900000000000004,1.9953365228052467e-48,31,1.2400000000000002
-3.850000000000004,8.254026059577653e-47,31,1.2400000000000002
-3.8000000000000043,3.1532423091826227e-45,31,1.2400000000000002
-3.7500000000000044,1.1125575147625081e-43,31,1.2400000000000002
-3.7000000000000046,3.625754399258963e-42,31,1.2400000000000002
-3.650000000000005,1.091511973956586e-40,31,1.2400000000000002
-3.600000000000005,3.0357327544476494e-39,31,1.2400000000000002
-3.550000000000005,7.801221693517896e-38,31,1.2400000000000002
-3.5000000000000053,1.852655500635801e-36,31,1.2400000000000002
-3.4500000000000055,4.0666790695921616e-35,31,1.2400000000000002
-3.4000000000000057,8.25261419703193e-34,31,1.2400000000000002
-3.350000000000006,1.5486660860693615e-32,31,1.2400000000000002
-3.300000000000006,2.6882147143292653e-31,31,1.2400000000000002
-3.250000000000006,4.317724066149539e-30,31,1.2400000000000002
-3.2000000000000064,6.419446389326504e-29,31,1.2400000000000002
-3.1500000000000066,8.83861099240717e-28,31,1.2400000000000002
-3.1000000000000068,1.1275458663614622e-26,31,1.2400000000000002
-3.050000000000007,1.3335193601904895e-25,31,1.2400000000000002
-3.000000000000007,1.463069139486302e-24,31,1.2400000000000002
-2.9500000000000073,1.49023163572036e-23,31,1.2400000000000002
-2.9000000000000075,1.4103584990690017e-22,31,1.2400000000000002
-2.8500000000000076,1.2413620950986087e-21,31,1.2400000000000002
-2.800000000000008,1.0172134371619664e-20,31,1.2400000000000002
-2.750000000000008,7.769052676052291e-20,31,1.2400000000000002
-2.700000000000008,5.53746166464924e-19,31,1.2400000000000002
-2.6500000000000083,3.688333413426478e-18,31,1.2400000000000002
-2.6000000000000085,2.2991120061579188e-17,31,1.2400000000000002
-2.5500000000000087,1.343304780160136e-16,31,1.2400000000000002
-2.500000000000009,7.368564540195762e-16,31,1.2400000000000002
-2.450000000000009,3.801229399757135e-15,31,1.2400000000000002
-2.4000000000000092,1.8473945356209532e-14,31,1.2400000000000002
-2.3500000000000094,8.473560610097272e-14,31,1.2400000000000002
-2.3000000000000096,3.674731070681989e-13,31,1.2400000000000002
-2.2500000000000098,1.5094484655662894e-12,31,1.2400000000000002
-2.20000000000001,5.883168051384792e-12,31,1.2400000000000002
-2.15000000000001,2.179459126553889e-11,31,1.2400000000000002
-2.1000000000000103,7.686739655395587e-11,31,1.2400000000000002
-2.0500000000000105,2.5850068633569634e-10,31,1.2400000000000002
-2.0000000000000107,8.301002056001844e-10,31,1.2400000000000002
-1.9500000000000108,2.5487277438770286e-09,31,1.2400000000000002
-1.900000000000011,7.49150953056113e-09,31,1.2400000000000002
-1.8500000000000112,2.1103576822571075e-08,31,1.2400000000000002
-1.8000000000000114,5.703437629911464e-08,31,1.2400000000000002
-1.7500000000000115,1.4802527373811292e-07,31,1.2400000000000002
-1.7000000000000117,3.6927960123597604e-07,31,1.2400000000000002
-1.650000000000012,8.862946446254437e-07,31,1.2400000000000002
-1.600000000000012,2.048198527433323e-06,31,1.2400000000000002
-1.5500000000000123,4.561327748671295e-06,31,1.2400000000000002
-1.5000000000000124,9.796656185044788e-06,31,1.2400000000000002
-1.4500000000000126,2.0307771829853896e-05,31,1.2400000000000002
-1.4000000000000128,4.065967351147394e-05,31,1.2400000000000002
-1.350000000000013,7.86849781731652e-05,31,1.2400000000000002
-1.3000000000000131,0.00014728067141381383,31,1.2400000000000002
-1.2500000000000133,0.0002668198365397232,31,1.2400000000000002
-1.2000000000000135,0.00046816238462479127,31,1.2400000000000002
-1.1500000000000137,0.0007961010833692246,31,1.2400000000000002
-1.1000000000000139,0.0013128799543321613,31,1.2400000000000002
-1.050000000000014,0.002101212746506862,31,1.2400000000000002
-1.0000000000000142,0.00326606481624166,31,1.2400000000000002
-0.9500000000000144,0.004934429522510595,31,1.2400000000000002
-0.9000000000000146,0.007252492514938523,31,1.2400000000000002
-0.8500000000000147,0.010379949171846663,31,1.2400000000000002
-0.8000000000000149,0.014481792406934754,31,1.2400000000000002
-0.7500000000000151,0.01971842006779928,31,1.2400000000000002
-0.7000000000000153,0.026235393178229566,31,1.2400000000000002
-0.6500000000000155,0.03415420194590176,31,1.2400000000000002
-0.6000000000000156,0.04356539921950032,31,1.2400000000000002
-0.5500000000000158,0.05452464631302524,31,1.2400000000000002
-0.500000000000016,0.06705222572159977,31,1.2400000000000002
-0.45000000000001616,0.08113503799156957,31,1.2400000000000002
-0.40000000000001634,0.09673133166480899,31,1.2400000000000002
-0.3500000000000165,0.11377577143867994,31,1.2400000000000002
-0.3000000000000167,0.1321862022949185,31,1.2400000000000002
-0.2500000000000169,0.15186830638407905,31,1.2400000000000002
-0.20000000000001705,0.17272187920436693,31,1.2400000000000002
-0.15000000000001723,0.1946429975405805,31,1.2400000000000002
-0.10000000000001741,0.2175286492054614,31,1.2400000000000002
-0.050000000000017586,0.2412758379454155,31,1.2400000000000002
-1.7763568394002505e-14,0.26578372622336466,31,1.2400000000000002
0.04999999999998206,0.2909496192428479,31,1.2400000000000002
0.09999999999998188,0.3166660606779672,31,1.2400000000000002
0.1499999999999817,0.3428121261816626,31,1.2400000000000002
0.19999999999998153,0.36923718016344415,31,1.2400000000000002
0.24999999999998135,0.39573845733556734,31,1.2400000000000002
0.29999999999998117,0.4220060649344305,31,1.2400000000000002
0.349999999999981,0.44755053935560085,31,1.2400000000000002
0.3999999999999808,0.4715327896124055,31,1.2400000000000002
0.44999999999998064,0.49252770882192776,31,1.2400000000000002
0.49999999999998046,0.5080708303857022,31,1.2400000000000002
0.5499999999999803,0.5141514965534315,31,1.2400000000000002
0.5999999999999801,0.5048248078912935,31,1.2400000000000002
0.6499999999999799,0.47316419393104264,31,1.2400000000000002
0.6999999999999797,0.41477798636598356,31,1.2400000000000002
0.7499999999999796,0.33331744052793194,31,1.2400000000000002
0.7999999999999794,0.24241856461378583,31,1.2400000000000002
0.8499999999999792,0.15940528392516537,31,1.2400000000000002
0.899999999999979,0.09576691608667594,31,1.2400000000000002
0.9499999999999789,0.0534334513516281,31,1.2400000000000002
0.9999999999999787,0.028160662771045602,31,1.2400000000000002
1.0499999999999785,0.01420992585315316,31,1.2400000000000002
1.0999999999999783,0.006937917267083892,31,1.2400000000000002
1.1499999999999782,0.0033026252427103197,31,1.2400000000000002
1.199999999999978,0.0015426445361525478,31,1.2400000000000002
1.2499999999999778,0.0007105820362681977,31,1.2400000000000002
1.2999999999999776,0.0003240797275020365,31,1.2400000000000002
1.3499999999999774,0.00014668578279204044,31,1.2400000000000002
1.3999999999999773,6.592043923286019e-05,31,1.2400000000000002
1.449999999999977,2.9370574097614098e-05,31,1.2400000000000002
1.499999999999977,1.2933664737986223e-05,31,1.2400000000000002
1.5499999999999767,5.606992328786378e-06,31,1.2400000000000002
1.5999999999999766,2.3827529695782654e-06,31,1.2400000000000002
1.6499999999999764,9.88587429874977e-07,31,1.2400000000000002
1.6999999999999762,3.990081970442615e-07,31,1.2400000000000002
1.749999999999976,1.5618632897116154e-07,31,1.2400000000000002
1.7999999999999758,5.9136454998847675e-08,31,1.2400000000000002
1.8499999999999757,2.1608042736652534e-08,31,1.2400000000000002
1.8999999999999755,7.603480738314481e-09,31,1.2400000000000002
1.9499999999999753,2.5715385256535487e-09,31,1.2400000000000002
1.9999999999999751,8.343317130568211e-10,31,1.2400000000000002
2.049999999999975,2.592097698765079e-10,31,1.2400000000000002
2.0999999999999748,7.697388639414878e-11,31,1.2400000000000002
2.1499999999999746,2.180881455119955e-11,31,1.2400000000000002
2.1999999999999744,5.884845494914592e-12,31,1.2400000000000002
2.2499999999999742,1.5096220136244021e-12,31,1.2400000000000002
2.299999999999974,3.674887687696212e-13,31,1.2400000000000002
2.349999999999974,8.473683300251477e-14,31,1.2400000000000002
2.3999999999999737,1.8474028457330826e-14,31,1.2400000000000002
2.4499999999999735,3.801234250870582e-15,31,1.2400000000000002
2.4999999999999734,7.368566974720699e-16,31,1.2400000000000002
2.549999999999973,1.343304884986018e-16,31,1.2400000000000002
2.599999999999973,2.2991120448261538e-17,31,1.2400000000000002
2.649999999999973,3.688333425634671e-18,31,1.2400000000000002
2.6999999999999726,5.537461667949403e-19,31,1.2400000000000002
2.7499999999999725,7.769052676822237e-20,31,1.2400000000000002
2.7999999999999723,1.0172134371783951e-20,31,1.2400000000000002
2.849999999999972,1.2413620951030039e-21,31,1.2400000000000002
2.899999999999972,1.4103584990715763e-22,31,1.2400000000000002
2.9499999999999718,1.4902316357228213e-23,31,1.2400000000000002
2.9999999999999716,1.4630691394887582e-24,31,1.2400000000000002
3.0499999999999723,1.3335193601927943e-25,31,1.2400000000000002
3.0999999999999712,1.1275458663634714e-26,31,1.2400000000000002
3.14999999999997,8.838610992423403e-28,31,1.2400000000000002
3.199999999999971,6.419446389338642e-29,31,1.2400000000000002
3.2499999999999716,4.317724066157939e-30,31,1.2400000000000002
3.2999999999999705,2.688214714334643e-31,31,1.2400000000000002
3.3499999999999694,1.548666086072545e-32,31,1.2400000000000002
3.39999999999997,8.252614197049355e-34,31,1.2400000000000002
3.449999999999971,4.066679069600974e-35,31,1.2400000000000002
3.49999999999997,1.852655500639918e-36,31,1.2400000000000002
3.5499999999999687,7.801221693535669e-38,31,1.2400000000000002
3.5999999999999694,3.035732754454734e-39,31,1.2400000000000002
3.64999999999997,1.0915119739591963e-40,31,1.2400000000000002
3.699999999999969,3.625754399267837e-42,31,1.2400000000000002
3.749999999999968,1.1125575147652933e-43,31,1.2400000000000002
3.7999999999999687,3.153242309190695e-45,31,1.2400000000000002
3.8499999999999694,8.254026059599251e-47,31,1.2400000000000002
3.8999999999999684,1.9953365228105785e-48,31,1.2400000000000002
3.9499999999999673,4.454316953166839e-50,31,1.2400000000000002
3.999999999999968,9.18200462693596e-52,31,1.2400000000000002
4.049999999999969,1.747694377302821e-53,31,1.2400000000000002
4.099999999999968,3.0714830716002406e-55,31,1.2400000000000002
4.149999999999967,4.9839188477843817e-57,31,1.2400000000000002
4.199999999999967,7.46657893587407e-59,31,1.2400000000000002
4.249999999999968,1.0327369037413349e-60,31,1.2400000000000002
4.299999999999967,1.3187609849108972e-62,31,1.2400000000000002
4.349999999999966,1.5546877778666797e-64,31,1.2400000000000002
4.399999999999967,1.6920548931121675e-66,31,1.2400000000000002
4.449999999999967,1.7000993952624734e-68,31,1.2400000000000002
4.499999999999966,1.5769503886903306e-70,31,1.2400000000000002
4.549999999999965,1.3503350892779369e-72,31,1.2400000000000002
4.599999999999966,1.0674349790427781e-74,31,1.2400000000000002
4.649999999999967,7.789592160873156e-77,31,1.2400000000000002
4.6999999999999655,5.247578149890631e-79,31,1.2400000000000002
4.7499999999999645,3.2634117913520464e-81,31,1.2400000000000002
4.799999999999965,1.8734917645805094e-83,31,1.2400000000000002
4.849999999999966,9.928807542138505e-86,31,1.2400000000000002
4.899999999999965,4.8574290702018137e-88,31,1.2400000000000002
4.949999999999964,2.1937078331315794e-90,31,1.2400000000000002
4.9999999999999645,9.145619022777737e-93,31,1.2400000000000002
-5.0,4.590470651229991e-93,32,1.2800000000000002
-4.95,2.428714711079682e-88,32,1.2800000000000002
-4.9,4.964513454688673e-86,32,1.2800000000000002
-4.8500000000000005,9.367701694322183e-84,32,1.2800000000000002
-4.800000000000001,1.6317555397077983e-81,32,1.2800000000000002
-4.750000000000001,2.623882749523851e-79,32,1.2800000000000002
-4.700000000000001,3.8949592510124214e-77,32,1.2800000000000002
-4.650000000000001,5.337437274103331e-75,32,1.2800000000000002
-4.600000000000001,6.752064925974698e-73,32,1.2800000000000002
-4.550000000000002,7.88528566091473e-71,32,1.2800000000000002
-4.500000000000002,8.501172143828975e-69,32,1.2800000000000002
-4.450000000000002,8.461062940727766e-67,32,1.2800000000000002
-4.400000000000002,7.774288939006282e-65,32,1.2800000000000002
-4.350000000000002,6.594650951980425e-63,32,1.2800000000000002
-4.3000000000000025,5.1644618625797515e-61,32,1.2800000000000002
-4.250000000000003,3.73394884841824e-59,32,1.2800000000000002
-4.200000000000003,2.492475792336692e-57,32,1.2800000000000002
-4.150000000000003,1.5361148647424592e-55,32,1.2800000000000002
-4.100000000000003,8.740963845913141e-54,32,1.2800000000000002
-4.050000000000003,4.592538054990983e-52,32,1.2800000000000002
-4.0000000000000036,2.2280323237659893e-50,32,1.2800000000000002
-3.9500000000000037,9.981273616339689e-49,32,1.2800000000000002
-3.900000000000004,4.129240188265404e-47,32,1.2800000000000002
-3.850000000000004,1.577618822852714e-45,32,1.2800000000000002
-3.8000000000000043,5.566914586842329e-44,32,1.2800000000000002
-3.7500000000000044,1.8144538207840727e-42,32,1.2800000000000002
-3.7000000000000046,5.463122657356742e-41,32,1.2800000000000002
-3.650000000000005,1.519679254423454e-39,32,1.2800000000000002
-3.600000000000005,3.906068406628731e-38,32,1.2800000000000002
-3.550000000000005,9.278456166951243e-37,32,1.2800000000000002
-3.5000000000000053,2.0372401456428398e-35,32,1.2800000000000002
-3.4500000000000055,4.135570376019144e-34,32,1.2800000000000002
-3.4000000000000057,7.763663825694769e-33,32,1.2800000000000002
-3.350000000000006,1.3482336642631486e-31,32,1.2800000000000002
-3.300000000000006,2.1666053635051165e-30,32,1.2800000000000002
-3.250000000000006,3.223164268234898e-29,32,1.2800000000000002
-3.2000000000000064,4.440894116534333e-28,32,1.2800000000000002
-3.1500000000000066,5.6698265637539434e-27,32,1.2800000000000002
-3.1000000000000068,6.711789855914484e-26,32,1.2800000000000002
-3.050000000000007,7.371722990749583e-25,32,1.2800000000000002
-3.000000000000007,7.517834146611324e-24,32,1.2800000000000002
-2.9500000000000073,7.124945952319323e-23,32,1.2800000000000002
-2.9000000000000075,6.281322057279061e-22,32,1.2800000000000002
-2.8500000000000076,5.156585110763282e-21,32,1.2800000000000002
-2.800000000000008,3.9465944427810756e-20,32,1.2800000000000002
-2.750000000000008,2.8195915041827183e-19,32,1.2800000000000002
-2.700000000000008,1.8830119700935006e-18,32,1.2800000000000002
-2.6500000000000083,1.1772433114022057e-17,32,1.2800000000000002
-2.6000000000000085,6.900940571472004e-17,32,1.2800000000000002
-2.5500000000000087,3.799237870405776e-16,32,1.2800000000000002
-2.500000000000009,1.9677799388865716e-15,32,1.2800000000000002
-2.450000000000009,9.605400905114486e-15,32,1.2800000000000002
-2.4000000000000092,4.4268417750363494e-14,32,1.2800000000000002
-2.3500000000000094,1.9297352621217727e-13,32,1.2800000000000002
-2.3000000000000096,7.970920358331768e-13,32,1.2800000000000002
-2.2500000000000098,3.1253205792196004e-12,32,1.2800000000000002
-2.20000000000001,1.1652019865458044e-11,32,1.2800000000000002
-2.15000000000001,4.1375282301495534e-11,32,1.2800000000000002
-2.1000000000000103,1.401476387873481e-10,32,1.2800000000000002
-2.0500000000000105,4.534838009404386e-10,32,1.2800000000000002
-2.0000000000000107,1.4036142138205243e-09,32,1.2800000000000002
-1.9500000000000108,4.160804856993928e-09,32,1.2800000000000002
-1.900000000000011,1.1826152195451063e-08,32,1.2800000000000002
-1.8500000000000112,3.226294227547841e-08,32,1.2800000000000002
-1.8000000000000114,8.456442098711785e-08,32,1.2800000000000002
-1.7500000000000115,2.1315696214464456e-07,32,1.2800000000000002
-1.7000000000000117,5.171598064604351e-07,32,1.2800000000000002
-1.650000000000012,1.2087382525846929e-06,32,1.2800000000000002
-1.600000000000012,2.723807192609843e-06,32,1.2800000000000002
-1.5500000000000123,5.922409000368015e-06,32,1.2800000000000002
-1.5000000000000124,1.2434471469285423e-05,32,1.2800000000000002
-1.4500000000000126,2.5227853401343835e-05,32,1.2800000000000002
-1.4000000000000128,4.9495219217470856e-05,32,1.2800000000000002
-1.350000000000013,9.396616478521947e-05,32,1.2800000000000002
-1.3000000000000131,0.000172739407056568,32,1.2800000000000002
-1.2500000000000133,0.00030768203113486144,32,1.2800000000000002
-1.2000000000000135,0.0005313479431325198,32,1.2800000000000002
-1.1500000000000137,0.0008902202739272544,32,1.2800000000000002
-1.1000000000000139,0.001447900651323815,32,1.2800000000000002
-1.050000000000014,0.0022876836801650298,32,1.2800000000000002
-1.0000000000000142,0.0035138344345674206,32,1.2800000000000002
-0.9500000000000144,0.0052508923719310225,32,1.2800000000000002
-0.9000000000000146,0.007640510397159131,32,1.2800000000000002
-0.8500000000000147,0.010835717728208977,32,1.2800000000000002
-0.8000000000000149,0.014992970070790958,32,1.2800000000000002
-0.7500000000000151,0.020262878083802414,32,1.2800000000000002
-0.7000000000000153,0.026780772322732273,32,1.2800000000000002
-0.6500000000000155,0.034658466568077306,32,1.2800000000000002
-0.6000000000000156,0.04397813862046369,32,1.2800000000000002
-0.5500000000000158,0.054789201077536855,32,1.2800000000000002
-0.500000000000016,0.0671078506854308,32,1.2800000000000002
-0.45000000000001616,0.080919588782919,32,1.2800000000000002
-0.40000000000001634,0.0961829983598101,32,1.2800000000000002
-0.3500000000000165,0.11283551866956258,32,1.2800000000000002
-0.3000000000000167,0.13079822764787916,32,1.2800000000000002
-0.2500000000000169,0.14998210965389577,32,1.2800000000000002
-0.20000000000001705,0.170291269160807,32,1.2800000000000002
-0.15000000000001723,0.1916280910710612,32,1.2800000000000002
-0.10000000000001741,0.213893791046062,32,1.2800000000000002
-0.050000000000017586,0.23699173253440828,32,1.2800000000000002
-1.7763568394002505e-14,0.26082519840187257,32,1.2800000000000002
0.04999999999998206,0.2852976124786408,32,1.2800000000000002
0.09999999999998188,0.3103071781283285,32,1.2800000000000002
0.1499999999999817,0.33573988017475576,32,1.2800000000000002
0.19999999999998153,0.3614575372071865,32,1.2800000000000002
0.24999999999998135,0.3872710178236591,32,1.2800000000000002
0.29999999999998117,0.4129059866129532,32,1.2800000000000002
0.349999999999981,0.43791861670577514,32,1.2800000000000002
0.3999999999999808,0.46158271235278664,32,1.2800000000000002
0.44999999999998064,0.4826432505972219,32,1.2800000000000002
0.49999999999998046,0.49898595919752853,32,1.2800000000000002
0.5499999999999803,0.5071053955437649,32,1.2800000000000002
0.5999999999999801,0.5017513266401811,32,1.2800000000000002
0.6499999999999799,0.4763628588663708,32,1.2800000000000002
0.6999999999999797,0.42579758488115166,32,1.2800000000000002
0.7499999999999796,0.3512530789907671,32,1.2800000000000002
0.7999999999999794,0.2634994565499144,32,1.2800000000000002
0.8499999999999792,0.17901183200076207,32,1.2800000000000002
0.899999999999979,0.1109303498023799,32,1.2800000000000002
0.9499999999999789,0.06363944528667034,32,1.2800000000000002
0.9999999999999787,0.03435233094850957,32,1.2800000000000002
1.0499999999999785,0.01769826766540468,32,1.2800000000000002
1.0999999999999783,0.008794478479783404,32,1.2800000000000002
1.1499999999999782,0.004249431890386216,32,1.2800000000000002
1.199999999999978,0.002008684120821963,32,1.2800000000000002
1.2499999999999778,0.0009338170767263209,32,1.2800000000000002
1.2999999999999776,0.00042873059155239783,32,1.2800000000000002
1.3499999999999774,0.00019502021980054215,32,1.2800000000000002
1.3999999999999773,8.803230926247736e-05,32,1.2800000000000002
1.449999999999977,3.9427887630348225e-05,32,1.2800000000000002
1.499999999999977,1.7488949451652206e-05,32,1.2800000000000002
1.5499999999999767,7.658241174216611e-06,32,1.2800000000000002
1.5999999999999766,3.297795971542251e-06,32,1.2800000000000002
1.6499999999999764,1.3908816869720982e-06,32,1.2800000000000002
1.6999999999999762,5.723870700052566e-07,32,1.2800000000000002
1.749999999999976,2.2907235716363877e-07,32,1.2800000000000002
1.7999999999999758,8.88971906393594e-08,32,1.2800000000000002
1.8499999999999757,3.336996855644256e-08,32,1.2800000000000002
1.8999999999999755,1.2089790723211982e-08,32,1.2800000000000002
1.9499999999999753,4.218906237109013e-09,32,1.2800000000000002
1.9999999999999751,1.4153741490741524e-09,32,1.2800000000000002
2.049999999999975,4.556527998635218e-10,32,1.2800000000000002
2.0999999999999748,1.4050929222719655e-10,32,1.2800000000000002
2.1499999999999746,4.1429365945709754e-11,32,1.2800000000000002
2.1999999999999744,1.1659218282506645e-11,32,1.2800000000000002
2.2499999999999742,3.126167131849006e-12,32,1.2800000000000002
2.299999999999974,7.971794233139128e-13,32,1.2800000000000002
2.349999999999974,1.9298139861350295e-13,32,1.2800000000000002
2.3999999999999737,4.426903362669411e-14,32,1.2800000000000002
2.4499999999999735,9.605442577401516e-15,32,1.2800000000000002
2.4999999999999734,1.9677823696845946e-15,32,1.2800000000000002
2.549999999999973,3.799239089601658e-16,32,1.2800000000000002
2.599999999999973,6.900941096211823e-17,32,1.2800000000000002
2.649999999999973,1.177243330752824e-17,32,1.2800000000000002
2.6999999999999726,1.8830119762014464e-18,32,1.2800000000000002
2.7499999999999725,2.819591505833621e-19,32,1.2800000000000002
2.7999999999999723,3.946594443166269e-20,32,1.2800000000000002
2.849999999999972,5.156585110845555e-21,32,1.2800000000000002
2.899999999999972,6.281322057301161e-22,32,1.2800000000000002
2.9499999999999718,7.124945952332319e-23,32,1.2800000000000002
2.9999999999999716,7.517834146623747e-24,32,1.2800000000000002
3.0499999999999723,7.371722990761964e-25,32,1.2800000000000002
3.0999999999999712,6.711789855926088e-26,32,1.2800000000000002
3.14999999999997,5.66982656376405e-27,32,1.2800000000000002
3.199999999999971,4.4408941165424915e-28,32,1.2800000000000002
3.2499999999999716,3.2231642682409944e-29,32,1.2800000000000002
3.2999999999999705,2.1666053635093323e-30,32,1.2800000000000002
3.3499999999999694,1.3482336642658461e-31,32,1.2800000000000002
3.39999999999997,7.76366382571073e-33,32,1.2800000000000002
3.449999999999971,4.135570376027877e-34,32,1.2800000000000002
3.49999999999997,2.037240145647255e-35,32,1.2800000000000002
3.5499999999999687,9.278456166971864e-37,32,1.2800000000000002
3.5999999999999694,3.906068406637631e-38,32,1.2800000000000002
3.64999999999997,1.519679254427001e-39,32,1.2800000000000002
3.699999999999969,5.463122657369808e-41,32,1.2800000000000002
3.749999999999968,1.814453820788514e-42,32,1.2800000000000002
3.7999999999999687,5.566914586856266e-44,32,1.2800000000000002
3.8499999999999694,1.577618822856753e-45,32,1.2800000000000002
3.8999999999999684,4.129240188276209e-47,32,1.2800000000000002
3.9499999999999673,9.981273616366361e-49,32,1.2800000000000002
3.999999999999968,2.2280323237720707e-50,32,1.2800000000000002
4.049999999999969,4.59253805500378e-52,32,1.2800000000000002
4.099999999999968,8.740963845937997e-54,32,1.2800000000000002
4.149999999999967,1.536114864746914e-55,32,1.2800000000000002
4.199999999999967,2.4924757923440616e-57,32,1.2800000000000002
4.249999999999968,3.7339488484294904e-59,32,1.2800000000000002
4.299999999999967,5.1644618625956075e-61,32,1.2800000000000002
4.349999999999966,6.594650952001042e-63,32,1.2800000000000002
4.399999999999967,7.77428893903103e-65,32,1.2800000000000002
4.449999999999967,8.461062940755182e-67,32,1.2800000000000002
4.499999999999966,8.501172143857006e-69,32,1.2800000000000002
4.549999999999965,7.885285660941175e-71,32,1.2800000000000002
4.599999999999966,6.752064925997728e-73,32,1.2800000000000002
4.649999999999967,5.337437274121385e-75,32,1.2800000000000002
4.6999999999999655,3.894959251026146e-77,32,1.2800000000000002
4.7499999999999645,2.6238827495335447e-79,32,1.2800000000000002
4.799999999999965,1.631755539713734e-81,32,1.2800000000000002
4.849999999999966,9.367701694356058e-84,32,1.2800000000000002
4.899999999999965,4.964513456460909e-86,32,1.2800000000000002
4.949999999999964,2.4287602631960208e-88,32,1.2800000000000002
4.9999999999999645,1.0968715777056308e-90,32,1.2800000000000002
-5.0,5.507310241784304e-91,33,1.3200000000000003
-4.95,2.482256956867869e-86,33,1.3200000000000003
-4.9,4.683972282896646e-84,33,1.3200000000000003
-4.8500000000000005,8.159025924211726e-82,33,1.3200000000000003
-4.800000000000001,1.311988213270397e-79,33,1.3200000000000003
-4.750000000000001,1.947561213283196e-77,33,1.3200000000000003
-4.700000000000001,2.6688498311891414e-75,33,1.3200000000000003
-4.650000000000001,3.3762272109499e-73,33,1.3200000000000003
-4.600000000000001,3.94290970232107e-71,33,1.3200000000000003
-4.550000000000002,4.2509236751607865e-69,33,1.3200000000000003
-4.500000000000002,4.230925734646929e-67,33,1.3200000000000003
-4.450000000000002,3.887569528110333e-65,33,1.3200000000000003
-4.400000000000002,3.297748529137249e-63,33,1.3200000000000003
-4.350000000000002,2.5826196457368262e-61,33,1.3200000000000003
-4.3000000000000025,1.8673041567567189e-59,33,1.3200000000000003
-4.250000000000003,1.246496119261475e-57,33,1.3200000000000003
-4.200000000000003,7.682441298136505e-56,33,1.3200000000000003
-4.150000000000003,4.371728160852739e-54,33,1.3200000000000003
-4.100000000000003,2.297037084927863e-52,33,1.3200000000000003
-4.050000000000003,1.1144532100752902e-50,33,1.3200000000000003
-4.0000000000000036,4.992933077197339e-49,33,1.3200000000000003
-3.9500000000000037,2.065734110294585e-47,33,1.3200000000000003
-3.900000000000004,7.89308475107174e-46,33,1.3200000000000003
-3.850000000000004,2.785521913515297e-44,33,1.3200000000000003
-3.8000000000000043,9.080157198034627e-43,33,1.3200000000000003
-3.7500000000000044,2.734344785971792e-41,33,1.3200000000000003
-3.7000000000000046,7.60746854122119e-40,33,1.3200000000000003
-3.650000000000005,1.9557657646430437e-38,33,1.3200000000000003
-3.600000000000005,4.646826479747739e-37,33,1.3200000000000003
-3.550000000000005,1.0205731070247343e-35,33,1.3200000000000003
-3.5000000000000053,2.0724244160930475e-34,33,1.3200000000000003
-3.4500000000000055,3.892018113575598e-33,33,1.3200000000000003
-3.4000000000000057,6.761846173195839e-32,33,1.3200000000000003
-3.350000000000006,1.0871845136654056e-30,33,1.3200000000000003
-3.300000000000006,1.6183233024387648e-29,33,1.3200000000000003
-3.250000000000006,2.231280085084692e-28,33,1.3200000000000003
-3.2000000000000064,2.8510291032181463e-27,33,1.3200000000000003
-3.1500000000000066,3.3780993985399134e-26,33,1.3200000000000003
-3.1000000000000068,3.7142106281935613e-25,33,1.3200000000000003
-3.050000000000007,3.792476022585234e-24,33,1.3200000000000003
-3.000000000000007,3.5993315911134093e-23,33,1.3200000000000003
-2.9500000000000073,3.1782501993725875e-22,33,1.3200000000000003
-2.9000000000000075,2.613917285143238e-21,33,1.3200000000000003
-2.8500000000000076,2.0047038316769332e-20,33,1.3200000000000003
-2.800000000000008,1.4355786776451756e-19,33,1.3200000000000003
-2.750000000000008,9.612389572606557e-19,33,1.3200000000000003
-2.700000000000008,6.0271961322201646e-18,33,1.3200000000000003
-2.6500000000000083,3.544620884240677e-17,33,1.3200000000000003
-2.6000000000000085,1.958481100772998e-16,33,1.3200000000000003
-2.5500000000000087,1.0183946723006451e-15,33,1.3200000000000003
-2.500000000000009,4.9926623460775135e-15,33,1.3200000000000003
-2.450000000000009,2.3118098844624642e-14,33,1.3200000000000003
-2.4000000000000092,1.0128946355863844e-13,33,1.3200000000000003
-2.3500000000000094,4.206802267916435e-13,33,1.3200000000000003
-2.3000000000000096,1.6591470527139426e-12,33,1.3200000000000003
-2.2500000000000098,6.224555950618583e-12,33,1.3200000000000003
-2.20000000000001,2.2250301440017137e-11,33,1.3200000000000003
-2.15000000000001,7.589982932250196e-11,33,1.3200000000000003
-2.1000000000000103,2.4742954158017994e-10,33,1.3200000000000003
-2.0500000000000105,7.718809259138379e-10,33,1.3200000000000003
-2.0000000000000107,2.3071443255458533e-09,33,1.3200000000000003
-1.9500000000000108,6.614883177058244e-09,33,1.3200000000000003
-1.900000000000011,1.8211873361519138e-08,33,1.3200000000000003
-1.8500000000000112,4.8195285189027774e-08,33,1.3200000000000003
-1.8000000000000114,1.2270994333106285e-07,33,1.3200000000000003
-1.7500000000000115,3.0086206166315164e-07,33,1.3200000000000003
-1.7000000000000117,7.109473242422141e-07,33,1.3200000000000003
-1.650000000000012,1.6204820692008676e-06,33,1.3200000000000003
-1.600000000000012,3.565566903700313e-06,33,1.3200000000000003
-1.5500000000000123,7.579109891556613e-06,33,1.3200000000000003
-1.5000000000000124,1.557501092692415e-05,33,1.3200000000000003
-1.4500000000000126,3.096438631124921e-05,33,1.3200000000000003
-1.4000000000000128,5.9595370454174214e-05,33,1.3200000000000003
-1.350000000000013,0.00011111183531181444,33,1.3200000000000003
-1.3000000000000131,0.0002008069302416087,33,1.3200000000000003
-1.2500000000000133,0.00035199317674775975,33,1.3200000000000003
-1.2000000000000135,0.0005988115877502923,33,1.3200000000000003
-1.1500000000000137,0.0009892614800962808,33,1.3200000000000003
-1.1000000000000139,0.0015880637761492655,33,1.3200000000000003
-1.050000000000014,0.0024788174197181282,33,1.3200000000000003
-1.0000000000000142,0.003764820351231804,33,1.3200000000000003
-0.9500000000000144,0.005567966342524167,33,1.3200000000000003
-0.9000000000000146,0.008025336868473237,33,1.3200000000000003
-0.8500000000000147,0.011283457883492137,33,1.3200000000000003
-0.8000000000000149,0.015490663616094972,33,1.3200000000000003
-0.7500000000000151,0.020788387073829937,33,1.3200000000000003
-0.7000000000000153,0.027302547310617563,33,1.3200000000000003
-0.6500000000000155,0.03513608208953424,33,1.3200000000000003
-0.6000000000000156,0.04436370437283423,33,1.3200000000000003
-0.5500000000000158,0.05502911726352778,33,1.3200000000000003
-0.500000000000016,0.06714517027141154,33,1.3200000000000003
-0.45000000000001616,0.08069588341264743,33,1.3200000000000003
-0.40000000000001634,0.09564077884131429,33,1.3200000000000003
-0.3500000000000165,0.111919211567376,33,1.3200000000000003
-0.3000000000000167,0.12945625837316838,33,1.3200000000000003
-0.2500000000000169,0.14816656040502865,33,1.3200000000000003
-0.20000000000001705,0.16795976194821732,33,1.3200000000000003
-0.15000000000001723,0.1887422426043029,33,1.3200000000000003
-0.10000000000001741,0.21042116060231042,33,1.3200000000000003
-0.050000000000017586,0.23290364866930333,33,1.3200000000000003
-1.7763568394002505e-14,0.2560987432272541,33,1.3200000000000003
0.04999999999998206,0.2799140361297825,33,1.3200000000000003
0.09999999999998188,0.304253438435949,33,1.3200000000000003
0.1499999999999817,0.32901015638657377,33,1.3200000000000003
0.19999999999998153,0.35405393417792475,33,1.3200000000000003
0.24999999999998135,0.37921380139468347,33,1.3200000000000003
0.29999999999998117,0.40423604254245177,33,1.3200000000000003
0.349999999999981,0.42873090017044213,33,1.3200000000000003
0.3999999999999808,0.45204657515358787,33,1.3200000000000003
0.44999999999998064,0.4730986583484932,33,1.3200000000000003
0.49999999999998046,0.4900320481019843,33,1.3200000000000003
0.5499999999999803,0.4998151616570739,33,1.3200000000000003
0.5999999999999801,0.49778098898151907,33,1.3200000000000003
0.6499999999999799,0.47786461785957834,33,1.3200000000000003
0.6999999999999797,0.43451653848993854,33,1.3200000000000003
0.7499999999999796,0.3670228446532373,33,1.3200000000000003
0.7999999999999794,0.2833991533966096,33,1.3200000000000003
0.8499999999999792,0.19864018739511152,33,1.3200000000000003
0.899999999999979,0.126924690043691,33,1.3200000000000003
0.9499999999999789,0.07486643234858122,33,1.3200000000000003
0.9999999999999787,0.04141620653964527,33,1.3200000000000003
1.0499999999999785,0.021793952672119397,33,1.3200000000000003
1.0999999999999783,0.011032883979288503,33,1.3200000000000003
1.1499999999999782,0.005416242908269509,33,1.3200000000000003
1.199999999999978,0.0025950616149679174,33,1.3200000000000003
1.2499999999999778,0.0012194775565826021,33,1.3200000000000003
1.2999999999999776,0.0005645854445527625,33,1.3200000000000003
1.3499999999999774,0.00025841666245396937,33,1.3200000000000003
1.3999999999999773,0.0001172313493810068,33,1.3200000000000003
1.449999999999977,5.2762118121889014e-05,33,1.3200000000000003
1.499999999999977,2.354336358421544e-05,33,1.3200000000000003
1.5499999999999767,1.039343170917616e-05,33,1.3200000000000003
1.5999999999999766,4.524572773415558e-06,33,1.3200000000000003
1.6499999999999764,1.935093630340016e-06,33,1.3200000000000003
1.6999999999999762,8.09977398483413e-07,33,1.3200000000000003
1.749999999999976,3.306421942671575e-07,33,1.3200000000000003
1.7999999999999758,1.3122117313215866e-07,33,1.3200000000000003
1.8499999999999757,5.0493492232595187e-08,33,1.3200000000000003
1.8999999999999755,1.8794437615926916e-08,33,1.3200000000000003
1.9499999999999753,6.752582464975018e-09,33,1.3200000000000003
1.9999999999999751,2.337279522004578e-09,33,1.3200000000000003
2.049999999999975,7.779417210473827e-10,33,1.3200000000000003
2.0999999999999748,2.485410829457964e-10,33,1.3200000000000003
2.1499999999999746,7.608425525877298e-11,33,1.3200000000000003
2.1999999999999744,2.2277766539120705e-11,33,1.3200000000000003
2.2499999999999742,6.228198852937339e-12,33,1.3200000000000003
2.299999999999974,1.6595742652332016e-12,33,1.3200000000000003
2.349999999999974,4.2072422847043017e-13,33,1.3200000000000003
2.3999999999999737,1.0129342059545967e-13,33,1.3200000000000003
2.4499999999999735,2.3118407998189744e-14,33,1.3200000000000003
2.4999999999999734,4.992683243180859e-15,33,1.3200000000000003
2.549999999999973,1.0183958903233571e-15,33,1.3200000000000003
2.599999999999973,1.9584817113384706e-16,33,1.3200000000000003
2.649999999999973,3.544621146915984e-17,33,1.3200000000000003
2.6999999999999726,6.0271962290558004e-18,33,1.3200000000000003
2.7499999999999725,9.612389603165545e-19,33,1.3200000000000003
2.7999999999999723,1.4355786784710382e-19,33,1.3200000000000003
2.849999999999972,2.0047038318696402e-20,33,1.3200000000000003
2.899999999999972,2.613917285184439e-21,33,1.3200000000000003
2.9499999999999718,3.178250199383699e-22,33,1.3200000000000003
2.9999999999999716,3.59933159111997e-23,33,1.3200000000000003
3.0499999999999723,3.792476022591503e-24,33,1.3200000000000003
3.0999999999999712,3.7142106281998025e-25,33,1.3200000000000003
3.14999999999997,3.3780993985457564e-26,33,1.3200000000000003
3.199999999999971,2.8510291032232302e-27,33,1.3200000000000003
3.2499999999999716,2.2312800850887925e-28,33,1.3200000000000003
3.2999999999999705,1.6183233024418264e-29,33,1.3200000000000003
3.3499999999999694,1.0871845136675216e-30,33,1.3200000000000003
3.39999999999997,6.761846173209369e-32,33,1.3200000000000003
3.449999999999971,3.892018113583602e-33,33,1.3200000000000003
3.49999999999997,2.0724244160974244e-34,33,1.3200000000000003
3.5499999999999687,1.0205731070269462e-35,33,1.3200000000000003
3.5999999999999694,4.646826479758067e-37,33,1.3200000000000003
3.64999999999997,1.9557657646475003e-38,33,1.3200000000000003
3.699999999999969,7.607468541238947e-40,33,1.3200000000000003
3.749999999999968,2.7343447859783323e-41,33,1.3200000000000003
3.7999999999999687,9.080157198056853e-43,33,1.3200000000000003
3.8499999999999694,2.785521913522271e-44,33,1.3200000000000003
3.8999999999999684,7.893084751091949e-46,33,1.3200000000000003
3.9499999999999673,2.0657341102999904e-47,33,1.3200000000000003
3.999999999999968,4.9929330772106825e-49,33,1.3200000000000003
4.049999999999969,1.1144532100783321e-50,33,1.3200000000000003
4.099999999999968,2.2970370849342636e-52,33,1.3200000000000003
4.149999999999967,4.3717281608651704e-54,33,1.3200000000000003
4.199999999999967,7.682441298158785e-56,33,1.3200000000000003
4.249999999999968,1.2464961192651605e-57,33,1.3200000000000003
4.299999999999967,1.8673041567623453e-59,33,1.3200000000000003
4.349999999999966,2.5826196457447553e-61,33,1.3200000000000003
4.399999999999967,3.297748529147559e-63,33,1.3200000000000003
4.449999999999967,3.887569528122708e-65,33,1.3200000000000003
4.499999999999966,4.2309257346606384e-67,33,1.3200000000000003
4.549999999999965,4.2509236751748027e-69,33,1.3200000000000003
4.599999999999966,3.942909702334294e-71,33,1.3200000000000003
4.649999999999967,3.376227210961416e-73,33,1.3200000000000003
4.6999999999999655,2.668849831198169e-75,33,1.3200000000000003
4.7499999999999645,1.947561213290059e-77,33,1.3200000000000003
4.799999999999965,1.311988213275244e-79,33,1.3200000000000003
4.849999999999966,8.159025924241493e-82,33,1.3200000000000003
4.899999999999965,4.683972285191189e-84,33,1.3200000000000003
4.949999999999964,2.4823115718093398e-86,33,1.3200000000000003
4.9999999999999645,1.2144030839512665e-88,33,1.3200000000000003
-5.0,6.099551970965254e-89,34,1.3600000000000003
-4.95,2.341986416813835e-84,34,1.3600000000000003
-4.9,4.079637074953706e-82,34,1.3600000000000003
-4.8500000000000005,6.56017526496613e-80,34,1.3600000000000003
-4.800000000000001,9.73821401771219e-78,34,1.3600000000000003
-4.750000000000001,1.3344905150052342e-75,34,1.3600000000000003
-4.700000000000001,1.688210983535614e-73,34,1.3600000000000003
-4.650000000000001,1.9715882936520944e-71,34,1.3600000000000003
-4.600000000000001,2.1256306489409408e-69,34,1.3600000000000003
-4.550000000000002,2.1156600128085805e-67,34,1.3600000000000003
-4.500000000000002,1.9439973102389243e-65,34,1.3600000000000003
-4.450000000000002,1.6490858108553568e-63,34,1.3600000000000003
-4.400000000000002,1.2915042013448186e-61,34,1.3600000000000003
-4.350000000000002,9.338169658048163e-60,34,1.3600000000000003
-4.3000000000000025,6.233771906130244e-58,34,1.3600000000000003
-4.250000000000003,3.842154301146631e-56,34,1.3600000000000003
-4.200000000000003,2.186487328486e-54,34,1.3600000000000003
-4.150000000000003,1.1489026645288383e-52,34,1.3600000000000003
-4.100000000000003,5.574451914456877e-51,34,1.3600000000000003
-4.050000000000003,2.4976150571411337e-49,34,1.3600000000000003
-4.0000000000000036,1.0334242817523301e-47,34,1.3600000000000003
-3.9500000000000037,3.949038842074468e-46,34,1.3600000000000003
-3.900000000000004,1.393793823812796e-44,34,1.3600000000000003
-3.850000000000004,4.54402514139285e-43,34,1.3600000000000003
-3.8000000000000043,1.3685651539426537e-41,34,1.3600000000000003
-3.7500000000000044,3.808274349209613e-40,34,1.3600000000000003
-3.7000000000000046,9.792500547145077e-39,34,1.3600000000000003
-3.650000000000005,2.32721697414448e-37,34,1.3600000000000003
-3.600000000000005,5.1126443639468865e-36,34,1.3600000000000003
-3.550000000000005,1.0385356212863976e-34,34,1.3600000000000003
-3.5000000000000053,1.9511119223229227e-33,34,1.3600000000000003
-3.4500000000000055,3.3912852086783847e-32,34,1.3600000000000003
-3.4000000000000057,5.455382658894906e-31,34,1.3600000000000003
-3.350000000000006,8.125425743059803e-30,34,1.3600000000000003
-3.300000000000006,1.1210759651106732e-28,34,1.3600000000000003
-3.250000000000006,1.4336061681212669e-27,34,1.3600000000000003
-3.2000000000000064,1.7002060996953802e-26,34,1.3600000000000003
-3.1500000000000066,1.8713604596128713e-25,34,1.3600000000000003
-3.1000000000000068,1.9131285082853166e-24,34,1.3600000000000003
-3.050000000000007,1.8182368486976726e-23,34,1.3600000000000003
-3.000000000000007,1.60808747979922e-22,34,1.3600000000000003
-2.9500000000000073,1.324955300527186e-21,34,1.3600000000000003
-2.9000000000000075,1.0182431668353295e-20,34,1.3600000000000003
-2.8500000000000076,7.30858925248304e-20,34,1.3600000000000003
-2.800000000000008,4.906429977887125e-19,34,1.3600000000000003
-2.750000000000008,3.085376999992341e-18,34,1.3600000000000003
-2.700000000000008,1.8203723899833714e-17,34,1.3600000000000003
-2.6500000000000083,1.0093765310475997e-16,34,1.3600000000000003
-2.6000000000000085,5.269204405715257e-16,34,1.3600000000000003
-2.5500000000000087,2.5942552280774014e-15,34,1.3600000000000003
-2.500000000000009,1.2068246758462536e-14,34,1.3600000000000003
-2.450000000000009,5.314106295235594e-14,34,1.3600000000000003
-2.4000000000000092,2.2189916281809877e-13,34,1.3600000000000003
-2.3500000000000094,8.80218258135742e-13,34,1.3600000000000003
-2.3000000000000096,3.3226180886973996e-12,34,1.3600000000000003
-2.2500000000000098,1.1954724246267074e-11,34,1.3600000000000003
-2.20000000000001,4.106219263541586e-11,34,1.3600000000000003
-2.15000000000001,1.3483992149795326e-10,34,1.3600000000000003
-2.1000000000000103,4.2389037750016207e-10,34,1.3600000000000003
-2.0500000000000105,1.2772869325106778e-09,34,1.3600000000000003
-2.0000000000000107,3.693382042853865e-09,34,1.3600000000000003
-1.9500000000000108,1.0259508778262611e-08,34,1.3600000000000003
-1.900000000000011,2.7405083727237243e-08,34,1.3600000000000003
-1.8500000000000112,7.046090540107942e-08,34,1.3600000000000003
-1.8000000000000114,1.7452865578705077e-07,34,1.3600000000000003
-1.7500000000000115,4.16828535708965e-07,34,1.3600000000000003
-1.7000000000000117,9.606715583431783e-07,34,1.3600000000000003
-1.650000000000012,2.138254672407014e-06,34,1.3600000000000003
-1.600000000000012,4.599785016989818e-06,34,1.3600000000000003
-1.5500000000000123,9.570242941772625e-06,34,1.3600000000000003
-1.5000000000000124,1.9271567831340334e-05,34,1.3600000000000003
-1.4500000000000126,3.758452888510634e-05,34,1.3600000000000003
-1.4000000000000128,7.103583340218647e-05,34,1.3600000000000003
-1.350000000000013,0.00013019379598488076,34,1.3600000000000003
-1.3000000000000131,0.000231530195358481,34,1.3600000000000003
-1.2500000000000133,0.0003997456086170723,34,1.3600000000000003
-1.2000000000000135,0.0006704563806061152,34,1.3600000000000003
-1.1500000000000137,0.0010930050077018801,34,1.3600000000000003
-1.1000000000000139,0.0017330062704023453,34,1.3600000000000003
-1.050000000000014,0.0026741116785465487,34,1.3600000000000003
-1.0000000000000142,0.004018420338442911,34,1.3600000000000003
-0.9500000000000144,0.005885032177937436,34,1.3600000000000003
-0.9000000000000146,0.00840644927848474,34,1.3600000000000003
-0.8500000000000147,0.011722889316801197,34,1.3600000000000003
-0.8000000000000149,0.01597495435559647,34,1.3600000000000003
-0.7500000000000151,0.02129551177727997,34,1.3600000000000003
-0.7000000000000153,0.027801757136187866,34,1.3600000000000003
-0.6500000000000155,0.035588584006519555,34,1.3600000000000003
-0.6000000000000156,0.044723867780090895,34,1.3600000000000003
-0.5500000000000158,0.055246370197103566,34,1.3600000000000003
-0.500000000000016,0.0671657759674987,34,1.3600000000000003
-0.45000000000001616,0.08046523761904364,34,1.3600000000000003
-0.40000000000001634,0.09510473062638862,34,1.3600000000000003
-0.3500000000000165,0.11102616575631986,34,1.3600000000000003
-0.3000000000000167,0.12815740204532355,34,1.3600000000000003
-0.2500000000000169,0.1464176984003486,34,1.3600000000000003
-0.20000000000001705,0.16572034060045687,34,1.3600000000000003
-0.15000000000001723,0.18597714463615958,34,1.3600000000000003
-0.10000000000001741,0.20709885055276855,34,1.3600000000000003
-0.050000000000017586,0.22899805162411113,34,1.3600000000000003
-1.7763568394002505e-14,0.2515872907877447,34,1.3600000000000003
0.04999999999998206,0.2747793731280978,34,1.3600000000000003
0.09999999999998188,0.2984829331815676,34,1.3600000000000003
0.1499999999999817,0.3225968796055832,34,1.3600000000000003
0.19999999999998153,0.34700089405809087,34,1.3600000000000003
0.24999999999998135,0.371534470403485,34,1.3600000000000003
0.29999999999998117,0.39597093526401256,34,1.3600000000000003
0.349999999999981,0.4199534432444787,34,1.3600000000000003
0.3999999999999808,0.44291234810543034,34,1.3600000000000003
0.44999999999998064,0.4638822512159987,34,1.3600000000000003
0.49999999999998046,0.48125833894455505,34,1.3600000000000003
0.5499999999999803,0.492375617576873,34,1.3600000000000003
0.5999999999999801,0.49313201032236736,34,1.3600000000000003
0.6499999999999799,0.47794502188975696,34,1.3600000000000003
0.6999999999999797,0.44117349615735313,34,1.3600000000000003
0.7499999999999796,0.3806557543583467,34,1.3600000000000003
0.7999999999999794,0.3018810849139723,34,1.3600000000000003
0.8499999999999792,0.21800296236079592,34,1.3600000000000003
0.899999999999979,0.14352389814299843,34,1.3600000000000003
0.9499999999999789,0.08704936324737864,34,1.3600000000000003
0.9999999999999787,0.049356193774256325,34,1.3600000000000003
1.0499999999999785,0.02654326078651371,34,1.3600000000000003
1.0999999999999783,0.013694225927361093,34,1.3600000000000003
1.1499999999999782,0.006836970833951203,34,1.3600000000000003
1.199999999999978,0.0033234299447721296,34,1.3600000000000003
1.2499999999999778,0.0015811066473725957,34,1.3600000000000003
1.2999999999999776,0.0007392311787862007,34,1.3600000000000003
1.3499999999999774,0.00034096939967386924,34,1.3600000000000003
1.3999999999999773,0.0001556021893539942,34,1.3600000000000003
1.449999999999977,7.038999426247288e-05,34,1.3600000000000003
1.499999999999977,3.157831007906979e-05,34,1.3600000000000003
1.5499999999999767,1.4034074942457515e-05,34,1.3600000000000003
1.5999999999999766,6.164283525525154e-06,34,1.3600000000000003
1.6499999999999764,2.6672790490885645e-06,34,1.3600000000000003
1.6999999999999762,1.1328686393562062e-06,34,1.3600000000000003
1.749999999999976,4.7059941357666377e-07,34,1.3600000000000003
1.7999999999999758,1.905678646048099e-07,34,1.3600000000000003
1.8499999999999757,7.500780874719587e-08,34,1.3600000000000003
1.8999999999999755,2.862303784958418e-08,34,1.3600000000000003
1.9499999999999753,1.0565858638519349e-08,34,1.3600000000000003
1.9999999999999751,3.765262102009636e-09,34,1.3600000000000003
2.049999999999975,1.2929103035554077e-09,34,1.3600000000000003
2.0999999999999748,4.2701298827295875e-10,34,1.3600000000000003
2.1499999999999746,1.3540942475471383e-10,34,1.3600000000000003
2.1999999999999744,4.115622705700517e-11,34,1.3600000000000003
2.2499999999999742,1.1968670402275663e-11,34,1.3600000000000003
2.299999999999974,3.3244615407116073e-12,34,1.3600000000000003
2.349999999999974,8.804338429148795e-13,34,1.3600000000000003
2.3999999999999737,2.2192131823434524e-13,34,1.3600000000000003
2.4499999999999735,5.3143051919322306e-14,34,1.3600000000000003
2.4999999999999734,1.2068401944256657e-14,34,1.3600000000000003
2.549999999999973,2.594265707157358e-15,34,1.3600000000000003
2.599999999999973,5.269210508962587e-16,34,1.3600000000000003
2.649999999999973,1.0093768368145144e-16,34,1.3600000000000003
2.6999999999999726,1.8203725214738196e-17,34,1.3600000000000003
2.7499999999999725,3.0853770484514522e-18,34,1.3600000000000003
2.7999999999999723,4.906429993176255e-19,34,1.3600000000000003
2.849999999999972,7.308589256614413e-20,34,1.3600000000000003
2.899999999999972,1.0182431669317386e-20,34,1.3600000000000003
2.9499999999999718,1.3249553005478193e-21,34,1.3600000000000003
2.9999999999999716,1.608087479804807e-22,34,1.3600000000000003
3.0499999999999723,1.818236848700984e-23,34,1.3600000000000003
3.0999999999999712,1.9131285082884805e-24,34,1.3600000000000003
3.14999999999997,1.8713604596160174e-25,34,1.3600000000000003
3.199999999999971,1.700206099698322e-26,34,1.3600000000000003
3.2499999999999716,1.4336061681238243e-27,34,1.3600000000000003
3.2999999999999705,1.121075965112734e-28,34,1.3600000000000003
3.3499999999999694,8.125425743075178e-30,34,1.3600000000000003
3.39999999999997,5.455382658905526e-31,34,1.3600000000000003
3.449999999999971,3.3912852086851717e-32,34,1.3600000000000003
3.49999999999997,1.9511119223269357e-33,34,1.3600000000000003
3.5499999999999687,1.0385356212885912e-34,34,1.3600000000000003
3.5999999999999694,5.1126443639579684e-36,34,1.3600000000000003
3.64999999999997,2.327216974149653e-37,34,1.3600000000000003
3.699999999999969,9.792500547167393e-39,34,1.3600000000000003
3.749999999999968,3.808274349218502e-40,34,1.3600000000000003
3.7999999999999687,1.3685651539459273e-41,34,1.3600000000000003
3.8499999999999694,4.544025141403972e-43,34,1.3600000000000003
3.8999999999999684,1.3937938238162856e-44,34,1.3600000000000003
3.9499999999999673,3.94903884208458e-46,34,1.3600000000000003
3.999999999999968,1.0334242817550344e-47,34,1.3600000000000003
4.049999999999969,2.4976150571478084e-49,34,1.3600000000000003
4.099999999999968,5.574451914472094e-51,34,1.3600000000000003
4.149999999999967,1.1489026645320398e-52,34,1.3600000000000003
4.199999999999967,2.186487328492218e-54,34,1.3600000000000003
4.249999999999968,3.8421543011577736e-56,34,1.3600000000000003
4.299999999999967,6.233771906148675e-58,34,1.3600000000000003
4.349999999999966,9.3381696580763e-60,34,1.3600000000000003
4.399999999999967,1.2915042013487838e-61,34,1.3600000000000003
4.449999999999967,1.6490858108605125e-63,34,1.3600000000000003
4.499999999999966,1.943997310245113e-65,34,1.3600000000000003
4.549999999999965,2.115660012815436e-67,34,1.3600000000000003
4.599999999999966,2.1256306489479494e-69,34,1.3600000000000003
4.649999999999967,1.971588293658707e-71,34,1.3600000000000003
4.6999999999999655,1.6882109835413724e-73,34,1.3600000000000003
4.7499999999999645,1.3344905150097484e-75,34,1.3600000000000003
4.799999999999965,9.738214017746507e-78,34,1.3600000000000003
4.849999999999966,6.56017526499048e-80,34,1.3600000000000003
4.899999999999965,4.079637077699337e-82,34,1.3600000000000003
4.949999999999964,2.342046862749792e-84,34,1.3600000000000003
4.9999999999999645,1.2411833224558788e-86,34,1.3600000000000003
-5.0,6.23641437213422e-87,35,1.4000000000000004
-4.95,2.0398188424544517e-82,35,1.4000000000000004
-4.9,3.280204731803906e-80,35,1.4000000000000004
-4.8500000000000005,4.869310990709843e-78,35,1.4000000000000004
-4.800000000000001,6.67278058378942e-76,35,1.4000000000000004
-4.750000000000001,8.441541828378956e-74,35,1.4000000000000004
-4.700000000000001,9.858608713517974e-72,35,1.4000000000000004
-4.650000000000001,1.0628997350196472e-69,35,1.4000000000000004
-4.600000000000001,1.0579285858189729e-67,35,1.4000000000000004
-4.550000000000002,9.721049366519092e-66,35,1.4000000000000004
-4.500000000000002,8.246486884283189e-64,35,1.4000000000000004
-4.450000000000002,6.458493005379212e-62,35,1.4000000000000004
-4.400000000000002,4.6699093719295087e-60,35,1.4000000000000004
-4.350000000000002,3.1175317051657942e-58,35,1.4000000000000004
-4.3000000000000025,1.921544059056218e-56,35,1.4000000000000004
-4.250000000000003,1.0935553528383065e-54,35,1.4000000000000004
-4.200000000000003,5.7464343997947655e-53,35,1.4000000000000004
-4.150000000000003,2.7883192008926815e-51,35,1.4000000000000004
-4.100000000000003,1.2493819799028313e-49,35,1.4000000000000004
-4.050000000000003,5.1699086347188786e-48,35,1.4000000000000004
-4.0000000000000036,1.9757682285658046e-46,35,1.4000000000000004
-3.9500000000000037,6.974136240472741e-45,35,1.4000000000000004
-3.900000000000004,2.273987090117462e-43,35,1.4000000000000004
-3.850000000000004,6.849794738832333e-42,35,1.4000000000000004
-3.8000000000000043,1.906409187175503e-40,35,1.4000000000000004
-3.7500000000000044,4.903093099342252e-39,35,1.4000000000000004
-3.7000000000000046,1.1655126242468447e-37,35,1.4000000000000004
-3.650000000000005,2.5612184322470156e-36,35,1.4000000000000004
-3.600000000000005,5.204314191302711e-35,35,1.4000000000000004
-3.550000000000005,9.781122833434348e-34,35,1.4000000000000004
-3.5000000000000053,1.7008352824456244e-32,35,1.4000000000000004
-3.4500000000000055,2.7374468890590675e-31,35,1.4000000000000004
-3.4000000000000057,4.0796692975732934e-30,35,1.4000000000000004
-3.350000000000006,5.632656738847841e-29,35,1.4000000000000004
-3.300000000000006,7.208657969321634e-28,35,1.4000000000000004
-3.250000000000006,8.557084296732434e-27,35,1.4000000000000004
-3.2000000000000064,9.428482606470419e-26,35,1.4000000000000004
-3.1500000000000066,9.650652846411352e-25,35,1.4000000000000004
-3.1000000000000068,9.184752266469006e-24,35,1.4000000000000004
-3.050000000000007,8.136093824410365e-23,35,1.4000000000000004
-3.000000000000007,6.715688345070814e-22,35,1.4000000000000004
-2.9500000000000073,5.171620208166609e-21,35,1.4000000000000004
-2.9000000000000075,3.7205423912678794e-20,35,1.4000000000000004
-2.8500000000000076,2.5041271472853293e-19,35,1.4000000000000004
-2.800000000000008,1.5792314462585857e-18,35,1.4000000000000004
-2.750000000000008,9.347183448811214e-18,35,1.4000000000000004
-2.700000000000008,5.201151505237616e-17,35,1.4000000000000004
-2.6500000000000083,2.7256208223567964e-16,35,1.4000000000000004
-2.6000000000000085,1.3475964405910794e-15,35,1.4000000000000004
-2.5500000000000087,6.297583599517002e-15,35,1.4000000000000004
-2.500000000000009,2.7867659090216103e-14,35,1.4000000000000004
-2.450000000000009,1.1698370478827082e-13,35,1.4000000000000004
-2.4000000000000092,4.666796605438947e-13,35,1.4000000000000004
-2.3500000000000094,1.772258625755551e-12,35,1.4000000000000004
-2.3000000000000096,6.4174712521729805e-12,35,1.4000000000000004
-2.2500000000000098,2.2192405361721618e-11,35,1.4000000000000004
-2.20000000000001,7.33973228685024e-11,35,1.4000000000000004
-2.15000000000001,2.3247628503218955e-10,35,1.4000000000000004
-2.1000000000000103,7.060634266816595e-10,35,1.4000000000000004
-2.0500000000000105,2.0586362074847358e-09,35,1.4000000000000004
-2.0000000000000107,5.768397834661432e-09,35,1.4000000000000004
-1.9500000000000108,1.5549232737566046e-08,35,1.4000000000000004
-1.900000000000011,4.0360206117774675e-08,35,1.4000000000000004
-1.8500000000000112,1.0096686381530139e-07,35,1.4000000000000004
-1.8000000000000114,2.436446867987644e-07,35,1.4000000000000004
-1.7500000000000115,5.675999285791963e-07,35,1.4000000000000004
-1.7000000000000117,1.2775407243805863e-06,35,1.4000000000000004
-1.650000000000012,2.7802242406400265e-06,35,1.4000000000000004
-1.600000000000012,5.854231403606435e-06,35,1.4000000000000004
-1.5500000000000123,1.1935606377104182e-05,35,1.4000000000000004
-1.5000000000000124,2.3577121711987173e-05,35,1.4000000000000004
-1.4500000000000126,4.515276567750331e-05,35,1.4000000000000004
-1.4000000000000128,8.388605486945326e-05,35,1.4000000000000004
-1.350000000000013,0.0001512733023519866,35,1.4000000000000004
-1.3000000000000131,0.0002649411330755574,35,1.4000000000000004
-1.2500000000000133,0.0004509141068769116,35,1.4000000000000004
-1.2000000000000135,0.0007461683354804256,35,1.4000000000000004
-1.1500000000000137,0.0012012205657092386,35,1.4000000000000004
-1.1000000000000139,0.001882367100459719,35,1.4000000000000004
-1.050000000000014,0.0028730844261659963,35,1.4000000000000004
-1.0000000000000142,0.004274075382148788,35,1.4000000000000004
-0.9500000000000144,0.00620153067097276,35,1.4000000000000004
-0.9000000000000146,0.008783402241329593,35,1.4000000000000004
-0.8500000000000147,0.012153795661602273,35,1.4000000000000004
-0.8000000000000149,0.016445986009456123,35,1.4000000000000004
-0.7500000000000151,0.02178480803925293,35,1.4000000000000004
-0.7000000000000153,0.028279438193953194,35,1.4000000000000004
-0.6500000000000155,0.036017355128269084,35,1.4000000000000004
-0.6000000000000156,0.04506035428013829,35,1.4000000000000004
-0.5500000000000158,0.055442618451373764,35,1.4000000000000004
-0.500000000000016,0.06717130529904686,35,1.4000000000000004
-0.45000000000001616,0.08022851963170331,35,1.4000000000000004
-0.40000000000001634,0.09457527068418962,35,1.4000000000000004
-0.3500000000000165,0.11015518435355834,35,1.4000000000000004
-0.3000000000000167,0.1268996654938731,35,1.4000000000000004
-0.2500000000000169,0.14473108900494527,35,1.4000000000000004
-0.20000000000001705,0.16356755033382137,35,1.4000000000000004
-0.15000000000001723,0.18332425505430341,35,1.4000000000000004
-0.10000000000001741,0.20391707626601133,35,1.4000000000000004
-0.050000000000017586,0.22526182447312879,35,1.4000000000000004
-1.7763568394002505e-14,0.24727599312629817,35,1.4000000000000004
0.04999999999998206,0.2698759326817051,35,1.4000000000000004
0.09999999999998188,0.29297511779992275,35,1.4000000000000004
0.1499999999999817,0.3164784018045408,35,1.4000000000000004
0.19999999999998153,0.34027185181118635,35,1.4000000000000004
0.24999999999998135,0.3642092424417033,35,1.4000000000000004
0.29999999999998117,0.38807935046500275,35,1.4000000000000004
0.349999999999981,0.4115659683786396,35,1.4000000000000004
0.3999999999999808,0.43415267753017284,35,1.4000000000000004
0.44999999999998064,0.4549976953851114,35,1.4000000000000004
0.49999999999998046,0.472679533238239,35,1.4000000000000004
0.5499999999999803,0.48488125647327973,35,1.4000000000000004
0.5999999999999801,0.48796078070031634,35,1.4000000000000004
0.6499999999999799,0.47686177841843574,35,1.4000000000000004
0.6999999999999797,0.44600691624866745,35,1.4000000000000004
0.7499999999999796,0.3922276633922357,35,1.4000000000000004
0.7999999999999794,0.3188040607051792,35,1.4000000000000004
0.8499999999999792,0.2368091075466204,35,1.4000000000000004
0.899999999999979,0.16051570279534896,35,1.4000000000000004
0.9499999999999789,0.10007266105348335,35,1.4000000000000004
0.9999999999999787,0.05817092140666481,35,1.4000000000000004
1.0499999999999785,0.03197491025883517,35,1.4000000000000004
1.0999999999999783,0.01682167591483177,35,1.4000000000000004
1.1499999999999782,0.008544125263496972,35,1.4000000000000004
1.199999999999978,0.004217887595052686,35,1.4000000000000004
1.2499999999999778,0.002033430306551589,35,1.4000000000000004
1.2999999999999776,0.0009615147511430028,35,1.4000000000000004
1.3499999999999774,0.000447521134208969,35,1.4000000000000004
1.3999999999999773,0.0002057019580442154,35,1.4000000000000004
1.449999999999977,9.359489268686484e-05,35,1.4000000000000004
1.499999999999977,4.221298616167176e-05,35,1.4000000000000004
1.5499999999999767,1.8871488640552682e-05,35,1.4000000000000004
1.5999999999999766,8.350714963949433e-06,35,1.4000000000000004
1.6499999999999764,3.6485834254406863e-06,35,1.4000000000000004
1.6999999999999762,1.5689406099153578e-06,35,1.4000000000000004
1.749999999999976,6.617185013955567e-07,35,1.4000000000000004
1.7999999999999758,2.7280365432945715e-07,35,1.4000000000000004
1.8499999999999757,1.0959545832656359e-07,35,1.4000000000000004
1.8999999999999755,4.2786834795764417e-08,35,1.4000000000000004
1.9499999999999753,1.6194150136817127e-08,35,1.4000000000000004
1.9999999999999751,5.929384493030528e-09,35,1.4000000000000004
2.049999999999975,2.096137547940269e-09,35,1.4000000000000004
2.0999999999999748,7.14159864485717e-10,35,1.4000000000000004
2.1499999999999746,2.340846077011112e-10,35,1.4000000000000004
2.1999999999999744,7.368904758213325e-11,35,1.4000000000000004
2.2499999999999742,2.2240344299194944e-11,35,1.4000000000000004
2.299999999999974,6.424552122623766e-12,35,1.4000000000000004
2.349999999999974,1.7731914294751768e-12,35,1.4000000000000004
2.3999999999999737,4.667884474172553e-13,35,1.4000000000000004
2.4499999999999735,1.1699486008931077e-13,35,1.4000000000000004
2.4999999999999734,2.7868658813240397e-14,35,1.4000000000000004
2.549999999999973,6.297661497576487e-15,35,1.4000000000000004
2.599999999999973,1.3476016954194061e-15,35,1.4000000000000004
2.649999999999973,2.725623880554985e-16,35,1.4000000000000004
2.6999999999999726,5.201153036495145e-17,35,1.4000000000000004
2.7499999999999725,9.34718410702791e-18,35,1.4000000000000004
2.7999999999999723,1.5792314705087982e-18,35,1.4000000000000004
2.849999999999972,2.5041271549347143e-19,35,1.4000000000000004
2.899999999999972,3.720542393334597e-20,35,1.4000000000000004
2.9499999999999718,5.171620208648933e-21,35,1.4000000000000004
2.9999999999999716,6.715688345174146e-22,35,1.4000000000000004
3.0499999999999723,8.136093824438459e-23,35,1.4000000000000004
3.0999999999999712,9.18475226648572e-24,35,1.4000000000000004
3.14999999999997,9.650652846427319e-25,35,1.4000000000000004
3.199999999999971,9.428482606486278e-26,35,1.4000000000000004
3.2499999999999716,8.557084296747247e-27,35,1.4000000000000004
3.2999999999999705,7.208657969334497e-28,35,1.4000000000000004
3.3499999999999694,5.632656738858197e-29,35,1.4000000000000004
3.39999999999997,4.079669297581015e-30,35,1.4000000000000004
3.449999999999971,2.7374468890643977e-31,35,1.4000000000000004
3.49999999999997,1.7008352824490289e-32,35,1.4000000000000004
3.5499999999999687,9.781122833454468e-34,35,1.4000000000000004
3.5999999999999694,5.204314191313704e-35,35,1.4000000000000004
3.64999999999997,2.561218432252568e-36,35,1.4000000000000004
3.699999999999969,1.1655126242494358e-37,35,1.4000000000000004
3.749999999999968,4.903093099353426e-39,35,1.4000000000000004
3.7999999999999687,1.9064091871799528e-40,35,1.4000000000000004
3.8499999999999694,6.849794738848717e-42,35,1.4000000000000004
3.8999999999999684,2.2739870901230284e-43,35,1.4000000000000004
3.9499999999999673,6.974136240490203e-45,35,1.4000000000000004
3.999999999999968,1.975768228570864e-46,35,1.4000000000000004
4.049999999999969,5.169908634732408e-48,35,1.4000000000000004
4.099999999999968,1.2493819799061703e-49,35,1.4000000000000004
4.149999999999967,2.788319200900293e-51,35,1.4000000000000004
4.199999999999967,5.746434399810778e-53,35,1.4000000000000004
4.249999999999968,1.0935553528414163e-54,35,1.4000000000000004
4.299999999999967,1.9215440590617907e-56,35,1.4000000000000004
4.349999999999966,3.117531705175012e-58,35,1.4000000000000004
4.399999999999967,4.66990937194358e-60,35,1.4000000000000004
4.449999999999967,6.458493005399042e-62,35,1.4000000000000004
4.499999999999966,8.24648688430897e-64,35,1.4000000000000004
4.549999999999965,9.72104936655004e-66,35,1.4000000000000004
4.599999999999966,1.0579285858224009e-67,35,1.4000000000000004
4.649999999999967,1.0628997350231518e-69,35,1.4000000000000004
4.6999999999999655,9.85860871355104e-72,35,1.4000000000000004
4.7499999999999645,8.44154182840775e-74,35,1.4000000000000004
4.799999999999965,6.672780583811992e-76,35,1.4000000000000004
4.849999999999966,4.869310990727138e-78,35,1.4000000000000004
4.899999999999965,3.2802047348383775e-80,35,1.4000000000000004
4.949999999999964,2.039880598015791e-82,35,1.4000000000000004
4.9999999999999645,1.1710539291347508e-84,35,1.4000000000000004
-5.0,5.886451717534425e-85,36,1.4400000000000004
-4.95,1.6401026777226715e-80,36,1.4400000000000004
-4.9,2.4347574862970443e-78,36,1.4400000000000004
-4.8500000000000005,3.3365543021313e-76,36,1.4400000000000004
-4.800000000000001,4.2210143797390134e-74,36,1.4400000000000004
-4.750000000000001,4.929637995788176e-72,36,1.4400000000000004
-4.700000000000001,5.314920752189655e-70,36,1.4400000000000004
-4.650000000000001,5.29013585953054e-68,36,1.4400000000000004
-4.600000000000001,4.861056133127056e-66,36,1.4400000000000004
-4.550000000000002,4.1237724064345034e-64,36,1.4400000000000004
-4.500000000000002,3.229732555157932e-62,36,1.4400000000000004
-4.450000000000002,2.3353670103089685e-60,36,1.4400000000000004
-4.400000000000002,1.559088777233166e-58,36,1.4400000000000004
-4.350000000000002,9.610055249967055e-57,36,1.4400000000000004
-4.3000000000000025,5.469335530044115e-55,36,1.4400000000000004
-4.250000000000003,2.8741779719269107e-53,36,1.4400000000000004
-4.200000000000003,1.39470637812276e-51,36,1.4400000000000004
-4.150000000000003,6.249783116714054e-50,36,1.4400000000000004
-4.100000000000003,2.5863484769598856e-48,36,1.4400000000000004
-4.050000000000003,9.885088052728537e-47,36,1.4400000000000004
-4.0000000000000036,3.48965307455373e-45,36,1.4400000000000004
-3.9500000000000037,1.137981429173014e-43,36,1.4400000000000004
-3.900000000000004,3.428384437536403e-42,36,1.4400000000000004
-3.850000000000004,9.543415871328103e-41,36,1.4400000000000004
-3.8000000000000043,2.4549714470405422e-39,36,1.4400000000000004
-3.7500000000000044,5.837095167170101e-38,36,1.4400000000000004
-3.7000000000000046,1.2830607626731789e-36,36,1.4400000000000004
-3.650000000000005,2.6079846587725894e-35,36,1.4400000000000004
-3.600000000000005,4.903367508878409e-34,36,1.4400000000000004
-3.550000000000005,8.530197983184635e-33,36,1.4400000000000004
-3.5000000000000053,1.3736140059462509e-31,36,1.4400000000000004
-3.4500000000000055,2.0483388251988748e-30,36,1.4400000000000004
-3.4000000000000057,2.830015603869216e-29,36,1.4400000000000004
-3.350000000000006,3.6247273311486833e-28,36,1.4400000000000004
-3.300000000000006,4.306705432060457e-27,36,1.4400000000000004
-3.250000000000006,4.750284593081818e-26,36,1.4400000000000004
-3.2000000000000064,4.868111844689338e-25,36,1.4400000000000004
-3.1500000000000066,4.639518546266855e-24,36,1.4400000000000004
-3.1000000000000068,4.1163001764372393e-23,36,1.4400000000000004
-3.050000000000007,3.4037679338677517e-22,36,1.4400000000000004
-3.000000000000007,2.6264905732053562e-21,36,1.4400000000000004
-2.9500000000000073,1.8938496373592936e-20,36,1.4400000000000004
-2.9000000000000075,1.2779216746834977e-19,36,1.4400000000000004
-2.8500000000000076,8.082184350856323e-19,36,1.4400000000000004
-2.800000000000008,4.798798081769873e-18,36,1.4400000000000004
-2.750000000000008,2.6795373249317373e-17,36,1.4400000000000004
-2.700000000000008,1.409546328422454e-16,36,1.4400000000000004
-2.6500000000000083,6.998039778217274e-16,36,1.4400000000000004
-2.6000000000000085,3.2850728408763328e-15,36,1.4400000000000004
-2.5500000000000087,1.4607627765403437e-14,36,1.4400000000000004
-2.500000000000009,6.164064419389118e-14,36,1.4400000000000004
-2.450000000000009,2.47273659817012e-13,36,1.4400000000000004
-2.4000000000000092,9.446211652712854e-13,36,1.4400000000000004
-2.3500000000000094,3.4420754563502446e-12,36,1.4400000000000004
-2.3000000000000096,1.1982331993640712e-11,36,1.4400000000000004
-2.2500000000000098,3.9907397059268497e-11,36,1.4400000000000004
-2.20000000000001,1.2733434518624505e-10,36,1.4400000000000004
-2.15000000000001,3.897303746764533e-10,36,1.4400000000000004
-2.1000000000000103,1.1455562454216752e-09,36,1.4400000000000004
-2.0500000000000105,3.2372306241163682e-09,36,1.4400000000000004
-2.0000000000000107,8.80393442501726e-09,36,1.4400000000000004
-1.9500000000000108,2.306430165708369e-08,36,1.4400000000000004
-1.900000000000011,5.825804628592793e-08,36,1.4400000000000004
-1.8500000000000112,1.420024349115121e-07,36,1.4400000000000004
-1.8000000000000114,3.342833338021745e-07,36,1.4400000000000004
-1.7500000000000115,7.605923910401615e-07,36,1.4400000000000004
-1.7000000000000117,1.6739106031141813e-06,36,1.4400000000000004
-1.650000000000012,3.5658795360105057e-06,36,1.4400000000000004
-1.600000000000012,7.357888363061553e-06,36,1.4400000000000004
-1.5500000000000123,1.4715572236068225e-05,36,1.4400000000000004
-1.5000000000000124,2.8543806764593998e-05,36,1.4400000000000004
-1.4500000000000126,5.3730292092813555e-05,36,1.4400000000000004
-1.4000000000000128,9.820886504679372e-05,36,1.4400000000000004
-1.350000000000013,0.00017440096258574655,36,1.4400000000000004
-1.3000000000000131,0.0003010576166304939,36,1.4400000000000004
-1.2500000000000133,0.0005054574196018159,36,1.4400000000000004
-1.2000000000000135,0.0008258194148299346,36,1.4400000000000004
-1.1500000000000137,0.0013136704102268684,36,1.4400000000000004
-1.1000000000000139,0.0020357901592831383,36,1.4400000000000004
-1.050000000000014,0.003075276358409974,36,1.4400000000000004
-1.0000000000000142,0.0045312666748607506,36,1.4400000000000004
-0.9500000000000144,0.00651696272482705,36,1.4400000000000004
-0.9000000000000146,0.009155812013023325,36,1.4400000000000004
-0.8500000000000147,0.012576029665214813,36,1.4400000000000004
-0.8000000000000149,0.01690392922796298,36,1.4400000000000004
-0.7500000000000151,0.02225686086795618,36,1.4400000000000004
-0.7000000000000153,0.028736547181935256,36,1.4400000000000004
-0.6500000000000155,0.036423754456388555,36,1.4400000000000004
-0.6000000000000156,0.04537465997575967,36,1.4400000000000004
-0.5500000000000158,0.05561952004404734,36,1.4400000000000004
-0.500000000000016,0.06716302275722853,36,1.4400000000000004
-0.45000000000001616,0.07998678847773626,36,1.4400000000000004
-0.40000000000001634,0.09405234213709647,36,1.4400000000000004
-0.3500000000000165,0.10930565943353754,36,1.4400000000000004
-0.3000000000000167,0.1256805519823336,36,1.4400000000000004
-0.2500000000000169,0.14310344422989718,36,1.4400000000000004
-0.20000000000001705,0.16149553315629275,36,1.4400000000000004
-0.15000000000001723,0.18077674720578213,36,1.4400000000000004
-0.10000000000001741,0.2008660183489666,36,1.4400000000000004
-0.050000000000017586,0.221683886139411,36,1.4400000000000004
-1.7763568394002505e-14,0.24315085268224543,36,1.4400000000000004
0.04999999999998206,0.26518775488845414,36,1.4400000000000004
0.09999999999998188,0.2877120552895357,36,1.4400000000000004
0.1499999999999817,0.3106333821085275,36,1.4400000000000004
0.19999999999998153,0.3338458634288814,36,1.4400000000000004
0.24999999999998135,0.3572114713136297,36,1.4400000000000004
0.29999999999998117,0.3805399706006738,36,1.4400000000000004
0.349999999999981,0.4035394209677318,36,1.4400000000000004
0.3999999999999808,0.42575456058621247,36,1.4400000000000004
0.44999999999998064,0.44642862663706573,36,1.4400000000000004
0.49999999999998046,0.46432208991452684,36,1.4400000000000004
0.5499999999999803,0.4773842004974091,36,1.4400000000000004
0.5999999999999801,0.4824140528784004,36,1.4400000000000004
0.6499999999999799,0.4748205593064952,36,1.4400000000000004
0.6999999999999797,0.4492556440625878,36,1.4400000000000004
0.7499999999999796,0.4018627165208302,36,1.4400000000000004
0.7999999999999794,0.3340711827720493,36,1.4400000000000004
0.8499999999999792,0.25483402940590943,36,1.4400000000000004
0.899999999999979,0.17765368748539218,36,1.4400000000000004
0.9499999999999789,0.11381959905032378,36,1.4400000000000004
0.9999999999999787,0.06782221417701223,36,1.4400000000000004
1.0499999999999785,0.03811647612409164,36,1.4400000000000004
1.0999999999999783,0.02044939632307452,36,1.4400000000000004
1.1499999999999782,0.010572817395906056,36,1.4400000000000004
1.199999999999978,0.005302551232565626,36,1.4400000000000004
1.2499999999999778,0.002593074386127411,36,1.4400000000000004
1.2999999999999776,0.0012412626331094866,36,1.4400000000000004
1.3499999999999774,0.0005837847940578337,36,1.4400000000000004
1.3999999999999773,0.00027059631648024225,36,1.4400000000000004
1.449999999999977,0.0001239655783748121,36,1.4400000000000004
1.499999999999977,5.623487143787947e-05,36,1.4400000000000004
1.5499999999999767,2.5282193003162652e-05,36,1.4400000000000004
1.5999999999999766,1.1260104597181184e-05,36,1.4400000000000004
1.6499999999999764,4.959841241505549e-06,36,1.4400000000000004
1.6999999999999762,2.155153538276049e-06,36,1.4400000000000004
1.749999999999976,9.208726095529682e-07,36,1.4400000000000004
1.7999999999999758,3.856570650331023e-07,36,1.4400000000000004
1.8499999999999757,1.577952590808349e-07,36,1.4400000000000004
1.8999999999999755,6.289480658147316e-08,36,1.4400000000000004
1.9499999999999753,2.4358110003508597e-08,36,1.4400000000000004
1.9999999999999751,9.145143893950039e-09,36,1.4400000000000004
2.049999999999975,3.321772185687638e-09,36,1.4400000000000004
2.0999999999999748,1.1651110786884896e-09,36,1.4400000000000004
2.1499999999999746,3.9392445613484394e-10,36,1.4400000000000004
2.1999999999999744,1.2816247601101327e-10,36,1.4400000000000004
2.2499999999999742,4.0056799853456265e-11,36,1.4400000000000004
2.299999999999974,1.2006767864433357e-11,36,1.4400000000000004
2.349999999999974,3.445670285028722e-12,36,1.4400000000000004
2.3999999999999737,9.450931447828699e-13,36,1.4400000000000004
2.4499999999999735,2.4732855311529127e-13,36,1.4400000000000004
2.4999999999999734,6.164626079344636e-14,36,1.4400000000000004
2.549999999999973,1.4608130254330055e-14,36,1.4400000000000004
2.599999999999973,3.2851119428160006e-15,36,1.4400000000000004
2.649999999999973,6.998066128921792e-16,36,1.4400000000000004
2.6999999999999726,1.4095478608126322e-16,36,1.4400000000000004
2.7499999999999725,2.6795380917730125e-17,36,1.4400000000000004
2.7999999999999723,4.798798411260691e-18,36,1.4400000000000004
2.849999999999972,8.082184472210721e-19,36,1.4400000000000004
2.899999999999972,1.2779216785106017e-19,36,1.4400000000000004
2.9499999999999718,1.8938496383931692e-20,36,1.4400000000000004
2.9999999999999716,2.626490573446659e-21,36,1.4400000000000004
3.0499999999999723,3.4037679339195016e-22,36,1.4400000000000004
3.0999999999999712,4.1163001764513664e-23,36,1.4400000000000004
3.14999999999997,4.6395185462752915e-24,36,1.4400000000000004
3.199999999999971,4.868111844697395e-25,36,1.4400000000000004
3.2499999999999716,4.7502845930898117e-26,36,1.4400000000000004
3.2999999999999705,4.306705432067915e-27,36,1.4400000000000004
3.3499999999999694,3.6247273311551535e-28,36,1.4400000000000004
3.39999999999997,2.8300156038744205e-29,36,1.4400000000000004
3.449999999999971,2.048338825202753e-30,36,1.4400000000000004
3.49999999999997,1.373614005948926e-31,36,1.4400000000000004
3.5499999999999687,8.530197983201713e-33,36,1.4400000000000004
3.5999999999999694,4.903367508888497e-34,36,1.4400000000000004
3.64999999999997,2.607984658778099e-35,36,1.4400000000000004
3.699999999999969,1.2830607626759607e-36,36,1.4400000000000004
3.749999999999968,5.837095167183079e-38,36,1.4400000000000004
3.7999999999999687,2.4549714470461373e-39,36,1.4400000000000004
3.8499999999999694,9.543415871350378e-41,36,1.4400000000000004
3.8999999999999684,3.428384437544604e-42,36,1.4400000000000004
3.9499999999999673,1.1379814291757997e-43,36,1.4400000000000004
3.999999999999968,3.4896530745624676e-45,36,1.4400000000000004
4.049999999999969,9.885088052753851e-47,36,1.4400000000000004
4.099999999999968,2.5863484769666543e-48,36,1.4400000000000004
4.149999999999967,6.249783116730757e-50,36,1.4400000000000004
4.199999999999967,1.394706378126567e-51,36,1.4400000000000004
4.249999999999968,2.8741779719349198e-53,36,1.4400000000000004
4.299999999999967,5.4693355300596694e-55,36,1.4400000000000004
4.349999999999966,9.610055249994925e-57,36,1.4400000000000004
4.399999999999967,1.559088777237776e-58,36,1.4400000000000004
4.449999999999967,2.3353670103160057e-60,36,1.4400000000000004
4.499999999999966,3.2297325551678484e-62,36,1.4400000000000004
4.549999999999965,4.123772406447396e-64,36,1.4400000000000004
4.599999999999966,4.861056133142531e-66,36,1.4400000000000004
4.649999999999967,5.290135859547682e-68,36,1.4400000000000004
4.6999999999999655,5.3149207522071795e-70,36,1.4400000000000004
4.7499999999999645,4.92963799580471e-72,36,1.4400000000000004
4.799999999999965,4.221014379753411e-74,36,1.4400000000000004
4.849999999999966,3.3365543021427375e-76,36,1.4400000000000004
4.899999999999965,2.43475748939347e-78,36,1.4400000000000004
4.949999999999964,1.6401609201156456e-80,36,1.4400000000000004
4.9999999999999645,1.0199714810797562e-82,36,1.4400000000000004
-5.0,5.129289663986453e-83,37,1.4800000000000002
-4.95,1.2173790374711081e-78,37,1.4800000000000002
-4.9,1.668359156199536e-76,37,1.4800000000000002
-4.8500000000000005,2.1106289277438214e-74,37,1.4800000000000002
-4.800000000000001,2.464985825609195e-72,37,1.4800000000000002
-4.750000000000001,2.6576714268138147e-70,37,1.4800000000000002
-4.700000000000001,2.6453144116650596e-68,37,1.4800000000000002
-4.650000000000001,2.4307938126011376e-66,37,1.4800000000000002
-4.600000000000001,2.0621507100102282e-64,37,1.4800000000000002
-4.550000000000002,1.6151093303856222e-62,37,1.4800000000000002
-4.500000000000002,1.167889693774806e-60,37,1.4800000000000002
-4.450000000000002,7.797058752443409e-59,37,1.4800000000000002
-4.400000000000002,4.806195308488682e-57,37,1.4800000000000002
-4.350000000000002,2.735447309410674e-55,37,1.4800000000000002
-4.3000000000000025,1.4375694887259537e-53,37,1.4800000000000002
-4.250000000000003,6.976266558378821e-52,37,1.4800000000000002
-4.200000000000003,3.1263286473429902e-50,37,1.4800000000000002
-4.150000000000003,1.2938715916690042e-48,37,1.4800000000000002
-4.100000000000003,4.945668917922626e-47,37,1.4800000000000002
-4.050000000000003,1.7461197115153448e-45,37,1.4800000000000002
-4.0000000000000036,5.694849689891435e-44,37,1.4800000000000002
-3.9500000000000037,1.7159370453054784e-42,37,1.4800000000000002
-3.900000000000004,4.777397842809917e-41,37,1.4800000000000002
-3.850000000000004,1.2291999157390393e-39,37,1.4800000000000002
-3.8000000000000043,2.923319291520714e-38,37,1.4800000000000002
-3.7500000000000044,6.427578670601097e-37,37,1.4800000000000002
-3.7000000000000046,1.30691087696988e-35,37,1.4800000000000002
-3.650000000000005,2.45809905825257e-34,37,1.4800000000000002
-3.600000000000005,4.2781389148861804e-33,37,1.4800000000000002
-3.550000000000005,6.892586867275646e-32,37,1.4800000000000002
-3.5000000000000053,1.0284345115910298e-30,37,1.4800000000000002
-3.4500000000000055,1.4218758719643392e-29,37,1.4800000000000002
-3.4000000000000057,1.8226053597003361e-28,37,1.4800000000000002
-3.350000000000006,2.1675027940495746e-27,37,1.4800000000000002
-3.300000000000006,2.3932659331966524e-26,37,1.4800000000000002
-3.250000000000006,2.4555894495049713e-25,37,1.4800000000000002
-3.2000000000000064,2.3435106960988367e-24,37,1.4800000000000002
-3.1500000000000066,2.0824906474420663e-23,37,1.4800000000000002
-3.1000000000000068,1.7250815596652102e-22,37,1.4800000000000002
-3.050000000000007,1.3338267874848642e-21,37,1.4800000000000002
-3.000000000000007,9.639436583489856e-21,37,1.4800000000000002
-2.9500000000000073,6.520932902077756e-20,37,1.4800000000000002
-2.9000000000000075,4.1357846572961262e-19,37,1.4800000000000002
-2.8500000000000076,2.4632951246191112e-18,37,1.4800000000000002
-2.800000000000008,1.3801795842201502e-17,37,1.4800000000000002
-2.750000000000008,7.287671546200764e-17,37,1.4800000000000002
-2.700000000000008,3.632996755355223e-16,37,1.4800000000000002
-2.6500000000000083,1.7130137368592869e-15,37,1.4800000000000002
-2.6000000000000085,7.65371587161254e-15,37,1.4800000000000002
-2.5500000000000087,3.2462858517383e-14,37,1.4800000000000002
-2.500000000000009,1.3094064379119552e-13,37,1.4800000000000002
-2.450000000000009,5.031309047324106e-13,37,1.4800000000000002
-2.4000000000000092,1.844674558081271e-12,37,1.4800000000000002
-2.3500000000000094,6.4634765794274615e-12,37,1.4800000000000002
-2.3000000000000096,2.167473625749322e-11,37,1.4800000000000002
-2.2500000000000098,6.965833858672879e-11,37,1.4800000000000002
-2.20000000000001,2.1481888583780147e-10,37,1.4800000000000002
-2.15000000000001,6.364452950447432e-10,37,1.4800000000000002
-2.1000000000000103,1.8134804973308563e-09,37,1.4800000000000002
-2.0500000000000105,4.974745319980075e-09,37,1.4800000000000002
-2.0000000000000107,1.3150766036303559e-08,37,1.4800000000000002
-1.9500000000000108,3.353098969217446e-08,37,1.4800000000000002
-1.900000000000011,8.2533364357752e-08,37,1.4800000000000002
-1.8500000000000112,1.9627066837378178e-07,37,1.4800000000000002
-1.8000000000000114,4.5129730130861807e-07,37,1.4800000000000002
-1.7500000000000115,1.004096430411906e-06,37,1.4800000000000002
-1.7000000000000117,2.1632335361261177e-06,37,1.4800000000000002
-1.650000000000012,4.515889215778976e-06,37,1.4800000000000002
-1.600000000000012,9.140685119525491e-06,37,1.4800000000000002
-1.5500000000000123,1.7950695441751084e-05,37,1.4800000000000002
-1.5000000000000124,3.4222398085196465e-05,37,1.4800000000000002
-1.4500000000000126,6.337456985924002e-05,37,1.4800000000000002
-1.4000000000000128,0.00011406012158898756,37,1.4800000000000002
-1.350000000000013,0.0001996170426971723,37,1.4800000000000002
-1.3000000000000131,0.0003398841767923253,37,1.4800000000000002
-1.2500000000000133,0.0005633202473267385,37,1.4800000000000002
-1.2000000000000135,0.0009092698663656072,37,1.4800000000000002
-1.1500000000000137,0.0014301122942831917,37,1.4800000000000002
-1.1000000000000139,0.0021929270653716433,37,1.4800000000000002
-1.050000000000014,0.003280250829850731,37,1.4800000000000002
-1.0000000000000142,0.004789516845923274,37,1.4800000000000002
-0.9500000000000144,0.0068308800407542135,37,1.4800000000000002
-0.9000000000000146,0.009523359051224216,37,1.4800000000000002
-0.8500000000000147,0.012989487834547921,37,1.4800000000000002
-0.8000000000000149,0.017349002999874456,37,1.4800000000000002
-0.7500000000000151,0.022712228940829998,37,1.4800000000000002
-0.7000000000000153,0.029174043255571623,37,1.4800000000000002
-0.6500000000000155,0.03680898945405222,37,1.4800000000000002
-0.6000000000000156,0.04566826902597177,37,1.4800000000000002
-0.5500000000000158,0.05577843899489966,37,1.4800000000000002
-0.500000000000016,0.0671422831966814,37,1.4800000000000002
-0.45000000000001616,0.07974068816004541,37,1.4800000000000002
-0.40000000000001634,0.09353625578499324,37,1.4800000000000002
-0.3500000000000165,0.10847649544269292,37,1.4800000000000002
-0.3000000000000167,0.1244983781184656,37,1.4800000000000002
-0.2500000000000169,0.14153100135274294,37,1.4800000000000002
-0.20000000000001705,0.15949976840187086,37,1.4800000000000002
-0.15000000000001723,0.17832750573304326,37,1.4800000000000002
-0.10000000000001741,0.19793761406388294,37,1.4800000000000002
-0.050000000000017586,0.21825339954905887,37,1.4800000000000002
-1.7763568394002505e-14,0.2391996605201511,37,1.4800000000000002
0.04999999999998206,0.2607002760661254,37,1.4800000000000002
0.09999999999998188,0.2826768579510101,37,1.4800000000000002
0.1499999999999817,0.3050439926052792,37,1.4800000000000002
0.19999999999998153,0.32770103927950545,37,1.4800000000000002
0.24999999999998135,0.3505213952755403,37,1.4800000000000002
0.29999999999998117,0.37332664033329593,37,1.4800000000000002
0.349999999999981,0.3958560102664037,37,1.4800000000000002
0.3999999999999808,0.4176931329211819,37,1.4800000000000002
0.44999999999998064,0.43817271378584266,37,1.4800000000000002
0.49999999999998046,0.4561869823265386,37,1.4800000000000002
0.5499999999999803,0.4699424083500696,37,1.4800000000000002
0.5999999999999801,0.47659060217083565,37,1.4800000000000002
0.6499999999999799,0.47201338540898874,37,1.4800000000000002
0.6999999999999797,0.45113382203578906,37,1.4800000000000002
0.7499999999999796,0.40970882912999346,37,1.4800000000000002
0.7999999999999794,0.3476590250406197,37,1.4800000000000002
0.8499999999999792,0.2718709796250325,37,1.4800000000000002
0.899999999999979,0.19472391051117172,37,1.4800000000000002
0.9499999999999789,0.12813014681945917,37,1.4800000000000002
0.9999999999999787,0.07826844466237932,37,1.4800000000000002
1.0499999999999785,0.044972140235222245,37,1.4800000000000002
1.0999999999999783,0.024612863016885103,37,1.4800000000000002
1.1499999999999782,0.012953985929900911,37,1.4800000000000002
1.199999999999978,0.006603957977599771,37,1.4800000000000002
1.2499999999999778,0.0032772221961674818,37,1.4800000000000002
1.2999999999999776,0.0015897062361098658,37,1.4800000000000002
1.3499999999999774,0.0007562229769064367,37,1.4800000000000002
1.3999999999999773,0.00035394027366055316,37,1.4800000000000002
1.449999999999977,0.00016342960596020628,37,1.4800000000000002
1.499999999999977,7.462683134405513e-05,37,1.4800000000000002
1.5499999999999767,3.374809513169234e-05,37,1.4800000000000002
1.5999999999999766,1.5121140040185684e-05,37,1.4800000000000002
1.6499999999999764,6.70765349678237e-06,37,1.4800000000000002
1.6999999999999762,2.9403616759330147e-06,37,1.4800000000000002
1.749999999999976,1.270406200845656e-06,37,1.4800000000000002
1.7999999999999758,5.393340989383054e-07,37,1.4800000000000002
1.8499999999999757,2.2427596476241075e-07,37,1.4800000000000002
1.8999999999999755,9.1076689403377e-08,37,1.4800000000000002
1.9499999999999753,3.60199760121362e-08,37,1.4800000000000002
1.9999999999999751,1.3839941211054787e-08,37,1.4800000000000002
2.049999999999975,5.155127502774499e-09,37,1.4800000000000002
2.0999999999999748,1.8578483230870396e-09,37,1.4800000000000002
2.1499999999999746,6.466367776179631e-10,37,1.4800000000000002
2.1999999999999744,2.1699062802486447e-10,37,1.4800000000000002
2.2499999999999742,7.00846219409796e-11,37,1.4800000000000002
2.299999999999974,2.1751235069561028e-11,37,1.4800000000000002
2.349999999999974,6.475930504636768e-12,37,1.4800000000000002
2.3999999999999737,1.846499419074369e-12,37,1.4800000000000002
2.4499999999999735,5.03369702788336e-13,37,1.4800000000000002
2.4999999999999734,1.3096834168482286e-13,37,1.4800000000000002
2.549999999999973,3.246568636813194e-14,37,1.4800000000000002
2.599999999999973,7.65396843361116e-15,37,1.4800000000000002
2.649999999999973,1.713033364448634e-15,37,1.4800000000000002
2.6999999999999726,3.6330099690495475e-16,37,1.4800000000000002
2.7499999999999725,7.287679224626195e-17,37,1.4800000000000002
2.7999999999999723,1.3801799682475599e-17,37,1.4800000000000002
2.849999999999972,2.4632952895558757e-18,37,1.4800000000000002
2.899999999999972,4.1357847180250187e-19,37,1.4800000000000002
2.9499999999999718,6.520932921225341e-20,37,1.4800000000000002
2.9999999999999716,9.639436588661822e-21,37,1.4800000000000002
3.0499999999999723,1.3338267876055864e-21,37,1.4800000000000002
3.0999999999999712,1.7250815596911272e-22,37,1.4800000000000002
3.14999999999997,2.08249064744917e-23,37,1.4800000000000002
3.199999999999971,2.343510696103095e-24,37,1.4800000000000002
3.2499999999999716,2.4555894495090373e-25,37,1.4800000000000002
3.2999999999999705,2.3932659332006817e-26,37,1.4800000000000002
3.3499999999999694,2.1675027940533294e-27,37,1.4800000000000002
3.39999999999997,1.8226053597035905e-28,37,1.4800000000000002
3.449999999999971,1.421875871966955e-29,37,1.4800000000000002
3.49999999999997,1.0284345115929772e-30,37,1.4800000000000002
3.5499999999999687,6.892586867289073e-32,37,1.4800000000000002
3.5999999999999694,4.278138914894747e-33,37,1.4800000000000002
3.64999999999997,2.4580990582576284e-34,37,1.4800000000000002
3.699999999999969,1.3069108769726411e-35,37,1.4800000000000002
3.749999999999968,6.427578670615034e-37,37,1.4800000000000002
3.7999999999999687,2.923319291527215e-38,37,1.4800000000000002
3.8499999999999694,1.2291999157418409e-39,37,1.4800000000000002
3.8999999999999684,4.777397842821068e-41,37,1.4800000000000002
3.9499999999999673,1.7159370453095832e-42,37,1.4800000000000002
3.999999999999968,5.694849689905375e-44,37,1.4800000000000002
4.049999999999969,1.746119711519717e-45,37,1.4800000000000002
4.099999999999968,4.945668917935291e-47,37,1.4800000000000002
4.149999999999967,1.2938715916723904e-48,37,1.4800000000000002
4.199999999999967,3.1263286473513463e-50,37,1.4800000000000002
4.249999999999968,6.976266558397866e-52,37,1.4800000000000002
4.299999999999967,1.4375694887299597e-53,37,1.4800000000000002
4.349999999999966,2.7354473094184537e-55,37,1.4800000000000002
4.399999999999967,4.806195308502621e-57,37,1.4800000000000002
4.449999999999967,7.797058752466464e-59,37,1.4800000000000002
4.499999999999966,1.1678896937783252e-60,37,1.4800000000000002
4.549999999999965,1.6151093303905813e-62,37,1.4800000000000002
4.599999999999966,2.0621507100166757e-64,37,1.4800000000000002
4.649999999999967,2.4307938126088756e-66,37,1.4800000000000002
4.6999999999999655,2.6453144116736313e-68,37,1.4800000000000002
4.7499999999999645,2.6576714268225775e-70,37,1.4800000000000002
4.799999999999965,2.464985825617462e-72,37,1.4800000000000002
4.849999999999966,2.1106289277511753e-74,37,1.4800000000000002
4.899999999999965,1.6683591591173745e-76,37,1.4800000000000002
4.949999999999964,1.217429743270789e-78,37,1.4800000000000002
4.9999999999999645,8.201098923164105e-81,37,1.4800000000000002
-5.0,4.126195909901985e-81,38,1.5200000000000002
-4.95,8.341798345642513e-77,38,1.5200000000000002
-4.9,1.0553753328237844e-74,38,1.5200000000000002
-4.8500000000000005,1.2325763307624074e-72,38,1.5200000000000002
-4.800000000000001,1.3289412448532946e-70,38,1.5200000000000002
-4.750000000000001,1.3227804551238104e-68,38,1.5200000000000002
-4.700000000000001,1.2155297898719096e-66,38,1.5200000000000002
-4.650000000000001,1.0312076207256974e-64,38,1.5200000000000002
-4.600000000000001,8.076762048834412e-63,38,1.5200000000000002
-4.550000000000002,5.840479544229035e-61,38,1.5200000000000002
-4.500000000000002,3.899336930886897e-59,38,1.5200000000000002
-4.450000000000002,2.4036815990912284e-57,38,1.5200000000000002
-4.400000000000002,1.3681135076429593e-55,38,1.5200000000000002
-4.350000000000002,7.190250541284013e-54,38,1.5200000000000002
-4.3000000000000025,3.489501002844116e-52,38,1.5200000000000002
-4.250000000000003,1.5638831084158582e-50,38,1.5200000000000002
-4.200000000000003,6.4728460916242104e-49,38,1.5200000000000002
-4.150000000000003,2.4743976232849843e-47,38,1.5200000000000002
-4.100000000000003,8.73706791553507e-46,38,1.5200000000000002
-4.050000000000003,2.8498976794046784e-44,38,1.5200000000000002
-4.0000000000000036,8.588415825084969e-43,38,1.5200000000000002
-3.9500000000000037,2.391546346249904e-41,38,1.5200000000000002
-3.900000000000004,6.154579263921724e-40,38,1.5200000000000002
-3.850000000000004,1.4640483446817622e-38,38,1.5200000000000002
-3.8000000000000043,3.2199353348792437e-37,38,1.5200000000000002
-3.7500000000000044,6.549170981307003e-36,38,1.5200000000000002
-3.7000000000000046,1.2322633184615857e-34,38,1.5200000000000002
-3.650000000000005,2.1456040118279395e-33,38,1.5200000000000002
-3.600000000000005,3.458583928929086e-32,38,1.5200000000000002
-3.550000000000005,5.16356325252958e-31,38,1.5200000000000002
-3.5000000000000053,7.143842294158074e-30,38,1.5200000000000002
-3.4500000000000055,9.164448524081232e-29,38,1.5200000000000002
-3.4000000000000057,1.090860776384609e-27,38,1.5200000000000002
-3.350000000000006,1.2057459933968279e-26,38,1.5200000000000002
-3.300000000000006,1.2386322387227335e-25,38,1.5200000000000002
-3.250000000000006,1.1837216777154015e-24,38,1.5200000000000002
-3.2000000000000064,1.053523270968558e-23,38,1.5200000000000002
-3.1500000000000066,8.742583333130993e-23,38,1.5200000000000002
-3.1000000000000068,6.7732584697964245e-22,38,1.5200000000000002
-3.050000000000007,4.905972369728188e-21,38,1.5200000000000002
-3.000000000000007,3.327157790413121e-20,38,1.5200000000000002
-2.9500000000000073,2.1160895115655123e-19,38,1.5200000000000002
-2.9000000000000075,1.2642522268199445e-18,38,1.5200000000000002
-2.8500000000000076,7.107687153965557e-18,38,1.5200000000000002
-2.800000000000008,3.767000529331338e-17,38,1.5200000000000002
-2.750000000000008,1.8855073568886186e-16,38,1.5200000000000002
-2.700000000000008,8.929452261606466e-16,38,1.5200000000000002
-2.6500000000000083,4.008507773574019e-15,38,1.5200000000000002
-2.6000000000000085,1.7087936127120933e-14,38,1.5200000000000002
-2.5500000000000087,6.92971798314006e-14,38,1.5200000000000002
-2.500000000000009,2.6779688162484635e-13,38,1.5200000000000002
-2.450000000000009,9.87807600935556e-13,38,1.5200000000000002
-2.4000000000000092,3.4833037420716314e-12,38,1.5200000000000002
-2.3500000000000094,1.1759705407693967e-11,38,1.5200000000000002
-2.3000000000000096,3.806090758211602e-11,38,1.5200000000000002
-2.2500000000000098,1.1824681103851188e-10,38,1.5200000000000002
-2.20000000000001,3.530518167356939e-10,38,1.5200000000000002
-2.15000000000001,1.014149690935816e-09,38,1.5200000000000002
-2.1000000000000103,2.8055953026438037e-09,38,1.5200000000000002
-2.0500000000000105,7.482123232886421e-09,38,1.5200000000000002
-2.0000000000000107,1.925286728616143e-08,38,1.5200000000000002
-1.9500000000000108,4.7842063869265063e-08,38,1.5200000000000002
-1.900000000000011,1.1490082155340853e-07,38,1.5200000000000002
-1.8500000000000112,2.6691529346168545e-07,38,1.5200000000000002
-1.8000000000000114,6.001833554553506e-07,38,1.5200000000000002
-1.7500000000000115,1.3072645235353525e-06,38,1.5200000000000002
-1.7000000000000117,2.7599889460862874e-06,38,1.5200000000000002
-1.650000000000012,5.65194355331678e-06,38,1.5200000000000002
-1.600000000000012,1.1233231961922744e-05,38,1.5200000000000002
-1.5500000000000123,2.168132407827973e-05,38,1.5200000000000002
-1.5000000000000124,4.066189382876795e-05,38,1.5200000000000002
-1.4500000000000126,7.413889212933076e-05,38,1.5200000000000002
-1.4000000000000128,0.00013148864015268008,38,1.5200000000000002
-1.350000000000013,0.00022695164688219704,38,1.5200000000000002
-1.3000000000000131,0.0003814131484644928,38,1.5200000000000002
-1.2500000000000133,0.0006244347714917169,38,1.5200000000000002
-1.2000000000000135,0.0009963706925103229,38,1.5200000000000002
-1.1500000000000137,0.0015503020343837935,38,1.5200000000000002
-1.1000000000000139,0.002353438597200466,38,1.5200000000000002
-1.050000000000014,0.0034875958471467902,38,1.5200000000000002
-1.0000000000000142,0.005048385259977585,38,1.5200000000000002
-0.9500000000000144,0.007142886969373515,38,1.5200000000000002
-0.9000000000000146,0.009885770763236528,38,1.5200000000000002
-0.8500000000000147,0.013394122318055111,38,1.5200000000000002
-0.8000000000000149,0.0177814346778376,38,1.5200000000000002
-0.7500000000000151,0.023151495748765377,38,1.5200000000000002
-0.7000000000000153,0.02959279792520754,38,1.5200000000000002
-0.6500000000000155,0.03717426294158158,38,1.5200000000000002
-0.6000000000000156,0.04594244771406009,38,1.5200000000000002
-0.5500000000000158,0.055920777031919625,38,1.5200000000000002
-0.500000000000016,0.06711009495916656,38,1.5200000000000002
-0.45000000000001616,0.07949108050015485,38,1.5200000000000002
-0.40000000000001634,0.09302687725831096,38,1.5200000000000002
-0.3500000000000165,0.10766715395015887,38,1.5200000000000002
-0.3000000000000167,0.12335097354164162,38,1.5200000000000002
-0.2500000000000169,0.14001100726694382,38,1.5200000000000002
-0.20000000000001705,0.1575753185514814,38,1.5200000000000002
-0.15000000000001723,0.17597086664466646,38,1.5200000000000002
-0.10000000000001741,0.19512368321830054,38,1.5200000000000002
-0.050000000000017586,0.21496120158568646,38,1.5200000000000002
-1.7763568394002505e-14,0.23541082030234556,38,1.5200000000000002
0.04999999999998206,0.2564003135499606,38,1.5200000000000002
0.09999999999998188,0.2778546936389792,38,1.5200000000000002
0.1499999999999817,0.2996925955904953,38,1.5200000000000002
0.19999999999998153,0.3218200117161414,38,1.5200000000000002
0.24999999999998135,0.3441168779588651,38,1.5200000000000002
0.29999999999998117,0.36642135630734735,38,1.5200000000000002
0.349999999999981,0.3884909320458457,38,1.5200000000000002
0.3999999999999808,0.4099556927776402,38,1.5200000000000002
0.44999999999998064,0.43021225571292393,38,1.5200000000000002
0.49999999999998046,0.4482874530560734,38,1.5200000000000002
0.5499999999999803,0.4625823844020139,38,1.5200000000000002
0.5999999999999801,0.47058774311165097,38,1.5200000000000002
0.6499999999999799,0.4685855874419005,38,1.5200000000000002
0.6999999999999797,0.451848169537128,38,1.5200000000000002
0.7499999999999796,0.41592740907668935,38,1.5200000000000002
0.7999999999999794,0.35957940339847205,38,1.5200000000000002
0.8499999999999792,0.28778134704938196,38,1.5200000000000002
0.899999999999979,0.21149986222990555,38,1.5200000000000002
0.9499999999999789,0.1428544679657545,38,1.5200000000000002
0.9999999999999787,0.08943011175266864,38,1.5200000000000002
1.0499999999999785,0.05254468512042821,38,1.5200000000000002
1.0999999999999783,0.029334000611734464,38,1.5200000000000002
1.1499999999999782,0.015720846650226047,38,1.5200000000000002
1.199999999999978,0.008147017176264,38,1.5200000000000002
1.2499999999999778,0.004105049125865374,38,1.5200000000000002
1.2999999999999776,0.0020187562489634094,38,1.5200000000000002
1.3499999999999774,0.0009723036333251709,38,1.5200000000000002
1.3999999999999773,0.00045993532422426085,38,1.5200000000000002
1.449999999999977,0.00021430749341297663,38,1.5200000000000002
1.499999999999977,9.859396460638517e-05,38,1.5200000000000002
1.5499999999999767,4.487505379513648e-05,38,1.5200000000000002
1.5999999999999766,2.0228093102499275e-05,38,1.5200000000000002
1.6499999999999764,9.030794858689215e-06,38,1.5200000000000002
1.6999999999999762,3.989038524550717e-06,38,1.5200000000000002
1.749999999999976,1.739849558404763e-06,38,1.5200000000000002
1.7999999999999758,7.473413955304748e-07,38,1.5200000000000002
1.8499999999999757,3.1520545068810255e-07,38,1.5200000000000002
1.8999999999999755,1.3014798018772742e-07,38,1.5200000000000002
1.9499999999999753,5.2458316927899766e-08,38,1.5200000000000002
1.9999999999999751,2.0587552011628017e-08,38,1.5200000000000002
2.049999999999975,7.848894804689389e-09,38,1.5200000000000002
2.0999999999999748,2.9008821454276714e-09,38,1.5200000000000002
2.1499999999999746,1.037419476236855e-09,38,1.5200000000000002
2.1999999999999744,3.5836069986211686e-10,38,1.5200000000000002
2.2499999999999742,1.193709315565351e-10,38,1.5200000000000002
2.299999999999974,3.828027622378217e-11,38,1.5200000000000002
2.349999999999974,1.179886724441164e-11,38,1.5200000000000002
2.3999999999999737,3.489650103720889e-12,38,1.5200000000000002
2.4499999999999735,9.887338803802743e-13,38,1.5200000000000002
2.4999999999999734,2.679176945782845e-13,38,1.5200000000000002
2.549999999999973,6.931115505922043e-14,38,1.5200000000000002
2.599999999999973,1.7089359866290498e-14,38,1.5200000000000002
2.649999999999973,4.008634715258069e-15,38,1.5200000000000002
2.6999999999999726,8.929550783474485e-16,38,1.5200000000000002
2.7499999999999725,1.885513982937152e-16,38,1.5200000000000002
2.7999999999999723,3.7670043767908913e-17,38,1.5200000000000002
2.849999999999972,7.10768907713905e-18,38,1.5200000000000002
2.899999999999972,1.2642523093840645e-18,38,1.5200000000000002
2.9499999999999718,2.1160895419558185e-19,38,1.5200000000000002
2.9999999999999716,3.3271577999929496e-20,38,1.5200000000000002
3.0499999999999723,4.9059723723154675e-21,38,1.5200000000000002
3.0999999999999712,6.773258470400391e-22,38,1.5200000000000002
3.14999999999997,8.742583333260791e-23,38,1.5200000000000002
3.199999999999971,1.0535232709721302e-23,38,1.5200000000000002
3.2499999999999716,1.1837216777175508e-24,38,1.5200000000000002
3.2999999999999705,1.2386322387247854e-25,38,1.5200000000000002
3.3499999999999694,1.2057459933988588e-26,38,1.5200000000000002
3.39999999999997,1.0908607763864995e-27,38,1.5200000000000002
3.449999999999971,9.164448524097602e-29,38,1.5200000000000002
3.49999999999997,7.14384229417122e-30,38,1.5200000000000002
3.5499999999999687,5.1635632525393595e-31,38,1.5200000000000002
3.5999999999999694,3.458583928935825e-32,38,1.5200000000000002
3.64999999999997,2.1456040118322367e-33,38,1.5200000000000002
3.699999999999969,1.2322633184641216e-34,38,1.5200000000000002
3.749999999999968,6.549170981320842e-36,38,1.5200000000000002
3.7999999999999687,3.2199353348862263e-37,38,1.5200000000000002
3.8499999999999694,1.464048344685018e-38,38,1.5200000000000002
3.8999999999999684,6.154579263935752e-40,38,1.5200000000000002
3.9499999999999673,2.3915463462554866e-41,38,1.5200000000000002
3.999999999999968,8.588415825105515e-43,38,1.5200000000000002
4.049999999999969,2.849897679411655e-44,38,1.5200000000000002
4.099999999999968,8.737067915556948e-46,38,1.5200000000000002
4.149999999999967,2.474397623291321e-47,38,1.5200000000000002
4.199999999999967,6.4728460916411505e-49,38,1.5200000000000002
4.249999999999968,1.5638831084200382e-50,38,1.5200000000000002
4.299999999999967,3.489501002853642e-52,38,1.5200000000000002
4.349999999999966,7.190250541304049e-54,38,1.5200000000000002
4.399999999999967,1.3681135076468502e-55,38,1.5200000000000002
4.449999999999967,2.4036815990981995e-57,38,1.5200000000000002
4.499999999999966,3.8993369308984273e-59,38,1.5200000000000002
4.549999999999965,5.840479544246634e-61,38,1.5200000000000002
4.599999999999966,8.076762048859211e-63,38,1.5200000000000002
4.649999999999967,1.0312076207289215e-64,38,1.5200000000000002
4.6999999999999655,1.2155297898757788e-66,38,1.5200000000000002
4.7499999999999645,1.3227804551280966e-68,38,1.5200000000000002
4.799999999999965,1.3289412448576763e-70,38,1.5200000000000002
4.849999999999966,1.2325763307666868e-72,38,1.5200000000000002
4.899999999999965,1.0553753353627512e-74,38,1.5200000000000002
4.949999999999964,8.34220585053303e-77,38,1.5200000000000002
4.9999999999999645,6.087405180837144e-79,38,1.5200000000000002
-5.0,3.064333569968082e-79,39,1.5600000000000003
-4.95,5.276878727216876e-75,39,1.5600000000000003
-4.9,6.16329874372932e-73,39,1.5600000000000003
-4.8500000000000005,6.645233911932885e-71,39,1.5600000000000003
-4.800000000000001,6.614518563784433e-69,39,1.5600000000000003
-4.750000000000001,6.078313419981975e-67,39,1.5600000000000003
-4.700000000000001,5.1566994938560486e-65,39,1.5600000000000003
-4.650000000000001,4.038988789312142e-63,39,1.5600000000000003
-4.600000000000001,2.9207553759248804e-61,39,1.5600000000000003
-4.550000000000002,1.9500723035458904e-59,39,1.5600000000000003
-4.500000000000002,1.2021328235228257e-57,39,1.5600000000000003
-4.450000000000002,6.84251720668024e-56,39,1.5600000000000003
-4.400000000000002,3.596327111441552e-54,39,1.5600000000000003
-4.350000000000002,1.7454345581758794e-52,39,1.5600000000000003
-4.3000000000000025,7.823010667349933e-51,39,1.5600000000000003
-4.250000000000003,3.2381677963135274e-49,39,1.5600000000000003
-4.200000000000003,1.2379807531967e-47,39,1.5600000000000003
-4.150000000000003,4.371770380813347e-46,39,1.5600000000000003
-4.100000000000003,1.4261860385139817e-44,39,1.5600000000000003
-4.050000000000003,4.298576446500252e-43,39,1.5600000000000003
-4.0000000000000036,1.1971981219646543e-41,39,1.5600000000000003
-3.9500000000000037,3.0815838398734045e-40,39,1.5600000000000003
-3.900000000000004,7.33219945514006e-39,39,1.5600000000000003
-3.850000000000004,1.6130449570715827e-37,39,1.5600000000000003
-3.8000000000000043,3.28190573237691e-36,39,1.5600000000000003
-3.7500000000000044,6.177416268982325e-35,39,1.5600000000000003
-3.7000000000000046,1.0760765914046232e-33,39,1.5600000000000003
-3.650000000000005,1.735453281056851e-32,39,1.5600000000000003
-3.600000000000005,2.59250964632393e-31,39,1.5600000000000003
-3.550000000000005,3.5892140667236825e-30,39,1.5600000000000003
-3.5000000000000053,4.608042078303264e-29,39,1.5600000000000003
-3.4500000000000055,5.490023093393835e-28,39,1.5600000000000003
-3.4000000000000057,6.074552209604546e-27,39,1.5600000000000003
-3.350000000000006,6.247704232432898e-26,39,1.5600000000000003
-3.300000000000006,5.978895688246849e-25,39,1.5600000000000003
-3.250000000000006,5.329547966778927e-24,39,1.5600000000000003
-3.2000000000000064,4.430477750451266e-23,39,1.5600000000000003
-3.1500000000000066,3.43930539844664e-22,39,1.5600000000000003
-3.1000000000000068,2.496699101529749e-21,39,1.5600000000000003
-3.050000000000007,1.6974451875555428e-20,39,1.5600000000000003
-3.000000000000007,1.0825746176313971e-19,39,1.5600000000000003
-2.9500000000000073,6.487619023620378e-19,39,1.5600000000000003
-2.9000000000000075,3.659648052561054e-18,39,1.5600000000000003
-2.8500000000000076,1.946712876006666e-17,39,1.5600000000000003
-2.800000000000008,9.782921142141369e-17,39,1.5600000000000003
-2.750000000000008,4.653076157269798e-16,39,1.5600000000000003
-2.700000000000008,2.0985292546314374e-15,39,1.5600000000000003
-2.6500000000000083,8.990440676640731e-15,39,1.5600000000000003
-2.6000000000000085,3.665284380248635e-14,39,1.5600000000000003
-2.5500000000000087,1.4244240887596934e-13,39,1.5600000000000003
-2.500000000000009,5.285523903832841e-13,39,1.5600000000000003
-2.450000000000009,1.8755503118458264e-12,39,1.5600000000000003
-2.4000000000000092,6.373756504287298e-12,39,1.5600000000000003
-2.3500000000000094,2.0772105661806525e-11,39,1.5600000000000003
-2.3000000000000096,6.500325822033412e-11,39,1.5600000000000003
-2.2500000000000098,1.9555636213426558e-10,39,1.5600000000000003
-2.20000000000001,5.661982507842605e-10,39,1.5600000000000003
-2.15000000000001,1.579323558140405e-09,39,1.5600000000000003
-2.1000000000000103,4.248136450920385e-09,39,1.5600000000000003
-2.0500000000000105,1.102923122184231e-08,39,1.5600000000000003
-2.0000000000000107,2.7662093104499563e-08,39,1.5600000000000003
-1.9500000000000108,6.70768418534798e-08,39,1.5600000000000003
-1.900000000000011,1.5737866487449311e-07,39,1.5600000000000003
-1.8500000000000112,3.5754201910080727e-07,39,1.5600000000000003
-1.8000000000000114,7.870895809591668e-07,39,1.5600000000000003
-1.7500000000000115,1.6800846993070345e-06,39,1.5600000000000003
-1.7000000000000117,3.479597991320987e-06,39,1.5600000000000003
-1.650000000000012,6.99658674041225e-06,39,1.5600000000000003
-1.600000000000012,1.3666546188728683e-05,39,1.5600000000000003
-1.5500000000000123,2.594725745452346e-05,39,1.5600000000000003
-1.5000000000000124,4.790910280470277e-05,39,1.5600000000000003
-1.4500000000000126,8.607213981614812e-05,39,1.5600000000000003
-1.4000000000000128,0.0001505360674108246,39,1.5600000000000003
-1.350000000000013,0.00025642525696312,39,1.5600000000000003
-1.3000000000000131,0.00042562552684019187,39,1.5600000000000003
-1.2500000000000133,0.0006887224647739935,39,1.5600000000000003
-1.2000000000000135,0.001086965699414962,39,1.5600000000000003
-1.1500000000000137,0.0016739954611206145,39,1.5600000000000003
-1.1000000000000139,0.002516996963086248,39,1.5600000000000003
-1.050000000000014,0.003696922424488552,39,1.5600000000000003
-1.0000000000000142,0.005307469906367311,39,1.5600000000000003
-0.9500000000000144,0.007452629557637036,39,1.5600000000000003
-0.9000000000000146,0.010242828308031558,39,1.5600000000000003
-0.8500000000000147,0.013789912529413275,39,1.5600000000000003
-0.8000000000000149,0.018201491184863427,39,1.5600000000000003
-0.7500000000000151,0.02357520544755458,39,1.5600000000000003
-0.7000000000000153,0.02999369253120453,39,1.5600000000000003
-0.6500000000000155,0.037520627857050425,39,1.5600000000000003
-0.6000000000000156,0.04619847849102984,39,1.5600000000000003
-0.5500000000000158,0.05604766006791948,39,1.5600000000000003
-0.500000000000016,0.06706758905099154,39,1.5600000000000003
-0.45000000000001616,0.07923843909933787,39,1.5600000000000003
-0.40000000000001634,0.09252444039302783,39,1.5600000000000003
-0.3500000000000165,0.10687663284372871,39,1.5600000000000003
-0.3000000000000167,0.12223690738531594,39,1.5600000000000003
-0.2500000000000169,0.1385402423779755,39,1.5600000000000003
-0.20000000000001705,0.15571840420545097,39,1.5600000000000003
-0.15000000000001723,0.17370084673767602,39,1.5600000000000003
-0.10000000000001741,0.19241751965927903,39,1.5600000000000003
-0.050000000000017586,0.21179825124777354,39,1.5600000000000003
-1.7763568394002505e-14,0.23177419704755234,39,1.5600000000000003
0.04999999999998206,0.2522757616783048,39,1.5600000000000003
0.09999999999998188,0.27323154835757796,39,1.5600000000000003
0.1499999999999817,0.294564374844807,39,1.5600000000000003
0.19999999999998153,0.3161845820058026,39,1.5600000000000003
0.24999999999998135,0.3379813859283166,39,1.5600000000000003
0.29999999999998117,0.35980214928521675,39,1.5600000000000003
0.349999999999981,0.38142871260595795,39,1.5600000000000003
0.3999999999999808,0.40252011774263435,39,1.5600000000000003
0.44999999999998064,0.42254197881151556,39,1.5600000000000003
0.49999999999998046,0.4406173445787788,39,1.5600000000000003
0.5499999999999803,0.455339361403979,39,1.5600000000000003
0.5999999999999801,0.46446598784211346,39,1.5600000000000003
0.6499999999999799,0.46467516745496223,39,1.5600000000000003
0.6999999999999797,0.4515718668866996,39,1.5600000000000003
0.7499999999999796,0.4206876706609304,39,1.5600000000000003
0.7999999999999794,0.3698898792453738,39,1.5600000000000003
0.8499999999999792,0.3024526639392152,39,1.5600000000000003
0.899999999999979,0.22780004844592386,39,1.5600000000000003
0.9499999999999789,0.15781187635832195,39,1.5600000000000003
0.9999999999999787,0.10122886755976611,39,1.5600000000000003
1.0499999999999785,0.060809508441442665,39,1.5600000000000003
1.0999999999999783,0.03463552566832813,39,1.5600000000000003
1.1499999999999782,0.01889933083460301,39,1.5600000000000003
1.199999999999978,0.009959006606260541,39,1.5600000000000003
1.2499999999999778,0.005095346415029227,39,1.5600000000000003
1.2999999999999776,0.0025418575903893505,39,1.5600000000000003
1.3499999999999774,0.001240118553851887,39,1.5600000000000003
1.3999999999999773,0.0005934854526998026,39,1.5600000000000003
1.449999999999977,0.0002793050083618455,39,1.5600000000000003
1.499999999999977,0.00012960005639031254,39,1.5600000000000003
1.5499999999999767,5.941289117326347e-05,39,1.5600000000000003
1.5999999999999766,2.6953310769952314e-05,39,1.5600000000000003
1.6499999999999764,1.210864446618944e-05,39,1.5600000000000003
1.6999999999999762,5.385337914182848e-06,39,1.5600000000000003
1.749999999999976,2.3681930308224334e-06,39,1.5600000000000003
1.7999999999999758,1.0275280900908347e-06,39,1.5600000000000003
1.8499999999999757,4.38744796175234e-07,39,1.5600000000000003
1.8999999999999755,1.838319031285214e-07,39,1.5600000000000003
1.9499999999999753,7.536776940260761e-08,39,1.5600000000000003
1.9999999999999751,3.0153606404348555e-08,39,1.5600000000000003
2.049999999999975,1.174421716161428e-08,39,1.5600000000000003
2.0999999999999748,4.443157152568905e-09,39,1.5600000000000003
2.1499999999999746,1.6296214243022329e-09,39,1.5600000000000003
2.1999999999999744,5.78395204109093e-10,39,1.5600000000000003
2.2499999999999742,1.983204880683409e-10,39,1.5600000000000003
2.299999999999974,6.558489940329541e-11,39,1.5600000000000003
2.349999999999974,2.0884963164042173e-11,39,1.5600000000000003
2.3999999999999737,6.393800562423604e-12,39,1.5600000000000003
2.4499999999999735,1.878783899152008e-12,39,1.5600000000000003
2.4999999999999734,5.29022517719942e-13,39,1.5600000000000003
2.549999999999973,1.4250352722230179e-13,39,1.5600000000000003
2.599999999999973,3.665989488724021e-14,39,1.5600000000000003
2.649999999999973,8.991157472319031e-15,39,1.5600000000000003
2.6999999999999726,2.0985930567758954e-15,39,1.5600000000000003
2.7499999999999725,4.65312561057679e-16,39,1.5600000000000003
2.7999999999999723,9.782954368542714e-17,39,1.5600000000000003
2.849999999999972,1.9467148038646488e-17,39,1.5600000000000003
2.899999999999972,3.659649015667316e-18,39,1.5600000000000003
2.9499999999999718,6.4876194369199695e-19,39,1.5600000000000003
2.9999999999999716,1.0825746328394866e-19,39,1.5600000000000003
3.0499999999999723,1.6974451923484768e-20,39,1.5600000000000003
3.0999999999999712,2.4966991028240375e-21,39,1.5600000000000003
3.14999999999997,3.4393053987488017e-22,39,1.5600000000000003
3.199999999999971,4.430477750516273e-23,39,1.5600000000000003
3.2499999999999716,5.32954796679689e-24,39,1.5600000000000003
3.2999999999999705,5.978895688257697e-25,39,1.5600000000000003
3.3499999999999694,6.247704232443251e-26,39,1.5600000000000003
3.39999999999997,6.074552209614782e-27,39,1.5600000000000003
3.449999999999971,5.490023093403354e-28,39,1.5600000000000003
3.49999999999997,4.608042078311498e-29,39,1.5600000000000003
3.5499999999999687,3.589214066730289e-30,39,1.5600000000000003
3.5999999999999694,2.592509646328841e-31,39,1.5600000000000003
3.64999999999997,1.7354532810602332e-32,39,1.5600000000000003
3.699999999999969,1.0760765914067788e-33,39,1.5600000000000003
3.749999999999968,6.17741626899504e-35,39,1.5600000000000003
3.7999999999999687,3.281905732383846e-36,39,1.5600000000000003
3.8499999999999694,1.613044957075081e-37,39,1.5600000000000003
3.8999999999999684,7.332199455156368e-39,39,1.5600000000000003
3.9499999999999673,3.081583839880429e-40,39,1.5600000000000003
3.999999999999968,1.1971981219674492e-41,39,1.5600000000000003
4.049999999999969,4.298576446510536e-43,39,1.5600000000000003
4.099999999999968,1.4261860385174734e-44,39,1.5600000000000003
4.149999999999967,4.371770380824295e-46,39,1.5600000000000003
4.199999999999967,1.2379807531998707e-47,39,1.5600000000000003
4.249999999999968,3.238167796322002e-49,39,1.5600000000000003
4.299999999999967,7.823010667370843e-51,39,1.5600000000000003
4.349999999999966,1.7454345581806443e-52,39,1.5600000000000003
4.399999999999967,3.596327111451574e-54,39,1.5600000000000003
4.449999999999967,6.8425172066997005e-56,39,1.5600000000000003
4.499999999999966,1.2021328235263121e-57,39,1.5600000000000003
4.549999999999965,1.9500723035516565e-59,39,1.5600000000000003
4.599999999999966,2.9207553759336817e-61,39,1.5600000000000003
4.649999999999967,4.038988789324543e-63,39,1.5600000000000003
4.6999999999999655,5.156699493872171e-65,39,1.5600000000000003
4.7499999999999645,6.078313420001323e-67,39,1.5600000000000003
4.799999999999965,6.614518563805867e-69,39,1.5600000000000003
4.849999999999966,6.645233911956063e-71,39,1.5600000000000003
4.899999999999965,6.163298764125961e-73,39,1.5600000000000003
4.949999999999964,5.277181047072798e-75,39,1.5600000000000003
4.9999999999999645,4.17130923506201e-77,39,1.5600000000000003
-5.0,2.1009762853808456e-77,40,1.6000000000000003
-4.95,3.081650904031445e-73,40,1.6000000000000003
-4.9,3.3228807999028033e-71,40,1.6000000000000003
-4.8500000000000005,3.307567446829403e-69,40,1.6000000000000003
-4.800000000000001,3.039488971686584e-67,40,1.6000000000000003
-4.750000000000001,2.5786804728562136e-65,40,1.6000000000000003
-4.700000000000001,2.01979831032707e-63,40,1.6000000000000003
-4.650000000000001,1.460635522937133e-61,40,1.6000000000000003
-4.600000000000001,9.752381012124108e-60,40,1.6000000000000003
-4.550000000000002,6.0121244953020904e-58,40,1.6000000000000003
-4.500000000000002,3.422233639491893e-56,40,1.6000000000000003
-4.450000000000002,1.7987646221325373e-54,40,1.6000000000000003
-4.400000000000002,8.730594049482738e-53,40,1.6000000000000003
-4.350000000000002,3.913303497230687e-51,40,1.6000000000000003
-4.3000000000000025,1.6199566154358517e-49,40,1.6000000000000003
-4.250000000000003,6.193815271317175e-48,40,1.6000000000000003
-4.200000000000003,2.18750427430483e-46,40,1.6000000000000003
-4.150000000000003,7.137120096335892e-45,40,1.6000000000000003
-4.100000000000003,2.1514741084405328e-43,40,1.6000000000000003
-4.050000000000003,5.993121540015842e-42,40,1.6000000000000003
-4.0000000000000036,1.5429412081599523e-40,40,1.6000000000000003
-3.9500000000000037,3.672085718179853e-39,40,1.6000000000000003
-3.900000000000004,8.08063270455728e-38,40,1.6000000000000003
-3.850000000000004,1.644618965916025e-36,40,1.6000000000000003
-3.8000000000000043,3.09677335927652e-35,40,1.6000000000000003
-3.7500000000000044,5.396792485685e-34,40,1.6000000000000003
-3.7000000000000046,8.708153486629167e-33,40,1.6000000000000003
-3.650000000000005,1.301635206118988e-31,40,1.6000000000000003
-3.600000000000005,1.8032842997671256e-30,40,1.6000000000000003
-3.550000000000005,2.3169835873832516e-29,40,1.6000000000000003
-3.5000000000000053,2.7629576170305356e-28,40,1.6000000000000003
-3.4500000000000055,3.0603163151937892e-27,40,1.6000000000000003
-3.4000000000000057,3.151302231683418e-26,40,1.6000000000000003
-3.350000000000006,3.0198206051714475e-25,40,1.6000000000000003
-3.300000000000006,2.696012504551628e-24,40,1.6000000000000003
-3.250000000000006,2.2451333536668675e-23,40,1.6000000000000003
-3.2000000000000064,1.7463004390572146e-22,40,1.6000000000000003
-3.1500000000000066,1.2705019395171309e-21,40,1.6000000000000003
-3.1000000000000068,8.659191207700047e-21,40,1.6000000000000003
-3.050000000000007,5.537708043233474e-20,40,1.6000000000000003
-3.000000000000007,3.328681771187966e-19,40,1.6000000000000003
-2.9500000000000073,1.8839527571620968e-18,40,1.6000000000000003
-2.9000000000000075,1.005794533121435e-17,40,1.6000000000000003
-2.8500000000000076,5.0744429736987374e-17,40,1.6000000000000003
-2.800000000000008,2.423873722435232e-16,40,1.6000000000000003
-2.750000000000008,1.0981792330264248e-15,40,1.6000000000000003
-2.700000000000008,4.72787414618384e-15,40,1.6000000000000003
-2.6500000000000083,1.9375686528558625e-14,40,1.6000000000000003
-2.6000000000000085,7.5716424776301e-14,40,1.6000000000000003
-2.5500000000000087,2.8260261709282965e-13,40,1.6000000000000003
-2.500000000000009,1.0089963603601982e-12,40,1.6000000000000003
-2.450000000000009,3.451154447327222e-12,40,1.6000000000000003
-2.4000000000000092,1.1323827986740583e-11,40,1.6000000000000003
-2.3500000000000094,3.568850736147375e-11,40,1.6000000000000003
-2.3000000000000096,1.0816423389047389e-10,40,1.6000000000000003
-2.2500000000000098,3.156007544390263e-10,40,1.6000000000000003
-2.20000000000001,8.874399596461311e-10,40,1.6000000000000003
-2.15000000000001,2.407167347307106e-09,40,1.6000000000000003
-2.1000000000000103,6.304277366161421e-09,40,1.6000000000000003
-2.0500000000000105,1.5955114628281027e-08,40,1.6000000000000003
-2.0000000000000107,3.90530356621293e-08,40,1.6000000000000003
-1.9500000000000108,9.252037418892578e-08,40,1.6000000000000003
-1.900000000000011,2.1230940580974498e-07,40,1.6000000000000003
-1.8500000000000112,4.7223400396843707e-07,40,1.6000000000000003
-1.8000000000000114,1.0188128202342605e-06,40,1.6000000000000003
-1.7500000000000115,2.1333414885216424e-06,40,1.6000000000000003
-1.7000000000000117,4.3383264939513585e-06,40,1.6000000000000003
-1.650000000000012,8.573037156648325e-06,40,1.6000000000000003
-1.600000000000012,1.6471797235879176e-05,40,1.6000000000000003
-1.5500000000000123,3.078740279518637e-05,40,1.6000000000000003
-1.5000000000000124,5.600835160471917e-05,40,1.6000000000000003
-1.4500000000000126,9.92185119426717e-05,40,1.6000000000000003
-1.4000000000000128,0.00017123702928980284,40,1.6000000000000003
-1.350000000000013,0.00028804909792920697,40,1.6000000000000003
-1.3000000000000131,0.0004724921439243416,40,1.6000000000000003
-1.2500000000000133,0.0007560955456590556,40,1.6000000000000003
-1.2000000000000135,0.0011808933785132302,40,1.6000000000000003
-1.1500000000000137,0.0018009505753945087,40,1.6000000000000003
-1.1000000000000139,0.0026832859478828166,40,1.6000000000000003
-1.050000000000014,0.003907866642107817,40,1.6000000000000003
-1.0000000000000142,0.005566401100680659,40,1.6000000000000003
-0.9500000000000144,0.00775979984821127,40,1.6000000000000003
-0.9000000000000146,0.010594347043476055,40,1.6000000000000003
-0.8500000000000147,0.014176883996526522,40,1.6000000000000003
-0.8000000000000149,0.01860943326361882,40,1.6000000000000003
-0.7500000000000151,0.023983926395973226,40,1.6000000000000003
-0.7000000000000153,0.03037751521172393,40,1.6000000000000003
-0.6500000000000155,0.03784914994647124,40,1.6000000000000003
-0.6000000000000156,0.0464374354256246,40,1.6000000000000003
-0.5500000000000158,0.056160281353765384,40,1.6000000000000003
-0.500000000000016,0.06701557157726659,40,1.6000000000000003
-0.45000000000001616,0.07898347260822364,40,1.6000000000000003
-0.40000000000001634,0.09202875908811055,40,1.6000000000000003
-0.3500000000000165,0.10610445599775521,40,1.6000000000000003
-0.3000000000000167,0.12115428078882509,40,1.6000000000000003
-0.2500000000000169,0.13711638381915028,40,1.6000000000000003
-0.20000000000001705,0.15392482747797828,40,1.6000000000000003
-0.15000000000001723,0.17151270583965764,40,1.6000000000000003
-0.10000000000001741,0.1898122459778789,40,1.6000000000000003
-0.050000000000017586,0.20875690304437397,40,1.6000000000000003
-1.7763568394002505e-14,0.22828009432328839,40,1.6000000000000003
0.04999999999998206,0.2483156325823968,40,1.6000000000000003
0.09999999999998188,0.26879504606208726,40,1.6000000000000003
0.1499999999999817,0.2896446230056293,40,1.6000000000000003
0.19999999999998153,0.31078023112529907,40,1.6000000000000003
0.24999999999998135,0.33209638629909416,40,1.6000000000000003
0.29999999999998117,0.35345376015389474,40,1.6000000000000003
0.349999999999981,0.374648161802469,40,1.6000000000000003
0.3999999999999808,0.39537457349719424,40,1.6000000000000003
0.44999999999998064,0.41514449132948456,40,1.6000000000000003
0.49999999999998046,0.4331822280705809,40,1.6000000000000003
0.5499999999999803,0.4482246643067469,40,1.6000000000000003
0.5999999999999801,0.4582894489883678,40,1.6000000000000003
0.6499999999999799,0.4603812279441288,40,1.6000000000000003
0.6999999999999797,0.4504703980585819,40,1.6000000000000003
0.7499999999999796,0.4241505987051131,40,1.6000000000000003
0.7999999999999794,0.3786702677645111,40,1.6000000000000003
0.8499999999999792,0.31583009598488726,40,1.6000000000000003
0.899999999999979,0.2434468752696073,40,1.6000000000000003
0.9499999999999789,0.1728435736917515,40,1.6000000000000003
0.9999999999999787,0.11355205080045119,40,1.6000000000000003
1.0499999999999785,0.06974172941186937,40,1.6000000000000003
1.0999999999999783,0.04052254196020166,40,1.6000000000000003
1.1499999999999782,0.02251735370244191,40,1.6000000000000003
1.199999999999978,0.012063583054997443,40,1.6000000000000003
1.2499999999999778,0.00626897625283969,40,1.6000000000000003
1.2999999999999776,0.003172617416652866,40,1.6000000000000003
1.3499999999999774,0.0015688932845500272,40,1.6000000000000003
1.3999999999999773,0.0007600037576548486,40,1.6000000000000003
1.449999999999977,0.00036160984030664755,40,1.6000000000000003
1.499999999999977,0.00016937384604676615,40,1.6000000000000003
1.5499999999999767,7.82798975188634e-05,40,1.6000000000000003
1.5999999999999766,3.576144447419981e-05,40,1.6000000000000003
1.6499999999999764,1.6169463837886984e-05,40,1.6000000000000003
1.6999999999999762,7.238446950692452e-06,40,1.6000000000000003
1.749999999999976,3.2064385913469365e-06,40,1.6000000000000003
1.7999999999999758,1.4034699966670808e-06,40,1.6000000000000003
1.8499999999999757,6.056802010136395e-07,40,1.6000000000000003
1.8999999999999755,2.5705632015225993e-07,40,1.6000000000000003
1.9499999999999753,1.069927613434207e-07,40,1.6000000000000003
1.9999999999999751,4.355599439058575e-08,40,1.6000000000000003
2.049999999999975,1.7298381956358397e-08,40,1.6000000000000003
2.0999999999999748,6.686919320012451e-09,40,1.6000000000000003
2.1499999999999746,2.5107761822204198e-09,40,1.6000000000000003
2.1999999999999744,9.139709567085539e-10,40,1.6000000000000003
2.2499999999999742,3.2199005182224214e-10,40,1.6000000000000003
2.299999999999974,1.096027256239705e-10,40,1.6000000000000003
2.349999999999974,3.598934998371161e-11,40,1.6000000000000003
2.3999999999999737,1.1381873531683621e-11,40,1.6000000000000003
2.4499999999999735,3.4614115400798935e-12,40,1.6000000000000003
2.4999999999999734,1.0106437131878568e-12,40,1.6000000000000003
2.549999999999973,2.8284120630364676e-13,40,1.6000000000000003
2.599999999999973,7.574734234731446e-14,40,1.6000000000000003
2.649999999999973,1.937924397200832e-14,40,1.6000000000000003
2.6999999999999726,4.728235016688371e-15,40,1.6000000000000003
2.7499999999999725,1.098211300230662e-15,40,1.6000000000000003
2.7999999999999723,2.4238985454816277e-16,40,1.6000000000000003
2.849999999999972,5.074459635054723e-17,40,1.6000000000000003
2.899999999999972,1.0057954991169243e-17,40,1.6000000000000003
2.9499999999999718,1.8839532394756324e-18,40,1.6000000000000003
2.9999999999999716,3.3286819780774087e-19,40,1.6000000000000003
3.0499999999999723,5.537708119338634e-20,40,1.6000000000000003
3.0999999999999712,8.659191231679824e-21,40,1.6000000000000003
3.14999999999997,1.2705019401646001e-21,40,1.6000000000000003
3.199999999999971,1.7463004392083853e-22,40,1.6000000000000003
3.2499999999999716,2.2451333536994248e-23,40,1.6000000000000003
3.2999999999999705,2.6960125045606614e-24,40,1.6000000000000003
3.3499999999999694,3.0198206051769223e-25,40,1.6000000000000003
3.39999999999997,3.1513022316886425e-26,40,1.6000000000000003
3.449999999999971,3.0603163151989485e-27,40,1.6000000000000003
3.49999999999997,2.7629576170353283e-28,40,1.6000000000000003
3.5499999999999687,2.3169835873873933e-29,40,1.6000000000000003
3.5999999999999694,1.8032842997704456e-30,40,1.6000000000000003
3.64999999999997,1.3016352061214545e-31,40,1.6000000000000003
3.699999999999969,8.708153486646141e-33,40,1.6000000000000003
3.749999999999968,5.3967924856958136e-34,40,1.6000000000000003
3.7999999999999687,3.096773359282895e-35,40,1.6000000000000003
3.8499999999999694,1.6446189659195013e-36,40,1.6000000000000003
3.8999999999999684,8.080632704574808e-38,40,1.6000000000000003
3.9499999999999673,3.6720857181880215e-39,40,1.6000000000000003
3.999999999999968,1.5429412081634698e-40,40,1.6000000000000003
4.049999999999969,5.993121540029833e-42,40,1.6000000000000003
4.099999999999968,2.15147410844568e-43,40,1.6000000000000003
4.149999999999967,7.137120096353366e-45,40,1.6000000000000003
4.199999999999967,2.1875042743103084e-46,40,1.6000000000000003
4.249999999999968,6.193815271333039e-48,40,1.6000000000000003
4.299999999999967,1.6199566154400912e-49,40,1.6000000000000003
4.349999999999966,3.913303497241147e-51,40,1.6000000000000003
4.399999999999967,8.730594049506571e-53,40,1.6000000000000003
4.449999999999967,1.79876462213755e-54,40,1.6000000000000003
4.499999999999966,3.422233639501626e-56,40,1.6000000000000003
4.549999999999965,6.0121244953195276e-58,40,1.6000000000000003
4.599999999999966,9.752381012152945e-60,40,1.6000000000000003
4.649999999999967,1.4606355229415344e-61,40,1.6000000000000003
4.6999999999999655,2.0197983103332716e-63,40,1.6000000000000003
4.7499999999999645,2.578680472864276e-65,40,1.6000000000000003
4.799999999999965,3.039488971696259e-67,40,1.6000000000000003
4.849999999999966,3.30756744684114e-69,40,1.6000000000000003
4.899999999999965,3.3228808150303852e-71,40,1.6000000000000003
4.949999999999964,3.081857947524734e-73,40,1.6000000000000003
4.9999999999999645,2.6387437402148974e-75,40,1.6000000000000003
-5.0,1.329876751534353e-75,41,1.6400000000000003
-4.95,1.6614414504395443e-71,41,1.6400000000000003
-4.9,1.653937805959903e-69,41,1.6400000000000003
-4.8500000000000005,1.5199106298832873e-67,41,1.6400000000000003
-4.800000000000001,1.2895056148004483e-65,41,1.6400000000000003
-4.750000000000001,1.0100511296121193e-63,41,1.6400000000000003
-4.700000000000001,7.304466954922093e-62,41,1.6400000000000003
-4.650000000000001,4.8772004052172175e-60,41,1.6400000000000003
-4.600000000000001,3.0067925654125138e-58,41,1.6400000000000003
-4.550000000000002,1.7116044387965526e-56,41,1.6400000000000003
-4.500000000000002,8.996829172910337e-55,41,1.6400000000000003
-4.450000000000002,4.367008141561115e-53,41,1.6400000000000003
-4.400000000000002,1.95755113092641e-51,41,1.6400000000000003
-4.350000000000002,8.104148374203999e-50,41,1.6400000000000003
-4.3000000000000025,3.098864287407203e-48,41,1.6400000000000003
-4.250000000000003,1.094562115460133e-46,41,1.6400000000000003
-4.200000000000003,3.5716569558036044e-45,41,1.6400000000000003
-4.150000000000003,1.0768308063574188e-43,41,1.6400000000000003
-4.100000000000003,3.000129330056089e-42,41,1.6400000000000003
-4.050000000000003,7.725463411341964e-41,41,1.6400000000000003
-4.0000000000000036,1.8390394198599346e-39,41,1.6400000000000003
-3.9500000000000037,4.04803105831944e-38,41,1.6400000000000003
-3.900000000000004,8.241455258171024e-37,41,1.6400000000000003
-3.850000000000004,1.5524269959905388e-35,41,1.6400000000000003
-3.8000000000000043,2.7066193376720803e-34,41,1.6400000000000003
-3.7500000000000044,4.369560610110966e-33,41,1.6400000000000003
-3.7000000000000046,6.535159993023366e-32,41,1.6400000000000003
-3.650000000000005,9.059962266268774e-31,41,1.6400000000000003
-3.600000000000005,1.1649999697222207e-29,41,1.6400000000000003
-3.550000000000005,1.3904952300141034e-28,41,1.6400000000000003
-3.5000000000000053,1.5417430755338108e-27,41,1.6400000000000003
-3.4500000000000055,1.5894659039268618e-26,41,1.6400000000000003
-3.4000000000000057,1.5252118841616927e-25,41,1.6400000000000003
-3.350000000000006,1.3637627634342312e-24,41,1.6400000000000003
-3.300000000000006,1.137665779859291e-23,41,1.6400000000000003
-3.250000000000006,8.866302820513654e-23,41,1.6400000000000003
-3.2000000000000064,6.464766365268998e-22,41,1.6400000000000003
-3.1500000000000066,4.416910625802884e-21,41,1.6400000000000003
-3.1000000000000068,2.832379118592593e-20,41,1.6400000000000003
-3.050000000000007,1.7076368416324832e-19,41,1.6400000000000003
-3.000000000000007,9.696649187972157e-19,41,1.6400000000000003
-2.9500000000000073,5.195406754166573e-18,41,1.6400000000000003
-2.9000000000000075,2.6314191247074734e-17,41,1.6400000000000003
-2.8500000000000076,1.2622265878736876e-16,41,1.6400000000000003
-2.800000000000008,5.744618313817059e-16,41,1.6400000000000003
-2.750000000000008,2.485130759213677e-15,41,1.6400000000000003
-2.700000000000008,1.0236932880792451e-14,41,1.6400000000000003
-2.6500000000000083,4.0222149461241275e-14,41,1.6400000000000003
-2.6000000000000085,1.5098915181067823e-13,41,1.6400000000000003
-2.5500000000000087,5.423563925680471e-13,41,1.6400000000000003
-2.500000000000009,1.86687853220766e-12,41,1.6400000000000003
-2.450000000000009,6.1664121735249486e-12,41,1.6400000000000003
-2.4000000000000092,1.9569830904148136e-11,41,1.6400000000000003
-2.3500000000000094,5.974403093629298e-11,41,1.6400000000000003
-2.3000000000000096,1.7564463088058399e-10,41,1.6400000000000003
-2.2500000000000098,4.978020966131324e-10,41,1.6400000000000003
-2.20000000000001,1.361384049734096e-09,41,1.6400000000000003
-2.15000000000001,3.5958586551125035e-09,41,1.6400000000000003
-2.1000000000000103,9.181140938039821e-09,41,1.6400000000000003
-2.0500000000000105,2.2678656217066225e-08,41,1.6400000000000003
-2.0000000000000107,5.4237742747512614e-08,41,1.6400000000000003
-1.9500000000000108,1.256812120259083e-07,41,1.6400000000000003
-1.900000000000011,2.8237714618969445e-07,41,1.6400000000000003
-1.8500000000000112,6.15560914441147e-07,41,1.6400000000000003
-1.8000000000000114,1.3027868806168493e-06,41,1.6400000000000003
-1.7500000000000115,2.6785661004733685e-06,41,1.6400000000000003
-1.7000000000000117,5.353175533420947e-06,41,1.6400000000000003
-1.650000000000012,1.0405011365109786e-05,41,1.6400000000000003
-1.600000000000012,1.9680045102476388e-05,41,1.6400000000000003
-1.5500000000000123,3.6239501297230116e-05,41,1.6400000000000003
-1.5000000000000124,6.500117807914079e-05,41,1.6400000000000003
-1.4500000000000126,0.0001136174534103109,41,1.6400000000000003
-1.4000000000000128,0.00019361917934199817,41,1.6400000000000003
-1.350000000000013,0.00032182580126589817,41,1.6400000000000003
-1.3000000000000131,0.0005219745801558617,41,1.6400000000000003
-1.2500000000000133,0.0008264585091497166,41,1.6400000000000003
-1.2000000000000135,0.0012779887120266125,41,1.6400000000000003
-1.1500000000000137,0.0019309285603366856,41,1.6400000000000003
-1.1000000000000139,0.002852003009007666,41,1.6400000000000003
-1.050000000000014,0.0041200865647346265,41,1.6400000000000003
-1.0000000000000142,0.005824844630761184,41,1.6400000000000003
-0.9500000000000144,0.008064122998465567,41,1.6400000000000003
-0.9000000000000146,0.010940188013135562,41,1.6400000000000003
-0.8500000000000147,0.014555075990124343,41,1.6400000000000003
-0.8000000000000149,0.019005556259146576,41,1.6400000000000003
-0.7500000000000151,0.02437817775286229,41,1.6400000000000003
-0.7000000000000153,0.03074507228596163,41,1.6400000000000003
-0.6500000000000155,0.03816074692298016,41,1.6400000000000003
-0.6000000000000156,0.046660431840105585,41,1.6400000000000003
-0.5500000000000158,0.056259573216461856,41,1.6400000000000003
-0.500000000000016,0.06695499463229053,41,1.6400000000000003
-0.45000000000001616,0.07872652419959462,41,1.6400000000000003
-0.40000000000001634,0.0915400109755243,41,1.6400000000000003
-0.3500000000000165,0.10534970648763584,41,1.6400000000000003
-0.3000000000000167,0.12010187048264057,41,1.6400000000000003
-0.2500000000000169,0.1357366555812681,41,1.6400000000000003
-0.20000000000001705,0.15219140371884388,41,1.6400000000000003
-0.15000000000001723,0.1694013694861203,41,1.6400000000000003
-0.10000000000001741,0.18730223718116837,41,1.6400000000000003
-0.050000000000017586,0.2058295476023671,41,1.6400000000000003
-1.7763568394002505e-14,0.22492002605016181,41,1.6400000000000003
0.04999999999998206,0.2445097751280338,41,1.6400000000000003
0.09999999999998188,0.26453345694375757,41,1.6400000000000003
0.1499999999999817,0.28492092353953824,41,1.6400000000000003
0.19999999999998153,0.30559170422099297,41,1.6400000000000003
0.24999999999998135,0.32644795393787035,41,1.6400000000000003
0.29999999999998117,0.3473576269809712,41,1.6400000000000003
0.349999999999981,0.36813586826531225,41,1.6400000000000003
0.3999999999999808,0.38849958585812727,41,1.6400000000000003
0.44999999999998064,0.40801324291426666,41,1.6400000000000003
0.49999999999998046,0.4259724976157799,41,1.6400000000000003
0.5499999999999803,0.4412593632619005,41,1.6400000000000003
0.5999999999999801,0.4520938410553483,41,1.6400000000000003
0.6499999999999799,0.45580105142887584,41,1.6400000000000003
0.6999999999999797,0.4486753422569085,41,1.6400000000000003
0.7499999999999796,0.42647681447918867,41,1.6400000000000003
0.7999999999999794,0.38602136351541677,41,1.6400000000000003
0.8499999999999792,0.3278835296391214,41,1.6400000000000003
0.899999999999979,0.2583115845509768,41,1.6400000000000003
0.9499999999999789,0.18777392560253872,41,1.6400000000000003
0.9999999999999787,0.12629484998084595,41,1.6400000000000003
1.0499999999999785,0.07928769474714081,41,1.6400000000000003
1.0999999999999783,0.047000917077875154,41,1.6400000000000003
1.1499999999999782,0.02659237178175785,41,1.6400000000000003
1.199999999999978,0.014486711208541241,41,1.6400000000000003
1.2499999999999778,0.007645193142795629,41,1.6400000000000003
1.2999999999999776,0.003926302496118931,41,1.6400000000000003
1.3499999999999774,0.0019682081662660174,41,1.6400000000000003
1.3999999999999773,0.0009657176953206773,41,1.6400000000000003
1.449999999999977,0.00046479858549319233,41,1.6400000000000003
1.499999999999977,0.00021996979569960566,41,1.6400000000000003
1.5499999999999767,0.00010257312698424575,41,1.6400000000000003
1.5999999999999766,4.7225853936534144e-05,41,1.6400000000000003
1.6499999999999764,2.1500191009605455e-05,41,1.6400000000000003
1.6999999999999762,9.688001448679433e-06,41,1.6400000000000003
1.749999999999976,4.3209685587570114e-06,41,1.6400000000000003
1.7999999999999758,1.9060613790602747e-06,41,1.6400000000000003
1.8499999999999757,8.302635391396863e-07,41,1.6400000000000003
1.8999999999999755,3.563365522587411e-07,41,1.6400000000000003
1.9499999999999753,1.5030617010758828e-07,41,1.6400000000000003
1.9999999999999751,6.214557387953295e-08,41,1.6400000000000003
2.049999999999975,2.5121457225781053e-08,41,1.6400000000000003
2.0999999999999748,9.904579127875414e-09,41,1.6400000000000003
2.1499999999999746,3.800445147136411e-09,41,1.6400000000000003
2.1999999999999744,1.4163831182613948e-09,41,1.6400000000000003
2.2499999999999742,5.117868413309282e-10,41,1.6400000000000003
2.299999999999974,1.7898970092345335e-10,41,1.6400000000000003
2.349999999999974,6.04922995802037e-11,41,1.6400000000000003
2.3999999999999737,1.97253807621524e-11,41,1.6400000000000003
2.4499999999999735,6.196258622461444e-12,41,1.6400000000000003
2.4999999999999734,1.8721263731941504e-12,41,1.6400000000000003
2.549999999999973,5.431955277677887e-13,41,1.6400000000000003
2.599999999999973,1.5111022513784346e-13,41,1.6400000000000003
2.649999999999973,4.023778868200256e-14,41,1.6400000000000003
2.6999999999999726,1.0238727636119566e-14,41,1.6400000000000003
2.7499999999999725,2.4853124356182714e-15,41,1.6400000000000003
2.7999999999999723,5.744779482906049e-16,41,1.6400000000000003
2.849999999999972,1.26223904769666e-16,41,1.6400000000000003
2.899999999999972,2.631427479501143e-17,41,1.6400000000000003
2.9499999999999718,5.195411594488492e-18,41,1.6400000000000003
2.9999999999999716,9.696651603345094e-19,41,1.6400000000000003
3.0499999999999723,1.7076369451971035e-19,41,1.6400000000000003
3.0999999999999712,2.832379156677547e-20,41,1.6400000000000003
3.14999999999997,4.4169106378003314e-21,41,1.6400000000000003
3.199999999999971,6.464766368507972e-22,41,1.6400000000000003
3.2499999999999716,8.86630282126996e-23,41,1.6400000000000003
3.2999999999999705,1.137665779875597e-23,41,1.6400000000000003
3.3499999999999694,1.363762763438774e-24,41,1.6400000000000003
3.39999999999997,1.5252118841644558e-25,41,1.6400000000000003
3.449999999999971,1.5894659039294978e-26,41,1.6400000000000003
3.49999999999997,1.5417430755364113e-27,41,1.6400000000000003
3.5499999999999687,1.3904952300165163e-28,41,1.6400000000000003
3.5999999999999694,1.1649999697243039e-29,41,1.6400000000000003
3.64999999999997,9.059962266285459e-31,41,1.6400000000000003
3.699999999999969,6.535159993035752e-32,41,1.6400000000000003
3.749999999999968,4.369560610119485e-33,41,1.6400000000000003
3.7999999999999687,2.706619337677504e-34,41,1.6400000000000003
3.8499999999999694,1.552426995993735e-35,41,1.6400000000000003
3.8999999999999684,8.241455258188447e-37,41,1.6400000000000003
3.9499999999999673,4.0480310583282213e-38,41,1.6400000000000003
3.999999999999968,1.8390394198640257e-39,41,1.6400000000000003
4.049999999999969,7.725463411359578e-41,41,1.6400000000000003
4.099999999999968,3.000129330063093e-42,41,1.6400000000000003
4.149999999999967,1.0768308063599953e-43,41,1.6400000000000003
4.199999999999967,3.5716569558123497e-45,41,1.6400000000000003
4.249999999999968,1.0945621154628743e-46,41,1.6400000000000003
4.299999999999967,3.09886428741514e-48,41,1.6400000000000003
4.349999999999966,8.1041483742252095e-50,41,1.6400000000000003
4.399999999999967,1.9575511309316423e-51,41,1.6400000000000003
4.449999999999967,4.367008141573037e-53,41,1.6400000000000003
4.499999999999966,8.996829172935409e-55,41,1.6400000000000003
4.549999999999965,1.7116044388014205e-56,41,1.6400000000000003
4.599999999999966,3.0067925654212345e-58,41,1.6400000000000003
4.649999999999967,4.877200405231639e-60,41,1.6400000000000003
4.6999999999999655,7.304466954944104e-62,41,1.6400000000000003
4.7499999999999645,1.0100511296152206e-63,41,1.6400000000000003
4.799999999999965,1.28950561480448e-65,41,1.6400000000000003
4.849999999999966,1.5199106298888813e-67,41,1.6400000000000003
4.899999999999965,1.653937816317946e-69,41,1.6400000000000003
4.949999999999964,1.6615723447022034e-71,41,1.6400000000000003
4.9999999999999645,1.541034022576636e-73,41,1.6400000000000003
-5.0,7.771663950459898e-74,42,1.6800000000000004
-4.95,8.269695679183272e-70,42,1.6800000000000004
-4.9,7.600383870141656e-68,42,1.6800000000000004
-4.8500000000000005,6.448355042905222e-66,42,1.6800000000000004
-4.800000000000001,5.051015603375538e-64,42,1.6800000000000004
-4.750000000000001,3.652878230268447e-62,42,1.6800000000000004
-4.700000000000001,2.4391052281734147e-60,42,1.6800000000000004
-4.650000000000001,1.503761506054003e-58,42,1.6800000000000004
-4.600000000000001,8.560460794185371e-57,42,1.6800000000000004
-4.550000000000002,4.499917982737875e-55,42,1.6800000000000004
-4.500000000000002,2.184359872999956e-53,42,1.6800000000000004
-4.450000000000002,9.792254069218505e-52,42,1.6800000000000004
-4.400000000000002,4.05425769117278e-50,42,1.6800000000000004
-4.350000000000002,1.5504109192690647e-48,42,1.6800000000000004
-4.3000000000000025,5.476862651487767e-47,42,1.6800000000000004
-4.250000000000003,1.7873779100455058e-45,42,1.6800000000000004
-4.200000000000003,5.389626842364395e-44,42,1.6800000000000004
-4.150000000000003,1.5018504935059462e-42,42,1.6800000000000004
-4.100000000000003,3.8681158597027687e-41,42,1.6800000000000004
-4.050000000000003,9.210197745949954e-40,42,1.6800000000000004
-4.0000000000000036,2.0278782608653908e-38,42,1.6800000000000004
-3.9500000000000037,4.129922826184812e-37,42,1.6800000000000004
-3.900000000000004,7.782375135244292e-36,42,1.6800000000000004
-3.850000000000004,1.3574303964651256e-34,42,1.6800000000000004
-3.8000000000000043,2.192542440035436e-33,42,1.6800000000000004
-3.7500000000000044,3.281113093200043e-32,42,1.6800000000000004
-3.7000000000000046,4.551828936184942e-31,42,1.6800000000000004
-3.650000000000005,5.85767564857622e-30,42,1.6800000000000004
-3.600000000000005,6.99777596140186e-29,42,1.6800000000000004
-3.550000000000005,7.766965376155165e-28,42,1.6800000000000004
-3.5000000000000053,8.016854281135014e-27,42,1.6800000000000004
-3.4500000000000055,7.703146574585153e-26,42,1.6800000000000004
-3.4000000000000057,6.898287112367499e-25,42,1.6800000000000004
-3.350000000000006,5.7645894935045394e-24,42,1.6800000000000004
-3.300000000000006,4.5013395484285385e-23,42,1.6800000000000004
-3.250000000000006,3.2892664716274634e-22,42,1.6800000000000004
-3.2000000000000064,2.2527868270040102e-21,42,1.6800000000000004
-3.1500000000000066,1.4485133911226416e-20,42,1.6800000000000004
-3.1000000000000068,8.75902973945256e-20,42,1.6800000000000004
-3.050000000000007,4.989943549915709e-19,42,1.6800000000000004
-3.000000000000007,2.683085219164911e-18,42,1.6800000000000004
-2.9500000000000073,1.3641928082935975e-17,42,1.6800000000000004
-2.9000000000000075,6.570903277076767e-17,42,1.6800000000000004
-2.8500000000000076,3.003880113143903e-16,42,1.6800000000000004
-2.800000000000008,1.3056767090005217e-15,42,1.6800000000000004
-2.750000000000008,5.405697356087058e-15,42,1.6800000000000004
-2.700000000000008,2.1353640110227155e-14,42,1.6800000000000004
-2.6500000000000083,8.061304234573079e-14,42,1.6800000000000004
-2.6000000000000085,2.912892710145857e-13,42,1.6800000000000004
-2.5500000000000087,1.0089338420084767e-12,42,1.6800000000000004
-2.500000000000009,3.3543842830389517e-12,42,1.6800000000000004
-2.450000000000009,1.0718354718102e-11,42,1.6800000000000004
-2.4000000000000092,3.29552215542027e-11,42,1.6800000000000004
-2.3500000000000094,9.760723088627246e-11,42,1.6800000000000004
-2.3000000000000096,2.787730637258652e-10,42,1.6800000000000004
-2.2500000000000098,7.685143399428368e-10,42,1.6800000000000004
-2.20000000000001,2.046830373326339e-09,42,1.6800000000000004
-2.15000000000001,5.271262477398962e-09,42,1.6800000000000004
-2.1000000000000103,1.3137257335811113e-08,42,1.6800000000000004
-2.0500000000000105,3.170944127128834e-08,42,1.6800000000000004
-2.0000000000000107,7.417993106519815e-08,42,1.6800000000000004
-1.9500000000000108,1.6830742910957953e-07,42,1.6800000000000004
-1.900000000000011,3.7062099060963323e-07,42,1.6800000000000004
-1.8500000000000112,7.925816898999111e-07,42,1.6800000000000004
-1.8000000000000114,1.6470621482970348e-06,42,1.6800000000000004
-1.7500000000000115,3.327975815171971e-06,42,1.6800000000000004
-1.7000000000000117,6.541768514882546e-06,42,1.6800000000000004
-1.650000000000012,1.2516538588411278e-05,42,1.6800000000000004
-1.600000000000012,2.33220153237314e-05,42,1.6800000000000004
-1.5500000000000123,4.23398440210133e-05,42,1.6800000000000004
-1.5000000000000124,7.492615822891747e-05,42,1.6800000000000004
-1.4500000000000126,0.000129303526063878,42,1.6800000000000004
-1.4000000000000128,0.00021770349475397634,42,1.6800000000000004
-1.350000000000013,0.000357749885933786,42,1.6800000000000004
-1.3000000000000131,0.0005740262628436102,42,1.6800000000000004
-1.2500000000000133,0.0008997094865540894,42,1.6800000000000004
-1.2000000000000135,0.0013780844444556456,42,1.6800000000000004
-1.1500000000000137,0.0020636957273140752,42,1.6800000000000004
-1.1000000000000139,0.0030228582368964996,42,1.6800000000000004
-1.050000000000014,0.004333264841122601,42,1.6800000000000004
-1.0000000000000142,0.006082493788313401,42,1.6800000000000004
-0.9500000000000144,0.008365364542190324,42,1.6800000000000004
-0.9000000000000146,0.011280235462826173,42,1.6800000000000004
-0.8500000000000147,0.014924567445149703,42,1.6800000000000004
-0.8000000000000149,0.019390137808798946,42,1.6800000000000004
-0.7500000000000151,0.02475850461232422,42,1.6800000000000004
-0.7000000000000153,0.031097072926887306,42,1.6800000000000004
-0.6500000000000155,0.03845636477710638,42,1.6800000000000004
-0.6000000000000156,0.04686838067516527,42,1.6800000000000004
-0.5500000000000158,0.056346558154857077,42,1.6800000000000004
-0.500000000000016,0.06688650350121807,42,1.6800000000000004
-0.45000000000001616,0.0784681823432696,42,1.6800000000000004
-0.40000000000001634,0.09105797633471889,42,1.6800000000000004
-0.3500000000000165,0.10461196359227647,42,1.6800000000000004
-0.3000000000000167,0.11907800523218061,42,1.6800000000000004
-0.2500000000000169,0.13439908428624558,42,1.6800000000000004
-0.20000000000001705,0.15051453567061715,42,1.6800000000000004
-0.15000000000001723,0.1673628395125744,42,1.6800000000000004
-0.10000000000001741,0.1848816628077593,42,1.6800000000000004
-0.050000000000017586,0.20300975360259813,42,1.6800000000000004
-1.7763568394002505e-14,0.22168581587180713,42,1.6800000000000004
0.04999999999998206,0.24084895515211782,42,1.6800000000000004
0.09999999999998188,0.2604363688262937,42,1.6800000000000004
0.1499999999999817,0.28038091261316006,42,1.6800000000000004
0.19999999999998153,0.3006067719467846,42,1.6800000000000004
0.24999999999998135,0.32102045933435,42,1.6800000000000004
0.29999999999998117,0.3415007609269446,42,1.6800000000000004
0.349999999999981,0.36187368498153233,42,1.6800000000000004
0.3999999999999808,0.3818843978117972,42,1.6800000000000004
0.44999999999998064,0.40113191363433576,42,1.6800000000000004
0.49999999999998046,0.4189892992335073,42,1.6800000000000004
0.5499999999999803,0.4344459148565335,42,1.6800000000000004
0.5999999999999801,0.445921252781914,42,1.6800000000000004
0.6499999999999799,0.4510004473302933,42,1.6800000000000004
0.6999999999999797,0.4463133579931028,42,1.6800000000000004
0.7499999999999796,0.42780776681797317,42,1.6800000000000004
0.7999999999999794,0.3920551449150965,42,1.6800000000000004
0.8499999999999792,0.3386239977086098,42,1.6800000000000004
0.899999999999979,0.2722784399953142,42,1.6800000000000004
0.9499999999999789,0.20245811438222178,42,1.6800000000000004
0.9999999999999787,0.13932531189441416,42,1.6800000000000004
1.0499999999999785,0.08939614411446517,42,1.6800000000000004
1.0999999999999783,0.054055910124716645,42,1.6800000000000004
1.1499999999999782,0.03114365842411252,42,1.6800000000000004
1.199999999999978,0.017248523514034456,42,1.6800000000000004
1.2499999999999778,0.009245396642399815,42,1.6800000000000004
1.2999999999999776,0.004817615681491802,42,1.6800000000000004
1.3499999999999774,0.002448906743844599,42,1.6800000000000004
1.3999999999999773,0.0012172349370117407,42,1.6800000000000004
1.449999999999977,0.0005930205903013486,42,1.6800000000000004
1.499999999999977,0.00028372695953445844,42,1.6800000000000004
1.5499999999999767,0.00013360705610401794,42,1.6800000000000004
1.5999999999999766,6.203867079455878e-05,42,1.6800000000000004
1.6499999999999764,2.845735497738838e-05,42,1.6800000000000004
1.6999999999999762,1.2910668501670066e-05,42,1.6800000000000004
1.749999999999976,5.797049458730271e-06,42,1.6800000000000004
1.7999999999999758,2.575619645234697e-06,42,1.6800000000000004
1.8499999999999757,1.1311996668783564e-06,42,1.6800000000000004
1.8999999999999755,4.902849879727573e-07,42,1.6800000000000004
1.9499999999999753,2.0924108769187026e-07,42,1.6800000000000004
1.9999999999999751,8.77138180588561e-08,42,1.6800000000000004
2.049999999999975,3.602507725649851e-08,42,1.6800000000000004
2.0999999999999748,1.4460951309787579e-08,42,1.6800000000000004
2.1499999999999746,5.6604811422873144e-09,42,1.6800000000000004
2.1999999999999744,2.156115997069961e-09,42,1.6800000000000004
2.2499999999999742,7.976864099872449e-10,42,1.6800000000000004
2.299999999999974,2.8613957050721925e-10,42,1.6800000000000004
2.349999999999974,9.935754084913252e-11,42,1.6800000000000004
2.3999999999999737,3.334427910205676e-11,42,1.6800000000000004
2.4499999999999735,1.0798753567750393e-11,42,1.6800000000000004
2.4999999999999734,3.3697270751222357e-12,42,1.6800000000000004
2.549999999999973,1.0116182991666932e-12,42,1.6800000000000004
2.599999999999973,2.9171665822495433e-13,42,1.6800000000000004
2.649999999999973,8.067447638698605e-14,42,1.6800000000000004
2.6999999999999726,2.1361550558810737e-14,42,1.6800000000000004
2.7499999999999725,5.406602792205106e-15,42,1.6800000000000004
2.7999999999999723,1.30576817019397e-15,42,1.6800000000000004
2.849999999999972,3.003961115428082e-16,42,1.6800000000000004
2.899999999999972,6.570965818207724e-17,42,1.6800000000000004
2.9499999999999718,1.364196997767297e-17,42,1.6800000000000004
2.9999999999999716,2.683087644504101e-18,42,1.6800000000000004
3.0499999999999723,4.989944759506425e-19,42,1.6800000000000004
3.0999999999999712,8.759030257875534e-20,42,1.6800000000000004
3.14999999999997,1.4485134101813136e-20,42,1.6800000000000004
3.199999999999971,2.2527868330065155e-21,42,1.6800000000000004
3.2499999999999716,3.2892664732477657e-22,42,1.6800000000000004
3.2999999999999705,4.5013395488069184e-23,42,1.6800000000000004
3.3499999999999694,5.764589493586208e-24,42,1.6800000000000004
3.39999999999997,6.898287112390344e-25,42,1.6800000000000004
3.449999999999971,7.7031465745991e-26,42,1.6800000000000004
3.49999999999997,8.016854281148315e-27,42,1.6800000000000004
3.5499999999999687,7.766965376168272e-28,42,1.6800000000000004
3.5999999999999694,6.997775961414009e-29,42,1.6800000000000004
3.64999999999997,5.857675648586698e-30,42,1.6800000000000004
3.699999999999969,4.551828936193327e-31,42,1.6800000000000004
3.749999999999968,3.2811130932062635e-32,42,1.6800000000000004
3.7999999999999687,2.192542440039711e-33,42,1.6800000000000004
3.8499999999999694,1.3574303964678463e-34,42,1.6800000000000004
3.8999999999999684,7.782375135260315e-36,42,1.6800000000000004
3.9499999999999673,4.1299228261935435e-37,42,1.6800000000000004
3.999999999999968,2.0278782608697905e-38,42,1.6800000000000004
4.049999999999969,9.210197745970443e-40,42,1.6800000000000004
4.099999999999968,3.868115859711589e-41,42,1.6800000000000004
4.149999999999967,1.5018504935094526e-42,42,1.6800000000000004
4.199999999999967,5.38962684237729e-44,42,1.6800000000000004
4.249999999999968,1.7873779100498824e-45,42,1.6800000000000004
4.299999999999967,5.476862651501484e-47,42,1.6800000000000004
4.349999999999966,1.550410919273036e-48,42,1.6800000000000004
4.399999999999967,4.0542576911833913e-50,42,1.6800000000000004
4.449999999999967,9.79225406924468e-52,42,1.6800000000000004
4.499999999999966,2.184359873005919e-53,42,1.6800000000000004
4.549999999999965,4.499917982750415e-55,42,1.6800000000000004
4.599999999999966,8.560460794209719e-57,42,1.6800000000000004
4.649999999999967,1.5037615060583644e-58,42,1.6800000000000004
4.6999999999999655,2.439105228180627e-60,42,1.6800000000000004
4.7499999999999645,3.6528782302794545e-62,42,1.6800000000000004
4.799999999999965,5.051015603391048e-64,42,1.6800000000000004
4.849999999999966,6.448355042930558e-66,42,1.6800000000000004
4.899999999999965,7.600383935616757e-68,42,1.6800000000000004
4.949999999999964,8.270459598601018e-70,42,1.6800000000000004
4.9999999999999645,8.308526661886784e-72,42,1.6800000000000004
-5.0,4.1931216506956916e-72,43,1.7200000000000004
-4.95,3.8001958209028035e-68,43,1.7200000000000004
-4.9,3.22459100623657e-66,43,1.7200000000000004
-4.8500000000000005,2.5258878208812762e-64,43,1.7200000000000004
-4.800000000000001,1.8267615328863687e-62,43,1.7200000000000004
-4.750000000000001,1.2198051648668761e-60,43,1.7200000000000004
-4.700000000000001,7.5206339693851495e-59,43,1.7200000000000004
-4.650000000000001,4.2814499497067724e-57,43,1.7200000000000004
-4.600000000000001,2.250710872121964e-55,43,1.7200000000000004
-4.550000000000002,1.0926079595396874e-53,43,1.7200000000000004
-4.500000000000002,4.898376993600621e-52,43,1.7200000000000004
-4.450000000000002,2.02822102552289e-50,43,1.7200000000000004
-4.400000000000002,7.756950723379933e-49,43,1.7200000000000004
-4.350000000000002,2.74045845458947e-47,43,1.7200000000000004
-4.3000000000000025,8.944641604823874e-46,43,1.7200000000000004
-4.250000000000003,2.6975518525079417e-44,43,1.7200000000000004
-4.200000000000003,7.518189357079958e-43,43,1.7200000000000004
-4.150000000000003,1.9367527432725666e-41,43,1.7200000000000004
-4.100000000000003,4.612608125442506e-40,43,1.7200000000000004
-4.050000000000003,1.0158731883625468e-38,43,1.7200000000000004
-4.0000000000000036,2.069566511965381e-37,43,1.7200000000000004
-3.9500000000000037,3.901326958926473e-36,43,1.7200000000000004
-3.900000000000004,6.807801596456552e-35,43,1.7200000000000004
-3.850000000000004,1.1001624075853401e-33,43,1.7200000000000004
-3.8000000000000043,1.647343698582347e-32,43,1.7200000000000004
-3.7500000000000044,2.2868771802926483e-31,43,1.7200000000000004
-3.7000000000000046,2.9452433897541103e-30,43,1.7200000000000004
-3.650000000000005,3.521647125381855e-29,43,1.7200000000000004
-3.600000000000005,3.912771066320464e-28,43,1.7200000000000004
-3.550000000000005,4.0434160203745165e-27,43,1.7200000000000004
-3.5000000000000053,3.8904081141733525e-26,43,1.7200000000000004
-3.4500000000000055,3.4892278275894246e-25,43,1.7200000000000004
-3.4000000000000057,2.9208104796251954e-24,43,1.7200000000000004
-3.350000000000006,2.2851612097761068e-23,43,1.7200000000000004
-3.300000000000006,1.6734561832812544e-22,43,1.7200000000000004
-3.250000000000006,1.1489001112441478e-21,43,1.7200000000000004
-3.2000000000000064,7.40703027919458e-21,43,1.7200000000000004
-3.1500000000000066,4.4921542110764804e-20,43,1.7200000000000004
-3.1000000000000068,2.567397444513986e-19,43,1.7200000000000004
-3.050000000000007,1.3853377582797182e-18,43,1.7200000000000004
-3.000000000000007,7.070461218963773e-18,43,1.7200000000000004
-2.9500000000000073,3.419605899496629e-17,43,1.7200000000000004
-2.9000000000000075,1.570149696986631e-16,43,1.7200000000000004
-2.8500000000000076,6.856928708856444e-16,43,1.7200000000000004
-2.800000000000008,2.8530426837007183e-15,43,1.7200000000000004
-2.750000000000008,1.1329658409613748e-14,43,1.7200000000000004
-2.700000000000008,4.300936985090763e-14,43,1.7200000000000004
-2.6500000000000083,1.5632145556238955e-13,43,1.7200000000000004
-2.6000000000000085,5.447734421769015e-13,43,1.7200000000000004
-2.5500000000000087,1.822836777024535e-12,43,1.7200000000000004
-2.500000000000009,5.863644280032465e-12,43,1.7200000000000004
-2.450000000000009,1.8154802918405867e-11,43,1.7200000000000004
-2.4000000000000092,5.416279280030477e-11,43,1.7200000000000004
-2.3500000000000094,1.5586414262470827e-10,43,1.7200000000000004
-2.3000000000000096,4.330607852983372e-10,43,1.7200000000000004
-2.2500000000000098,1.1628017177037422e-09,43,1.7200000000000004
-2.20000000000001,3.019888403231781e-09,43,1.7200000000000004
-2.15000000000001,7.592043820889123e-09,43,1.7200000000000004
-2.1000000000000103,1.8490351678803163e-08,43,1.7200000000000004
-2.0500000000000105,4.36585931344897e-08,43,1.7200000000000004
-2.0000000000000107,1.0000842972605353e-07,43,1.7200000000000004
-1.9500000000000108,2.2240043446596438e-07,43,1.7200000000000004
-1.900000000000011,4.804444395330764e-07,43,1.7200000000000004
-1.8500000000000112,1.0088410543625738e-06,43,1.7200000000000004
-1.8000000000000114,2.060276663088483e-06,43,1.7200000000000004
-1.7500000000000115,4.094407315205475e-06,43,1.7200000000000004
-1.7000000000000117,7.922228084128583e-06,43,1.7200000000000004
-1.650000000000012,1.493179169497428e-05,43,1.7200000000000004
-1.600000000000012,2.742786410498159e-05,43,1.7200000000000004
-1.5500000000000123,4.9123072773766794e-05,43,1.7200000000000004
-1.5000000000000124,8.581869969455349e-05,43,1.7200000000000004
-1.4500000000000126,0.00014630647031495868,43,1.7200000000000004
-1.4000000000000128,0.00024350445288302537,43,1.7200000000000004
-1.350000000000013,0.00039580845653103204,43,1.7200000000000004
-1.3000000000000131,0.0006285933878080758,43,1.7200000000000004
-1.2500000000000133,0.0009757414315325046,43,1.7200000000000004
-1.2000000000000135,0.0014810127343551345,43,1.7200000000000004
-1.1500000000000137,0.0021990236296392084,43,1.7200000000000004
-1.1000000000000139,0.0031955766153926634,43,1.7200000000000004
-1.050000000000014,0.004547104200852051,43,1.7200000000000004
-1.0000000000000142,0.006339074263708378,43,1.7200000000000004
-0.9500000000000144,0.008663315229287401,43,1.7200000000000004
-0.9000000000000146,0.011614413315769796,43,1.7200000000000004
-0.8500000000000147,0.015285439889383077,43,1.7200000000000004
-0.8000000000000149,0.01976348786129423,43,1.7200000000000004
-0.7500000000000151,0.025125395267767938,43,1.7200000000000004
-0.7000000000000153,0.03143425300646902,43,1.7200000000000004
-0.6500000000000155,0.038736803368527875,43,1.7200000000000004
-0.6000000000000156,0.04706225294117597,43,1.7200000000000004
-0.5500000000000158,0.05642201023949042,43,1.7200000000000004
-0.500000000000016,0.06681090604419176,43,1.7200000000000004
-0.45000000000001616,0.07820868977725733,43,1.7200000000000004
-0.40000000000001634,0.090582791510498,43,1.7200000000000004
-0.3500000000000165,0.10389038752826955,43,1.7200000000000004
-0.3000000000000167,0.11808163375319111,43,1.7200000000000004
-0.2500000000000169,0.13310125962778563,43,1.7200000000000004
-0.20000000000001705,0.14889152066086392,43,1.7200000000000004
-0.15000000000001723,0.16539277848030412,43,1.7200000000000004
-0.10000000000001741,0.1825457685559711,43,1.7200000000000004
-0.050000000000017586,0.20029106499654586,43,1.7200000000000004
-1.7763568394002505e-14,0.21857030254934212,43,1.7200000000000004
0.04999999999998206,0.2373245920993151,43,1.7200000000000004
0.09999999999998188,0.25649388649065463,43,1.7200000000000004
0.1499999999999817,0.27601410455997094,43,1.7200000000000004
0.19999999999998153,0.2958125501430653,43,1.7200000000000004
0.24999999999998135,0.31580209876218135,43,1.7200000000000004
0.29999999999998117,0.33586738644376585,43,1.7200000000000004
0.349999999999981,0.35584999465369155,43,1.7200000000000004
0.3999999999999808,0.3755119496571679,43,1.7200000000000004
0.44999999999998064,0.394493580606631,43,1.7200000000000004
0.49999999999998046,0.4122216260855174,43,1.7200000000000004
0.5499999999999803,0.42779652984562944,43,1.7200000000000004
0.5999999999999801,0.43979155098209455,43,1.7200000000000004
0.6499999999999799,0.44604733541941083,43,1.7200000000000004
0.6999999999999797,0.4434804907026019,43,1.7200000000000004
0.7499999999999796,0.4282819268278361,43,1.7200000000000004
0.7999999999999794,0.39688653696841564,43,1.7200000000000004
0.8499999999999792,0.34808113000882845,43,1.7200000000000004
0.899999999999979,0.28527644079440695,43,1.7200000000000004
0.9499999999999789,0.21674667721522542,43,1.7200000000000004
0.9999999999999787,0.1525266527476776,43,1.7200000000000004
1.0499999999999785,0.09998851123257826,43,1.7200000000000004
1.0999999999999783,0.06167424989378813,43,1.7200000000000004
1.1499999999999782,0.036177122790575,43,1.7200000000000004
1.199999999999978,0.020371417553448668,43,1.7200000000000004
1.2499999999999778,0.011087930026275058,43,1.7200000000000004
1.2999999999999776,0.005863047736089257,43,1.7200000000000004
1.3499999999999774,0.0030217708612443064,43,1.7200000000000004
1.3999999999999773,0.0015220927612368792,43,1.7200000000000004
1.449999999999977,0.0007507611802539627,43,1.7200000000000004
1.499999999999977,0.0003633805877176994,43,1.7200000000000004
1.5499999999999767,0.00017289814560268716,43,1.7200000000000004
1.5999999999999766,8.103561374558085e-05,43,1.7200000000000004
1.6499999999999764,3.7475406070376986e-05,43,1.7200000000000004
1.6999999999999762,1.7127357461113302e-05,43,1.7200000000000004
1.749999999999976,7.743176083761303e-06,43,1.7200000000000004
1.7999999999999758,3.464131028038262e-06,43,1.7200000000000004
1.8499999999999757,1.5329535952911647e-06,43,1.7200000000000004
1.8999999999999755,6.70220624451284e-07,43,1.7200000000000004
1.9499999999999753,2.889994495529378e-07,43,1.7200000000000004
1.9999999999999751,1.226330909709897e-07,43,1.7200000000000004
2.049999999999975,5.1087386181240795e-08,43,1.7200000000000004
2.0999999999999748,2.0842779452545943e-08,43,1.7200000000000004
2.1499999999999746,8.308533694322825e-09,43,1.7200000000000004
2.1999999999999744,3.2290837824182283e-09,43,1.7200000000000004
2.2499999999999742,1.2211277847019822e-09,43,1.7200000000000004
2.299999999999974,4.48521975543475e-10,43,1.7200000000000004
2.349999999999974,1.597419248207908e-10,43,1.7200000000000004
2.3999999999999737,5.507814721039252e-11,43,1.7200000000000004
2.4499999999999735,1.8357003088809597e-11,43,1.7200000000000004
2.4999999999999734,5.9051859334816615e-12,43,1.7200000000000004
2.549999999999973,1.8307218666758492e-12,43,1.7200000000000004
2.599999999999973,5.46146387777043e-13,43,1.7200000000000004
2.649999999999973,1.5653910439189948e-13,43,1.7200000000000004
2.6999999999999726,4.304053958959688e-14,43,1.7200000000000004
2.7499999999999725,1.1333659364502445e-14,43,1.7200000000000004
2.7999999999999723,2.853499451873963e-15,43,1.7200000000000004
2.849999999999972,6.857389141880239e-16,43,1.7200000000000004
2.899999999999972,1.570190407602406e-16,43,1.7200000000000004
2.9499999999999718,3.419637291329067e-17,43,1.7200000000000004
2.9999999999999716,7.070482226811806e-18,43,1.7200000000000004
3.0499999999999723,1.3853389735414281e-18,43,1.7200000000000004
3.0999999999999712,2.567398050262278e-19,43,1.7200000000000004
3.14999999999997,4.492154470588093e-20,43,1.7200000000000004
3.199999999999971,7.407030374568956e-21,43,1.7200000000000004
3.2499999999999716,1.1489001142472923e-21,43,1.7200000000000004
3.2999999999999705,1.673456184091814e-22,43,1.7200000000000004
3.3499999999999694,2.285161209965411e-23,43,1.7200000000000004
3.39999999999997,2.9208104796660993e-24,43,1.7200000000000004
3.449999999999971,3.4892278276009137e-25,43,1.7200000000000004
3.49999999999997,3.890408114180391e-26,43,1.7200000000000004
3.5499999999999687,4.043416020381228e-27,43,1.7200000000000004
3.5999999999999694,3.9127710663270694e-28,43,1.7200000000000004
3.64999999999997,3.521647125387971e-29,43,1.7200000000000004
3.699999999999969,2.9452433897593806e-30,43,1.7200000000000004
3.749999999999968,2.2868771802968623e-31,43,1.7200000000000004
3.7999999999999687,1.647343698585471e-32,43,1.7200000000000004
3.8499999999999694,1.1001624075874857e-33,43,1.7200000000000004
3.8999999999999684,6.807801596470199e-35,43,1.7200000000000004
3.9499999999999673,3.9013269589345066e-36,43,1.7200000000000004
3.999999999999968,2.069566511969757e-37,43,1.7200000000000004
4.049999999999969,1.0158731883647511e-38,43,1.7200000000000004
4.099999999999968,4.612608125452769e-40,43,1.7200000000000004
4.149999999999967,1.9367527432769832e-41,43,1.7200000000000004
4.199999999999967,7.518189357097513e-43,43,1.7200000000000004
4.249999999999968,2.6975518525143957e-44,43,1.7200000000000004
4.299999999999967,8.944641604845778e-46,43,1.7200000000000004
4.349999999999966,2.740458454596334e-47,43,1.7200000000000004
4.399999999999967,7.756950723399802e-49,43,1.7200000000000004
4.449999999999967,2.0282210255281986e-50,43,1.7200000000000004
4.499999999999966,4.8983769936137155e-52,43,1.7200000000000004
4.549999999999965,1.09260795954267e-53,43,1.7200000000000004
4.599999999999966,2.250710872128237e-55,43,1.7200000000000004
4.649999999999967,4.2814499497189494e-57,43,1.7200000000000004
4.6999999999999655,7.520633969406962e-59,43,1.7200000000000004
4.7499999999999645,1.2198051648704831e-60,43,1.7200000000000004
4.799999999999965,1.8267615328918738e-62,43,1.7200000000000004
4.849999999999966,2.525887820892305e-64,43,1.7200000000000004
4.899999999999965,3.2245910444452093e-66,43,1.7200000000000004
4.949999999999964,3.800607394141473e-68,43,1.7200000000000004
4.9999999999999645,4.135618382498032e-70,43,1.7200000000000004
-5.0,2.0887747995024946e-70,44,1.7600000000000002
-4.95,1.6122975996791102e-66,44,1.7600000000000002
-4.9,1.2631339202316833e-64,44,1.7600000000000002
-4.8500000000000005,9.135419959934962e-63,44,1.7600000000000002
-4.800000000000001,6.100288768244821e-61,44,1.7600000000000002
-4.750000000000001,3.7612303654590178e-59,44,1.7600000000000002
-4.700000000000001,2.1413348774358198e-57,44,1.7600000000000002
-4.650000000000001,1.1257314677594513e-55,44,1.7600000000000002
-4.600000000000001,5.465180522673291e-54,44,1.7600000000000002
-4.550000000000002,2.4503138522363715e-52,44,1.7600000000000002
-4.500000000000002,1.0146568167412148e-50,44,1.7600000000000002
-4.450000000000002,3.880924550186767e-49,44,1.7600000000000002
-4.400000000000002,1.3712433378074965e-47,44,1.7600000000000002
-4.350000000000002,4.476199277773627e-46,44,1.7600000000000002
-4.3000000000000025,1.3501461554812656e-44,44,1.7600000000000002
-4.250000000000003,3.763566999342391e-43,44,1.7600000000000002
-4.200000000000003,9.697251475625373e-42,44,1.7600000000000002
-4.150000000000003,2.310063157399793e-40,44,1.7600000000000002
-4.100000000000003,5.089049705529097e-39,44,1.7600000000000002
-4.050000000000003,1.0370895600454118e-37,44,1.7600000000000002
-4.0000000000000036,1.955742845405049e-36,44,1.7600000000000002
-3.9500000000000037,3.414248630788103e-35,44,1.7600000000000002
-3.900000000000004,5.520318672721333e-34,44,1.7600000000000002
-3.850000000000004,8.270757500894018e-33,44,1.7600000000000002
-3.8000000000000043,1.1489394021842508e-31,44,1.7600000000000002
-3.7500000000000044,1.4808584133699668e-30,44,1.7600000000000002
-3.7000000000000046,1.7722579485923906e-29,44,1.7600000000000002
-3.650000000000005,1.9711117501090025e-28,44,1.7600000000000002
-3.600000000000005,2.0393162458141675e-27,44,1.7600000000000002
-3.550000000000005,1.9647679124182785e-26,44,1.7600000000000002
-3.5000000000000053,1.7648309938965848e-25,44,1.7600000000000002
-3.4500000000000055,1.4798572803834645e-24,44,1.7600000000000002
-3.4000000000000057,1.1600267440260005e-23,44,1.7600000000000002
-3.350000000000006,8.513321440387532e-23,44,1.7600000000000002
-3.300000000000006,5.858758616709544e-22,44,1.7600000000000002
-3.250000000000006,3.787187948761353e-21,44,1.7600000000000002
-3.2000000000000064,2.3035221111004477e-20,44,1.7600000000000002
-3.1500000000000066,1.320733873652966e-19,44,1.7600000000000002
-3.1000000000000068,7.151296501952415e-19,44,1.7600000000000002
-3.050000000000007,3.663600481707586e-18,44,1.7600000000000002
-3.000000000000007,1.7790698376623005e-17,44,1.7600000000000002
-2.9500000000000073,8.204271545881344e-17,44,1.7600000000000002
-2.9000000000000075,3.5994446494030524e-16,44,1.7600000000000002
-2.8500000000000076,1.5050288266996891e-15,44,1.7600000000000002
-2.800000000000008,6.00767564024967e-15,44,1.7600000000000002
-2.750000000000008,2.2931206267303805e-14,44,1.7600000000000002
-2.700000000000008,8.382555698599679e-14,44,1.7600000000000002
-2.6500000000000083,2.9389140601384557e-13,44,1.7600000000000002
-2.6000000000000085,9.895791162928028e-13,44,1.7600000000000002
-2.5500000000000087,3.204208861097866e-12,44,1.7600000000000002
-2.500000000000009,9.988819847649946e-12,44,1.7600000000000002
-2.450000000000009,3.001321853958877e-11,44,1.7600000000000002
-2.4000000000000092,8.700947276676427e-11,44,1.7600000000000002
-2.3500000000000094,2.4361178901239935e-10,44,1.7600000000000002
-2.3000000000000096,6.593329298986625e-10,44,1.7600000000000002
-2.2500000000000098,1.7264745924786222e-09,44,1.7600000000000002
-2.20000000000001,4.3774227580390284e-09,44,1.7600000000000002
-2.15000000000001,1.0755119974462797e-08,44,1.7600000000000002
-2.1000000000000103,2.5625318108002688e-08,44,1.7600000000000002
-2.0500000000000105,5.924938877046976e-08,44,1.7600000000000002
-2.0000000000000107,1.3302950428905094e-07,44,1.7600000000000002
-1.9500000000000108,2.902263904645303e-07,44,1.7600000000000002
-1.900000000000011,6.156205507546051e-07,44,1.7600000000000002
-1.8500000000000112,1.270359748528166e-06,44,1.7600000000000002
-1.8000000000000114,2.5516210355018264e-06,44,1.7600000000000002
-1.7500000000000115,4.991240670216955e-06,44,1.7600000000000002
-1.7000000000000117,9.513058266243486e-06,44,1.7600000000000002
-1.650000000000012,1.767490818934878e-05,44,1.7600000000000002
-1.600000000000012,3.202699421079544e-05,44,1.7600000000000002
-1.5500000000000123,5.662195938746996e-05,44,1.7600000000000002
-1.5000000000000124,9.771097304296728e-05,44,1.7600000000000002
-1.4500000000000126,0.0001646511903749181,44,1.7600000000000002
-1.4000000000000128,0.0002710304116727943,44,1.7600000000000002
-1.350000000000013,0.00043598175329982616,44,1.7600000000000002
-1.3000000000000131,0.0006856158626303788,44,1.7600000000000002
-1.2500000000000133,0.0010544434072671798,44,1.7600000000000002
-1.2000000000000135,0.0015866058038693561,44,1.7600000000000002
-1.1500000000000137,0.0023366910126367945,44,1.7600000000000002
-1.1000000000000139,0.0033698958249076907,44,1.7600000000000002
-1.050000000000014,0.004761331009027327,44,1.7600000000000002
-1.0000000000000142,0.0065943343402400075,44,1.7600000000000002
-0.9500000000000144,0.008957801642909343,44,1.7600000000000002
-0.9000000000000146,0.011942659230965252,44,1.7600000000000002
-0.8500000000000147,0.015637810417377215,44,1.7600000000000002
-0.8000000000000149,0.02012588941562558,44,1.7600000000000002
-0.7500000000000151,0.025479367071955392,44,1.7600000000000002
-0.7000000000000153,0.03175724842857783,44,1.7600000000000002
-0.6500000000000155,0.039002904295857586,44,1.7600000000000002
-0.6000000000000156,0.047242826143158514,44,1.7600000000000002
-0.5500000000000158,0.05648681118977455,44,1.7600000000000002
-0.500000000000016,0.06672871882493187,44,1.7600000000000002
-0.45000000000001616,0.07794853978706717,44,1.7600000000000002
-0.40000000000001634,0.09011421595994369,44,1.7600000000000002
-0.3500000000000165,0.10318460660944688,44,1.7600000000000002
-0.3000000000000167,0.11711127703928176,44,1.7600000000000002
-0.2500000000000169,0.13184149466805117,44,1.7600000000000002
-0.20000000000001705,0.1473192538822585,44,1.7600000000000002
-0.15000000000001723,0.16348779006982037,44,1.7600000000000002
-0.10000000000001741,0.18028957382962188,44,1.7600000000000002
-0.050000000000017586,0.19766803164489247,44,1.7600000000000002
-1.7763568394002505e-14,0.21556653828839933,44,1.7600000000000002
0.04999999999998206,0.2339288671898844,44,1.7600000000000002
0.09999999999998188,0.2526971835494558,44,1.7600000000000002
0.1499999999999817,0.2718100281138474,44,1.7600000000000002
0.19999999999998153,0.291198665727765,44,1.7600000000000002
0.24999999999998135,0.31077960100253105,44,1.7600000000000002
0.29999999999998117,0.33044639608544973,44,1.7600000000000002
0.349999999999981,0.3500492034387146,44,1.7600000000000002
0.3999999999999808,0.3693725943411996,44,1.7600000000000002
0.44999999999998064,0.3880832989358905,44,1.7600000000000002
0.49999999999998046,0.4056681180645058,44,1.7600000000000002
0.5499999999999803,0.4213086006732763,44,1.7600000000000002
0.5999999999999801,0.43373226173516133,44,1.7600000000000002
0.6499999999999799,0.44098435337863134,44,1.7600000000000002
0.6999999999999797,0.44027119444110197,44,1.7600000000000002
0.7499999999999796,0.4280147183169166,44,1.7600000000000002
0.7999999999999794,0.4006345155741605,44,1.7600000000000002
0.8499999999999792,0.35630874399230267,44,1.7600000000000002
0.899999999999979,0.29725017380890334,44,1.7600000000000002
0.9499999999999789,0.23052520034582513,44,1.7600000000000002
0.9999999999999787,0.16576387816496857,44,1.7600000000000002
1.0499999999999785,0.11099258466042271,44,1.7600000000000002
1.0999999999999783,0.06982060064459725,44,1.7600000000000002
1.1499999999999782,0.04170057741298329,44,1.7600000000000002
1.199999999999978,0.023869694812652383,44,1.7600000000000002
1.2499999999999778,0.013193356509645222,44,1.7600000000000002
1.2999999999999776,0.007077612662385623,44,1.7600000000000002
1.3499999999999774,0.0036989819611394385,44,1.7600000000000002
1.3999999999999773,0.0018879795121067523,44,1.7600000000000002
1.449999999999977,0.0009431736186617452,44,1.7600000000000002
1.499999999999977,0.0004619364126445296,44,1.7600000000000002
1.5499999999999767,0.00022223319646780712,44,1.7600000000000002
1.5999999999999766,0.0001051924737090706,44,1.7600000000000002
1.6499999999999764,4.9082740288211376e-05,44,1.7600000000000002
1.6999999999999762,2.2609559966926e-05,44,1.7600000000000002
1.749999999999976,1.0295800513809746e-05,44,1.7600000000000002
1.7999999999999758,4.638076360892061e-06,44,1.7600000000000002
1.8499999999999757,2.067178136446392e-06,44,1.7600000000000002
1.8999999999999755,9.109769757072599e-07,44,1.7600000000000002
1.9499999999999753,3.9642694454249897e-07,44,1.7600000000000002
1.9999999999999751,1.7004343404924146e-07,44,1.7600000000000002
2.049999999999975,7.173793813265853e-08,44,1.7600000000000002
2.0999999999999748,2.969796044595967e-08,44,1.7600000000000002
2.1499999999999746,1.2035931702280981e-08,44,1.7600000000000002
2.1999999999999744,4.764830753020519e-09,44,1.7600000000000002
2.2499999999999742,1.8388028810260136e-09,44,1.7600000000000002
2.299999999999974,6.904348550545137e-10,44,1.7600000000000002
2.349999999999974,2.5180006141656144e-10,44,1.7600000000000002
2.3999999999999737,8.90494639598363e-11,44,1.7600000000000002
2.4499999999999735,3.0491666572536837e-11,44,1.7600000000000002
2.4999999999999734,1.0093862477809448e-11,44,1.7600000000000002
2.549999999999973,3.225666160636267e-12,44,1.7600000000000002
2.599999999999973,9.936304855345399e-13,44,1.7600000000000002
2.649999999999973,2.945934636833792e-13,44,1.7600000000000002
2.6999999999999726,8.393638187820584e-14,44,1.7600000000000002
2.7499999999999725,2.294701952073579e-14,44,1.7600000000000002
2.7999999999999723,6.00969913934526e-15,44,1.7600000000000002
2.849999999999972,1.5052592463171035e-15,44,1.7600000000000002
2.899999999999972,3.5996764355065735e-16,44,1.7600000000000002
2.9499999999999718,8.20447614935262e-17,44,1.7600000000000002
2.9999999999999716,1.779085594341605e-17,44,1.7600000000000002
3.0499999999999723,3.663611015919017e-18,44,1.7600000000000002
3.0999999999999712,7.151302591236545e-19,44,1.7600000000000002
3.14999999999997,1.3207341770039838e-19,44,1.7600000000000002
3.199999999999971,2.3035222410064113e-20,44,1.7600000000000002
3.2499999999999716,3.787187996489069e-21,44,1.7600000000000002
3.2999999999999705,5.858758631734732e-22,44,1.7600000000000002
3.3499999999999694,8.513321444442375e-23,44,1.7600000000000002
3.39999999999997,1.16002674412071e-23,44,1.7600000000000002
3.449999999999971,1.4798572804039516e-24,44,1.7600000000000002
3.49999999999997,1.764830993902363e-25,44,1.7600000000000002
3.5499999999999687,1.9647679124218308e-26,44,1.7600000000000002
3.5999999999999694,2.0393162458175536e-27,44,1.7600000000000002
3.64999999999997,1.9711117501123317e-28,44,1.7600000000000002
3.699999999999969,1.7722579485954699e-29,44,1.7600000000000002
3.749999999999968,1.4808584133726176e-30,44,1.7600000000000002
3.7999999999999687,1.1489394021863685e-31,44,1.7600000000000002
3.8499999999999694,8.270757500909706e-33,44,1.7600000000000002
3.8999999999999684,5.520318672732101e-34,44,1.7600000000000002
3.9499999999999673,3.4142486307949487e-35,44,1.7600000000000002
3.999999999999968,1.955742845409077e-36,44,1.7600000000000002
4.049999999999969,1.0370895600476049e-37,44,1.7600000000000002
4.099999999999968,5.0890497055401405e-39,44,1.7600000000000002
4.149999999999967,2.3100631574049333e-40,44,1.7600000000000002
4.199999999999967,9.697251475647488e-42,44,1.7600000000000002
4.249999999999968,3.763566999351179e-43,44,1.7600000000000002
4.299999999999967,1.3501461554844961e-44,44,1.7600000000000002
4.349999999999966,4.4761992777845884e-46,44,1.7600000000000002
4.399999999999967,1.371243337810931e-47,44,1.7600000000000002
4.449999999999967,3.8809245501967074e-49,44,1.7600000000000002
4.499999999999966,1.0146568167438707e-50,44,1.7600000000000002
4.549999999999965,2.450313852242922e-52,44,1.7600000000000002
4.599999999999966,5.46518052268821e-54,44,1.7600000000000002
4.649999999999967,1.1257314677625888e-55,44,1.7600000000000002
4.6999999999999655,2.14133487744191e-57,44,1.7600000000000002
4.7499999999999645,3.761230365469927e-59,44,1.7600000000000002
4.799999999999965,6.1002887682628615e-61,44,1.7600000000000002
4.849999999999966,9.135419959981592e-63,44,1.7600000000000002
4.899999999999965,1.2631339408158594e-64,44,1.7600000000000002
4.949999999999964,1.6125023031417296e-66,44,1.7600000000000002
4.9999999999999645,1.9005133531532712e-68,44,1.7600000000000002
-5.0,9.607005505741482e-69,45,1.8000000000000003
-4.95,6.315680045032414e-65,45,1.8000000000000003
-4.9,4.56851612876732e-63,45,1.8000000000000003
-4.8500000000000005,3.0507759510825264e-61,45,1.8000000000000003
-4.800000000000001,1.8810719537275056e-59,45,1.8000000000000003
-4.750000000000001,1.0709724531563222e-57,45,1.8000000000000003
-4.700000000000001,5.6305379539799865e-56,45,1.8000000000000003
-4.650000000000001,2.7336609287753634e-54,45,1.8000000000000003
-4.600000000000001,1.2257197918520655e-52,45,1.8000000000000003
-4.550000000000002,5.0760166739674106e-51,45,1.8000000000000003
-4.500000000000002,1.9416874320195016e-49,45,1.8000000000000003
-4.450000000000002,6.861289973121189e-48,45,1.8000000000000003
-4.400000000000002,2.240040101161907e-46,45,1.8000000000000003
-4.350000000000002,6.757586994095366e-45,45,1.8000000000000003
-4.3000000000000025,1.8840215993100823e-43,45,1.8000000000000003
-4.250000000000003,4.8553764685900926e-42,45,1.8000000000000003
-4.200000000000003,1.1569133621995678e-40,45,1.8000000000000003
-4.150000000000003,2.5493734785023612e-39,45,1.8000000000000003
-4.100000000000003,5.196998116014057e-38,45,1.8000000000000003
-4.050000000000003,9.804159475552892e-37,45,1.8000000000000003
-4.0000000000000036,1.7123097631942787e-35,45,1.8000000000000003
-3.9500000000000037,2.7699380505876916e-34,45,1.8000000000000003
-3.900000000000004,4.1524499936009495e-33,45,1.8000000000000003
-3.850000000000004,5.772298604284861e-32,45,1.8000000000000003
-3.8000000000000043,7.445645854354304e-31,45,1.8000000000000003
-3.7500000000000044,8.918736713071166e-30,45,1.8000000000000003
-3.7000000000000046,9.929601671213511e-29,45,1.8000000000000003
-3.650000000000005,1.0285194126500457e-27,45,1.8000000000000003
-3.600000000000005,9.922395149596842e-27,45,1.8000000000000003
-3.550000000000005,8.926120781773633e-26,45,1.8000000000000003
-3.5000000000000053,7.497524797538236e-25,45,1.8000000000000003
-3.4500000000000055,5.888375269824831e-24,45,1.8000000000000003
-3.4000000000000057,4.330653584212939e-23,45,1.8000000000000003
-3.350000000000006,2.9873806455560724e-22,45,1.8000000000000003
-3.300000000000006,1.9361605815826143e-21,45,1.8000000000000003
-3.250000000000006,1.1810548486337716e-20,45,1.8000000000000003
-3.2000000000000064,6.793028765702897e-20,45,1.8000000000000003
-3.1500000000000066,3.6908243565312296e-19,45,1.8000000000000003
-3.1000000000000068,1.8978369345364414e-18,45,1.8000000000000003
-3.050000000000007,9.252914013409123e-18,45,1.8000000000000003
-3.000000000000007,4.285315797026051e-17,45,1.8000000000000003
-2.9500000000000073,1.888675816584641e-16,45,1.8000000000000003
-2.9000000000000075,7.935357710792508e-16,45,1.8000000000000003
-2.8500000000000076,3.1838100525949808e-15,45,1.8000000000000003
-2.800000000000008,1.2218117547001643e-14,45,1.8000000000000003
-2.750000000000008,4.491661631312183e-14,45,1.8000000000000003
-2.700000000000008,1.5841130614055753e-13,45,1.8000000000000003
-2.6500000000000083,5.367023366392053e-13,45,1.8000000000000003
-2.6000000000000085,1.7490501335538198e-12,45,1.8000000000000003
-2.5500000000000087,5.489199481951615e-12,45,1.8000000000000003
-2.500000000000009,1.6608713700165212e-11,45,1.8000000000000003
-2.450000000000009,4.849914630571294e-11,45,1.8000000000000003
-2.4000000000000092,1.3681250376430488e-10,45,1.8000000000000003
-2.3500000000000094,3.731712012472835e-10,45,1.8000000000000003
-2.3000000000000096,9.85043190161237e-10,45,1.8000000000000003
-2.2500000000000098,2.518377840223423e-09,45,1.8000000000000003
-2.20000000000001,6.240797260932332e-09,45,1.8000000000000003
-2.15000000000001,1.5001370305521838e-08,45,1.8000000000000003
-2.1000000000000103,3.500225369350279e-08,45,1.8000000000000003
-2.0500000000000105,7.93274077904884e-08,45,1.8000000000000003
-2.0000000000000107,1.7473787347332649e-07,45,1.8000000000000003
-1.9500000000000108,3.7432495526346537e-07,45,1.8000000000000003
-1.900000000000011,7.802927635798415e-07,45,1.8000000000000003
-1.8500000000000112,1.5836195667719663e-06,45,1.8000000000000003
-1.8000000000000114,3.130795549638653e-06,45,1.8000000000000003
-1.7500000000000115,6.032322853371122e-06,45,1.8000000000000003
-1.7000000000000117,1.133301693180365e-05,45,1.8000000000000003
-1.650000000000012,2.076983919250334e-05,45,1.8000000000000003
-1.600000000000012,3.7147855059628295e-05,45,1.8000000000000003
-1.5500000000000123,6.48672792857024e-05,45,1.8000000000000003
-1.5000000000000124,0.00011063179408755262,45,1.8000000000000003
-1.4500000000000126,0.00018435791034792105,45,1.8000000000000003
-1.4000000000000128,0.00030028387782242845,45,1.8000000000000003
-1.350000000000013,0.00047824381482617875,45,1.8000000000000003
-1.3000000000000131,0.0007450282261215192,45,1.8000000000000003
-1.2500000000000133,0.0011357013834767111,45,1.8000000000000003
-1.2000000000000135,0.0016946975551541054,45,1.8000000000000003
-1.1500000000000137,0.0024764830384097513,45,1.8000000000000003
-1.1000000000000139,0.0035455689812142633,45,1.8000000000000003
-1.050000000000014,0.004975689273069821,45,1.8000000000000003
-1.0000000000000142,0.006848051938509098,45,1.8000000000000003
-0.9500000000000144,0.009248668412779411,45,1.8000000000000003
-0.9000000000000146,0.012264946249268053,45,1.8000000000000003
-0.8500000000000147,0.01598178946024281,45,1.8000000000000003
-0.8000000000000149,0.02047765733831878,45,1.8000000000000003
-0.7500000000000151,0.025820874641504822,45,1.8000000000000003
-0.7000000000000153,0.03206673000448162,45,1.8000000000000003
-0.6500000000000155,0.03925536492702051,45,1.8000000000000003
-0.6000000000000156,0.04741095108384059,45,1.8000000000000003
-0.5500000000000158,0.05654160502524037,45,1.8000000000000003
-0.500000000000016,0.06664063248511151,45,1.8000000000000003
-0.45000000000001616,0.07768789739202606,45,1.8000000000000003
-0.40000000000001634,0.08965235556101497,45,1.8000000000000003
-0.3500000000000165,0.10249385064127352,45,1.8000000000000003
-0.3000000000000167,0.11616602730371714,45,1.8000000000000003
-0.2500000000000169,0.13061768318983932,45,1.8000000000000003
-0.20000000000001705,0.1457954268118142,45,1.8000000000000003
-0.15000000000001723,0.1616441402824919,45,1.8000000000000003
-0.10000000000001741,0.1781090322108659,45,1.8000000000000003
-0.050000000000017586,0.19513513565941515,45,1.8000000000000003
-1.7763568394002505e-14,0.21266843658331316,45,1.8000000000000003
0.04999999999998206,0.23065447409009088,45,1.8000000000000003
0.09999999999998188,0.24903785235616432,45,1.8000000000000003
0.1499999999999817,0.2677597653690497,45,1.8000000000000003
0.19999999999998153,0.28675416075498084,45,1.8000000000000003
0.24999999999998135,0.3059428993537611,45,1.8000000000000003
0.29999999999998117,0.32522430533486557,45,1.8000000000000003
0.349999999999981,0.3444612366604274,45,1.8000000000000003
0.3999999999999808,0.3634514107703255,45,1.8000000000000003
0.44999999999998064,0.3818942544901229,45,1.8000000000000003
0.49999999999998046,0.39931749178692133,45,1.8000000000000003
0.5499999999999803,0.41498877932865347,45,1.8000000000000003
0.5999999999999801,0.42775322444125474,45,1.8000000000000003
0.6499999999999799,0.4358587181311924,45,1.8000000000000003
0.6999999999999797,0.43675365601354604,45,1.8000000000000003
0.7499999999999796,0.4271189969246817,45,1.8000000000000003
0.7999999999999794,0.4034098667647171,45,1.8000000000000003
0.8499999999999792,0.36337241453951574,45,1.8000000000000003
0.899999999999979,0.30817978277924185,45,1.8000000000000003
0.9499999999999789,0.2436830264919625,45,1.8000000000000003
0.9999999999999787,0.17892339533210028,45,1.8000000000000003
1.0499999999999785,0.12231278881076656,45,1.8000000000000003
1.0999999999999783,0.07846266417530798,45,1.8000000000000003
1.1499999999999782,0.04770617851740945,45,1.8000000000000003
1.199999999999978,0.027759941661431378,45,1.8000000000000003
1.2499999999999778,0.015577587683409083,45,1.8000000000000003
1.2999999999999776,0.008478245673080684,45,1.8000000000000003
1.3499999999999774,0.004492101714118313,45,1.8000000000000003
1.3999999999999773,0.002323636368115371,45,1.8000000000000003
1.449999999999977,0.0011756281786534026,45,1.8000000000000003
1.499999999999977,0.0005828714453410416,45,1.8000000000000003
1.5499999999999767,0.00028360490713536044,45,1.8000000000000003
1.5999999999999766,0.00013566736407365289,45,1.8000000000000003
1.6499999999999764,6.390312769086293e-05,45,1.8000000000000003
1.6999999999999762,2.9689731023387758e-05,45,1.8000000000000003
1.749999999999976,1.3623916099998945e-05,45,1.8000000000000003
1.7999999999999758,6.181509671184624e-06,45,1.8000000000000003
1.8499999999999757,2.7745308046743164e-06,45,1.8000000000000003
1.8999999999999755,1.2318033637086706e-06,45,1.8000000000000003
1.9499999999999753,5.405103650711068e-07,45,1.8000000000000003
1.9999999999999751,2.3408247173917686e-07,45,1.8000000000000003
2.049999999999975,9.987070285416069e-08,45,1.8000000000000003
2.0999999999999748,4.188693591776338e-08,45,1.8000000000000003
2.1499999999999746,1.7231395771343143e-08,45,1.8000000000000003
2.1999999999999744,6.937367319949988e-09,45,1.8000000000000003
2.2499999999999742,2.727632808482899e-09,45,1.8000000000000003
2.299999999999974,1.045301471884846e-09,45,1.8000000000000003
2.349999999999974,3.897421596009291e-10,45,1.8000000000000003
2.3999999999999737,1.4114586400704385e-10,45,1.8000000000000003
2.4499999999999735,4.957166322038846e-11,45,1.8000000000000003
2.4999999999999734,1.685866636677042e-11,45,1.8000000000000003
2.549999999999973,5.5437464816921735e-12,45,1.8000000000000003
2.599999999999973,1.7601298121618867e-12,45,1.8000000000000003
2.649999999999973,5.387834337065689e-13,45,1.8000000000000003
2.6999999999999726,1.5877024160207474e-13,45,1.8000000000000003
2.7499999999999725,4.497304050877695e-14,45,1.8000000000000003
2.7999999999999723,1.222613938352655e-14,45,1.8000000000000003
2.849999999999972,3.1848333914479655e-15,45,1.8000000000000003
2.899999999999972,7.936520039053154e-16,45,1.8000000000000003
2.9499999999999718,1.8887924974703672e-16,45,1.8000000000000003
2.9999999999999716,4.285418625472261e-17,45,1.8000000000000003
3.0499999999999723,9.252993101269851e-18,45,1.8000000000000003
3.0999999999999712,1.8978422168097076e-18,45,1.8000000000000003
3.14999999999997,3.690827407668593e-19,45,1.8000000000000003
3.199999999999971,6.793030284844373e-20,45,1.8000000000000003
3.2499999999999716,1.1810549136618792e-20,45,1.8000000000000003
3.2999999999999705,1.9361606054667464e-21,45,1.8000000000000003
3.3499999999999694,2.9873806530734016e-22,45,1.8000000000000003
3.39999999999997,4.330653586241385e-23,45,1.8000000000000003
3.449999999999971,5.8883752702986686e-24,45,1.8000000000000003
3.49999999999997,7.497524797640849e-25,45,1.8000000000000003
3.5499999999999687,8.926120781802692e-26,45,1.8000000000000003
3.5999999999999694,9.92239514961477e-27,45,1.8000000000000003
3.64999999999997,1.0285194126517542e-27,45,1.8000000000000003
3.699999999999969,9.929601671230289e-29,45,1.8000000000000003
3.749999999999968,8.918736713086667e-30,45,1.8000000000000003
3.7999999999999687,7.445645854367637e-31,45,1.8000000000000003
3.8499999999999694,5.772298604295503e-32,45,1.8000000000000003
3.8999999999999684,4.152449993608828e-33,45,1.8000000000000003
3.9499999999999673,2.769938050593096e-34,45,1.8000000000000003
3.999999999999968,1.7123097631977124e-35,45,1.8000000000000003
4.049999999999969,9.804159475573086e-37,45,1.8000000000000003
4.099999999999968,5.196998116025049e-38,45,1.8000000000000003
4.149999999999967,2.549373478507894e-39,45,1.8000000000000003
4.199999999999967,1.1569133622021422e-40,45,1.8000000000000003
4.249999999999968,4.8553764686011665e-42,45,1.8000000000000003
4.299999999999967,1.884021599314482e-43,45,1.8000000000000003
4.349999999999966,6.757586994111536e-45,45,1.8000000000000003
4.399999999999967,2.2400401011673926e-46,45,1.8000000000000003
4.449999999999967,6.861289973138375e-48,45,1.8000000000000003
4.499999999999966,1.941687432024475e-49,45,1.8000000000000003
4.549999999999965,5.0760166739806973e-51,45,1.8000000000000003
4.599999999999966,1.2257197918553422e-52,45,1.8000000000000003
4.649999999999967,2.733660928782826e-54,45,1.8000000000000003
4.6999999999999655,5.630537953995679e-56,45,1.8000000000000003
4.7499999999999645,1.0709724531593681e-57,45,1.8000000000000003
4.799999999999965,1.8810719537329626e-59,45,1.8000000000000003
4.849999999999966,3.0507759511018386e-61,45,1.8000000000000003
4.899999999999965,4.5685162311423666e-63,45,1.8000000000000003
4.949999999999964,6.3166199607558736e-65,45,1.8000000000000003
4.9999999999999645,8.063555903108399e-67,45,1.8000000000000003
-5.0,4.079812979082907e-67,46,1.8400000000000003
-4.95,2.284262867886413e-63,46,1.8400000000000003
-4.9,1.5257037595435148e-61,46,1.8400000000000003
-4.8500000000000005,9.407644026701911e-60,46,1.8400000000000003
-4.800000000000001,5.356387653757152e-58,46,1.8400000000000003
-4.750000000000001,2.816209512966857e-56,46,1.8400000000000003
-4.700000000000001,1.3673659506142598e-54,46,1.8400000000000003
-4.650000000000001,6.131414228237317e-53,46,1.8400000000000003
-4.600000000000001,2.539375167448093e-51,46,1.8400000000000003
-4.550000000000002,9.714565759056768e-50,46,1.8400000000000003
-4.500000000000002,3.4331829948975783e-48,46,1.8400000000000003
-4.450000000000002,1.1209908942969633e-46,46,1.8400000000000003
-4.400000000000002,3.382224142034244e-45,46,1.8400000000000003
-4.350000000000002,9.431308197056222e-44,46,1.8400000000000003
-4.3000000000000025,2.431067027792094e-42,46,1.8400000000000003
-4.250000000000003,5.79398691899439e-41,46,1.8400000000000003
-4.200000000000003,1.2771144274854756e-39,46,1.8400000000000003
-4.150000000000003,2.6042836248180266e-38,46,1.8400000000000003
-4.100000000000003,4.914826605168958e-37,46,1.8400000000000003
-4.050000000000003,8.587533806551464e-36,46,1.8400000000000003
-4.0000000000000036,1.3898711050316222e-34,46,1.8400000000000003
-3.9500000000000037,2.084786545616446e-33,46,1.8400000000000003
-3.900000000000004,2.8999989923953687e-32,46,1.8400000000000003
-3.850000000000004,3.743585177145157e-31,46,1.8400000000000003
-3.8000000000000043,4.488229849557007e-30,46,1.8400000000000003
-3.7500000000000044,5.0020290648785266e-29,46,1.8400000000000003
-3.7000000000000046,5.187190746815584e-28,46,1.8400000000000003
-3.650000000000005,5.010845583154489e-27,46,1.8400000000000003
-3.600000000000005,4.5144863615193187e-26,46,1.8400000000000003
-3.550000000000005,3.7983743745171023e-25,46,1.8400000000000003
-3.5000000000000053,2.9888182388212836e-24,46,1.8400000000000003
-3.4500000000000055,2.2028144160941607e-23,46,1.8400000000000003
-3.4000000000000057,1.5231321991271605e-22,46,1.8400000000000003
-3.350000000000006,9.89733558712372e-22,46,1.8400000000000003
-3.300000000000006,6.054643275446661e-21,46,1.8400000000000003
-3.250000000000006,3.493322411930579e-20,46,1.8400000000000003
-3.2000000000000064,1.9044649206973033e-19,46,1.8400000000000003
-3.1500000000000066,9.828836110967351e-19,46,1.8400000000000003
-3.1000000000000068,4.810998224531123e-18,46,1.8400000000000003
-3.050000000000007,2.2375497452398475e-17,46,1.8400000000000003
-3.000000000000007,9.906024783593661e-17,46,1.8400000000000003
-2.9500000000000073,4.181944645247555e-16,46,1.8400000000000003
-2.9000000000000075,1.6863388171267204e-15,46,1.8400000000000003
-2.8500000000000076,6.505826659040417e-15,46,1.8400000000000003
-2.800000000000008,2.4050213182858004e-14,46,1.8400000000000003
-2.750000000000008,8.53147118437746e-14,46,1.8400000000000003
-2.700000000000008,2.908094764761064e-13,46,1.8400000000000003
-2.6500000000000083,9.537307198465818e-13,46,1.8400000000000003
-2.6000000000000085,3.012950909289441e-12,46,1.8400000000000003
-2.5500000000000087,9.178881916804958e-12,46,1.8400000000000003
-2.500000000000009,2.699417289336787e-11,46,1.8400000000000003
-2.450000000000009,7.671060872854668e-11,46,1.8400000000000003
-2.4000000000000092,2.108351737491173e-10,46,1.8400000000000003
-2.3500000000000094,5.609278467724525e-10,46,1.8400000000000003
-2.3000000000000096,1.4457745194947593e-09,46,1.8400000000000003
-2.2500000000000098,3.612920217951336e-09,46,1.8400000000000003
-2.20000000000001,8.759874029132853e-09,46,1.8400000000000003
-2.15000000000001,2.0621525239975517e-08,46,1.8400000000000003
-2.1000000000000103,4.716438783444582e-08,46,1.8400000000000003
-2.0500000000000105,1.048700577217813e-07,46,1.8400000000000003
-2.0000000000000107,2.2682615476170997e-07,46,1.8400000000000003
-1.9500000000000108,4.775152028618894e-07,46,1.8400000000000003
-1.900000000000011,9.789717874713638e-07,46,1.8400000000000003
-1.8500000000000112,1.955542318004452e-06,46,1.8400000000000003
-1.8000000000000114,3.807964433857929e-06,46,1.8400000000000003
-1.7500000000000115,7.231882513642751e-06,46,1.8400000000000003
-1.7000000000000117,1.3401002023477015e-05,46,1.8400000000000003
-1.650000000000012,2.424018569054342e-05,46,1.8400000000000003
-1.600000000000012,4.28178039635625e-05,46,1.8400000000000003
-1.5500000000000123,7.388765268744496e-05,46,1.8400000000000003
-1.5000000000000124,0.00012460663880177453,46,1.8400000000000003
-1.4500000000000126,0.00020544224975230712,46,1.8400000000000003
-1.4000000000000128,0.00033126191672558754,46,1.8400000000000003
-1.350000000000013,0.0005225630726418863,46,1.8400000000000003
-1.3000000000000131,0.0008067603790542426,46,1.8400000000000003
-1.2500000000000133,0.0012193995040886668,46,1.8400000000000003
-1.2000000000000135,0.0018051235808218113,46,1.8400000000000003
-1.1500000000000137,0.0026181934562647634,46,1.8400000000000003
-1.1000000000000139,0.0037223612526392645,46,1.8400000000000003
-1.050000000000014,0.005189945508671287,46,1.8400000000000003
-1.0000000000000142,0.007100022766191136,46,1.8400000000000003
-0.9500000000000144,0.009535792475659593,46,1.8400000000000003
-0.9000000000000146,0.012581252991122715,46,1.8400000000000003
-0.8500000000000147,0.016317520685079783,46,1.8400000000000003
-0.8000000000000149,0.020819072056293658,46,1.8400000000000003
-0.7500000000000151,0.026150405526777255,46,1.8400000000000003
-0.7000000000000153,0.03236326656260242,46,1.8400000000000003
-0.6500000000000155,0.0394949359222623,46,1.8400000000000003
-0.6000000000000156,0.04756729109147509,46,1.8400000000000003
-0.5500000000000158,0.05658715666140777,46,1.8400000000000003
-0.500000000000016,0.06654705994816047,46,1.8400000000000003
-0.45000000000001616,0.07742717983113866,46,1.8400000000000003
-0.40000000000001634,0.08919695801303344,46,1.8400000000000003
-0.3500000000000165,0.1018177912239882,46,1.8400000000000003
-0.3000000000000167,0.1152445689670353,46,1.8400000000000003
-0.2500000000000169,0.12942837494182344,46,1.8400000000000003
-0.20000000000001705,0.14431734195100868,46,1.8400000000000003
-0.15000000000001723,0.1598589253361696,46,1.8400000000000003
-0.10000000000001741,0.17599985935472304,46,1.8400000000000003
-0.050000000000017586,0.19268772708434964,46,1.8400000000000003
-1.7763568394002505e-14,0.2098700518249614,46,1.8400000000000003
0.04999999999998206,0.22749474687226276,46,1.8400000000000003
0.09999999999998188,0.24550835862302786,46,1.8400000000000003
0.1499999999999817,0.263854387194748,46,1.8400000000000003
0.19999999999998153,0.28247017921850603,46,1.8400000000000003
0.24999999999998135,0.3012806530308727,46,1.8400000000000003
0.29999999999998117,0.3201915708277652,46,1.8400000000000003
0.349999999999981,0.33907264221051675,46,1.8400000000000003
0.3999999999999808,0.357739809965088,46,1.8400000000000003
0.44999999999998064,0.3759129450274118,46,1.8400000000000003
0.49999999999998046,0.3931670238381644,46,1.8400000000000003
0.5499999999999803,0.4088316857595095,46,1.8400000000000003
0.5999999999999801,0.42187232168946687,46,1.8400000000000003
0.6499999999999799,0.43069725322313873,46,1.8400000000000003
0.6999999999999797,0.4329972944553411,46,1.8400000000000003
0.7499999999999796,0.425684608476746,46,1.8400000000000003
0.7999999999999794,0.4053239309092324,46,1.8400000000000003
0.8499999999999792,0.36934777318983264,46,1.8400000000000003
0.899999999999979,0.31805933936533815,46,1.8400000000000003
0.9499999999999789,0.2561438284790098,46,1.8400000000000003
0.9999999999999787,0.1918821074700876,46,1.8400000000000003
1.0499999999999785,0.1338644680992401,46,1.8400000000000003
1.0999999999999783,0.08754639143167445,46,1.8400000000000003
1.1499999999999782,0.0541884579800579,46,1.8400000000000003
1.199999999999978,0.03204852674654939,46,1.8400000000000003
1.2499999999999778,0.018258840409526623,46,1.8400000000000003
1.2999999999999776,0.01007934115080856,46,1.8400000000000003
1.3499999999999774,0.005414237293342405,46,1.8400000000000003
1.3999999999999773,0.002837624321624966,46,1.8400000000000003
1.449999999999977,0.0014542658160980931,46,1.8400000000000003
1.499999999999977,0.0007298768768686,46,1.8400000000000003
1.5499999999999767,0.0003593336714049711,46,1.8400000000000003
1.5999999999999766,0.00017376928703983618,46,1.8400000000000003
1.6499999999999764,8.268205237922961e-05,46,1.8400000000000003
1.6999999999999762,3.87643014951587e-05,46,1.8400000000000003
1.749999999999976,1.7935789001099478e-05,46,1.8400000000000003
1.7999999999999758,8.199259034950374e-06,46,1.8400000000000003
1.8499999999999757,3.706663856191105e-06,46,1.8400000000000003
1.8999999999999755,1.6575220660466578e-06,46,1.8400000000000003
1.9499999999999753,7.329432102329084e-07,46,1.8400000000000003
1.9999999999999751,3.2019059039809324e-07,46,1.8400000000000003
2.049999999999975,1.3798471443648775e-07,46,1.8400000000000003
2.0999999999999748,5.8551051248199175e-08,46,1.8400000000000003
2.1499999999999746,2.441215196013435e-08,46,1.8400000000000003
2.1999999999999744,9.979514347809224e-09,46,1.8400000000000003
2.2499999999999742,3.991334405324299e-09,46,1.8400000000000003
2.299999999999974,1.5586874854995304e-09,46,1.8400000000000003
2.349999999999974,5.932236681604915e-10,46,1.8400000000000003
2.3999999999999737,2.196569114405471e-10,46,1.8400000000000003
2.4499999999999735,7.900226519083471e-11,46,1.8400000000000003
2.4999999999999734,2.755770485152564e-11,46,1.8400000000000003
2.549999999999973,9.309398089522377e-12,46,1.8400000000000003
2.599999999999973,3.04126495770546e-12,46,1.8400000000000003
2.649999999999973,9.594500268825951e-13,46,1.8400000000000003
2.6999999999999726,2.918782371077306e-13,46,1.8400000000000003
2.7499999999999725,8.549819049280566e-14,46,1.8400000000000003
2.7999999999999723,2.407893695011286e-14,46,1.8400000000000003
2.849999999999972,6.509895693715963e-15,46,1.8400000000000003
2.899999999999972,1.6868563205975032e-15,46,1.8400000000000003
2.9499999999999718,4.1825309508001917e-16,46,1.8400000000000003
2.9999999999999716,9.90661214241533e-17,46,1.8400000000000003
3.0499999999999723,2.2376014235766157e-17,46,1.8400000000000003
3.0999999999999712,4.811037921018355e-18,46,1.8400000000000003
3.14999999999997,9.828862598290757e-19,46,1.8400000000000003
3.199999999999971,1.9044664495173905e-19,46,1.8400000000000003
3.2499999999999716,3.4933231726955236e-20,46,1.8400000000000003
3.2999999999999705,6.054643600963067e-21,46,1.8400000000000003
3.3499999999999694,9.897335706645801e-22,46,1.8400000000000003
3.39999999999997,1.5231322028881941e-22,46,1.8400000000000003
3.449999999999971,2.2028144171088968e-23,46,1.8400000000000003
3.49999999999997,2.9888182390583478e-24,46,1.8400000000000003
3.5499999999999687,3.7983743745684985e-25,46,1.8400000000000003
3.5999999999999694,4.514486361533934e-26,46,1.8400000000000003
3.64999999999997,5.010845583163537e-27,46,1.8400000000000003
3.699999999999969,5.187190746824205e-28,46,1.8400000000000003
3.749999999999968,5.0020290648869826e-29,46,1.8400000000000003
3.7999999999999687,4.488229849564811e-30,46,1.8400000000000003
3.8499999999999694,3.7435851771518627e-31,46,1.8400000000000003
3.8999999999999684,2.899998992400717e-32,46,1.8400000000000003
3.9499999999999673,2.0847865456204022e-33,46,1.8400000000000003
3.999999999999968,1.3898711050343345e-34,46,1.8400000000000003
4.049999999999969,8.587533806568687e-36,46,1.8400000000000003
4.099999999999968,4.914826605179083e-37,46,1.8400000000000003
4.149999999999967,2.604283624823535e-38,46,1.8400000000000003
4.199999999999967,1.2771144274882476e-39,46,1.8400000000000003
4.249999999999968,5.793986919007283e-41,46,1.8400000000000003
4.299999999999967,2.431067027797639e-42,46,1.8400000000000003
4.349999999999966,9.431308197078246e-44,46,1.8400000000000003
4.399999999999967,3.382224142042337e-45,46,1.8400000000000003
4.449999999999967,1.1209908942997085e-46,46,1.8400000000000003
4.499999999999966,3.433182994906178e-48,46,1.8400000000000003
4.549999999999965,9.714565759081652e-50,46,1.8400000000000003
4.599999999999966,2.5393751674547402e-51,46,1.8400000000000003
4.649999999999967,6.131414228253709e-53,46,1.8400000000000003
4.6999999999999655,1.3673659506179925e-54,46,1.8400000000000003
4.7499999999999645,2.816209512974706e-56,46,1.8400000000000003
4.799999999999965,5.356387653772391e-58,46,1.8400000000000003
4.849999999999966,9.407644026780384e-60,46,1.8400000000000003
4.899999999999965,1.525703806548957e-61,46,1.8400000000000003
4.949999999999964,2.2846612933663389e-63,46,1.8400000000000003
4.9999999999999645,3.158790330653224e-65,46,1.8400000000000003
-5.0,1.5997942302220264e-65,47,1.8800000000000003
-4.95,7.628539196782469e-62,47,1.8800000000000003
-4.9,4.7049641447848985e-60,47,1.8800000000000003
-4.8500000000000005,2.678956678758348e-58,47,1.8800000000000003
-4.800000000000001,1.4085751386847635e-56,47,1.8800000000000003
-4.750000000000001,6.839507946898178e-55,47,1.8800000000000003
-4.700000000000001,3.067115218875142e-53,47,1.8800000000000003
-4.650000000000001,1.2703712666993537e-51,47,1.8800000000000003
-4.600000000000001,4.860348586642502e-50,47,1.8800000000000003
-4.550000000000002,1.7178611850325132e-48,47,1.8800000000000003
-4.500000000000002,5.609811754364345e-47,47,1.8800000000000003
-4.450000000000002,1.6928286625145707e-45,47,1.8800000000000003
-4.400000000000002,4.721259052999595e-44,47,1.8800000000000003
-4.350000000000002,1.2172246259670642e-42,47,1.8800000000000003
-4.3000000000000025,2.901709113595723e-41,47,1.8800000000000003
-4.250000000000003,6.397727472566339e-40,47,1.8800000000000003
-4.200000000000003,1.3050388058685105e-38,47,1.8800000000000003
-4.150000000000003,2.4637988747219065e-37,47,1.8800000000000003
-4.100000000000003,4.3067883213998216e-36,47,1.8800000000000003
-4.050000000000003,6.973929658183956e-35,47,1.8800000000000003
-4.0000000000000036,1.0466870397114988e-33,47,1.8800000000000003
-3.9500000000000037,1.4569488517228425e-32,47,1.8800000000000003
-3.900000000000004,1.8822165213006608e-31,47,1.8800000000000003
-3.850000000000004,2.2586149197404805e-30,47,1.8800000000000003
-3.8000000000000043,2.519732458324989e-29,47,1.8800000000000003
-3.7500000000000044,2.616036522655577e-28,47,1.8800000000000003
-3.7000000000000046,2.530432936901637e-27,47,1.8800000000000003
-3.650000000000005,2.2831791344937373e-26,47,1.8800000000000003
-3.600000000000005,1.9242414151743236e-25,47,1.8800000000000003
-3.550000000000005,1.5169815512182384e-24,47,1.8800000000000003
-3.5000000000000053,1.1203990799196659e-23,47,1.8800000000000003
-3.4500000000000055,7.765101907576866e-23,47,1.8800000000000003
-3.4000000000000057,5.058808514366567e-22,47,1.8800000000000003
-3.350000000000006,3.103478247679689e-21,47,1.8800000000000003
-3.300000000000006,1.7961478839009082e-20,47,1.8800000000000003
-3.250000000000006,9.82505676725885e-20,47,1.8800000000000003
-3.2000000000000064,5.089084176080205e-19,47,1.8800000000000003
-3.1500000000000066,2.500722358300427e-18,47,1.8800000000000003
-3.1000000000000068,1.1679190531747605e-17,47,1.8800000000000003
-3.050000000000007,5.1935623030233867e-17,47,1.8800000000000003
-3.000000000000007,2.2028498098857696e-16,47,1.8800000000000003
-2.9500000000000073,8.926995324813278e-16,47,1.8800000000000003
-2.9000000000000075,3.462010561782578e-15,47,1.8800000000000003
-2.8500000000000076,1.2868275999992246e-14,47,1.8800000000000003
-2.800000000000008,4.591026925140606e-14,47,1.8800000000000003
-2.750000000000008,1.574298448294654e-13,47,1.8800000000000003
-2.700000000000008,5.195227158449978e-13,47,1.8800000000000003
-2.6500000000000083,1.651880192880975e-12,47,1.8800000000000003
-2.6000000000000085,5.066306318309101e-12,47,1.8800000000000003
-2.5500000000000087,1.5003561901184734e-11,47,1.8800000000000003
-2.500000000000009,4.294474532151576e-11,47,1.8800000000000003
-2.450000000000009,1.1891467331249801e-10,47,1.8800000000000003
-2.4000000000000092,3.1881922768874846e-10,47,1.8800000000000003
-2.3500000000000094,8.283048462127758e-10,47,1.8800000000000003
-2.3000000000000096,2.086924029814184e-09,47,1.8800000000000003
-2.2500000000000098,5.10282425938478e-09,47,1.8800000000000003
-2.20000000000001,1.2117222646524605e-08,47,1.8800000000000003
-2.15000000000001,2.7962130502240517e-08,47,1.8800000000000003
-2.1000000000000103,6.274578936638208e-08,47,1.8800000000000003
-2.0500000000000105,1.369952614529529e-07,47,1.8800000000000003
-2.0000000000000107,2.9119258688722737e-07,47,1.8800000000000003
-1.9500000000000108,6.028987897294056e-07,47,1.8800000000000003
-1.900000000000011,1.216528041208173e-06,47,1.8800000000000003
-1.8500000000000112,2.3934654022231725e-06,47,1.8800000000000003
-1.8000000000000114,4.593702720627815e-06,47,1.8800000000000003
-1.7500000000000115,8.604450211415052e-06,47,1.8800000000000003
-1.7000000000000117,1.5735927044797564e-05,47,1.8800000000000003
-1.650000000000012,2.810907223802355e-05,47,1.8800000000000003
-1.600000000000012,4.906294482927072e-05,47,1.8800000000000003
-1.5500000000000123,8.370948269264907e-05,47,1.8800000000000003
-1.5000000000000124,0.00013965760179332333,47,1.8800000000000003
-1.4500000000000126,0.00022791543623507319,47,1.8800000000000003
-1.4000000000000128,0.0003639564880677156,47,1.8800000000000003
-1.350000000000013,0.0005689029223195672,47,1.8800000000000003
-1.3000000000000131,0.00087073851576814,47,1.8800000000000003
-1.2500000000000133,0.0013054204581714616,47,1.8800000000000003
-1.2000000000000135,0.001917722879811944,47,1.8800000000000003
-1.1500000000000137,0.0027616229162999153,47,1.8800000000000003
-1.1000000000000139,0.003900053362986315,47,1.8800000000000003
-1.050000000000014,0.005403881139418144,47,1.8800000000000003
-1.0000000000000142,0.007350069831414266,47,1.8800000000000003
-0.9500000000000144,0.009819062357947684,47,1.8800000000000003
-0.9000000000000146,0.012891590551735856,47,1.8800000000000003
-0.8500000000000147,0.016645133356816482,47,1.8800000000000003
-0.8000000000000149,0.021150446660347138,47,1.8800000000000003
-0.7500000000000151,0.026468379857184657,47,1.8800000000000003
-0.7000000000000153,0.03264746947366204,47,1.8800000000000003
-0.6500000000000155,0.039722225595202935,47,1.8800000000000003
-0.6000000000000156,0.047712595024731214,47,1.8800000000000003
-0.5500000000000158,0.056624002718625194,47,1.8800000000000003
-0.500000000000016,0.06644859587075706,47,1.8800000000000003
-0.45000000000001616,0.07716649175439,47,1.8800000000000003
-0.40000000000001634,0.0887481066409378,47,1.8800000000000003
-0.3500000000000165,0.10115572081851058,47,1.8800000000000003
-0.3000000000000167,0.1143461147568359,47,1.8800000000000003
-0.2500000000000169,0.12827171855674066,47,1.8800000000000003
-0.20000000000001705,0.14288301578508575,47,1.8800000000000003
-0.15000000000001723,0.15812890959185028,47,1.8800000000000003
-0.10000000000001741,0.17395858937840006,47,1.8800000000000003
-0.050000000000017586,0.1903210579578163,47,1.8800000000000003
-1.7763568394002505e-14,0.20716617704119777,47,1.8800000000000003
0.04999999999998206,0.22444342212384238,47,1.8800000000000003
0.09999999999998188,0.24210151147601716,47,1.8800000000000003
0.1499999999999817,0.26008625932197466,47,1.8800000000000003
0.19999999999998153,0.27833734126305176,47,1.8800000000000003
0.24999999999998135,0.2967842270468522,47,1.8800000000000003
0.29999999999998117,0.31533660265971236,47,1.8800000000000003
0.349999999999981,0.3338746644754855,47,1.8800000000000003
0.3999999999999808,0.3522247365102521,47,1.8800000000000003
0.44999999999998064,0.3701329095016457,47,1.8800000000000003
0.49999999999998046,0.3872057543851045,47,1.8800000000000003
0.5499999999999803,0.4028404833290354,47,1.8800000000000003
0.5999999999999801,0.4160931141607253,47,1.8800000000000003
0.6499999999999799,0.4255327278328071,47,1.8800000000000003
0.6999999999999797,0.42904947845793356,47,1.8800000000000003
0.7499999999999796,0.4238004462898734,47,1.8800000000000003
0.7999999999999794,0.4064741125000318,47,1.8800000000000003
0.8499999999999792,0.3743167842593247,47,1.8800000000000003
0.899999999999979,0.326907424172902,47,1.8800000000000003
0.9499999999999789,0.2678393234557835,47,1.8800000000000003
0.9999999999999787,0.20454214129880333,47,1.8800000000000003
1.0499999999999785,0.14554512395377187,47,1.8800000000000003
1.0999999999999783,0.09702312440789619,47,1.8800000000000003
1.1499999999999782,0.06112491160632866,47,1.8800000000000003
1.199999999999978,0.03674424993982345,47,1.8800000000000003
1.2499999999999778,0.021249036938396956,47,1.8800000000000003
1.2999999999999776,0.011897353108960902,47,1.8800000000000003
1.3499999999999774,0.006477190937465504,47,1.8800000000000003
1.3999999999999773,0.003439691370001199,47,1.8800000000000003
1.449999999999977,0.001785254477553841,47,1.8800000000000003
1.499999999999977,0.0009071968974268254,47,1.8800000000000003
1.5499999999999767,0.0004519235868522719,47,1.8800000000000003
1.5999999999999766,0.00022103231876522428,47,1.8800000000000003
1.6499999999999764,0.00010627253288630702,47,1.8800000000000003
1.6999999999999762,5.031022361601625e-05,47,1.8800000000000003
1.749999999999976,2.348206735369887e-05,47,1.8800000000000003
1.7999999999999758,1.082128801927932e-05,47,1.8800000000000003
1.8499999999999757,4.92840344659238e-06,47,1.8800000000000003
1.8999999999999755,2.2198061736422455e-06,47,1.8800000000000003
1.9499999999999753,9.888568571938527e-07,47,1.8800000000000003
1.9999999999999751,4.3546406596789167e-07,47,1.8800000000000003
2.049999999999975,1.8937084064190392e-07,47,1.8800000000000003
2.0999999999999748,8.11984368870767e-08,47,1.8800000000000003
2.1499999999999746,3.426528346373118e-08,47,1.8800000000000003
2.1999999999999744,1.4201743298733808e-08,47,1.8800000000000003
2.2499999999999742,5.769100936086618e-09,47,1.8800000000000003
2.299999999999974,2.2922790398581627e-09,47,1.8800000000000003
2.349999999999974,8.891721989462903e-10,47,1.8800000000000003
2.3999999999999737,3.361129667447977e-10,47,1.8800000000000003
2.4499999999999735,1.236073081555343e-10,47,1.8800000000000003
2.4999999999999734,4.4155831641409486e-11,47,1.8800000000000003
2.549999999999973,1.5299484904765586e-11,47,1.8800000000000003
2.599999999999973,5.134424058219635e-12,47,1.8800000000000003
2.649999999999973,1.6665715974084281e-12,47,1.8800000000000003
2.6999999999999726,5.224741086878831e-13,47,1.8800000000000003
2.7499999999999725,1.5797858702893866e-13,47,1.8800000000000003
2.7999999999999723,4.6004043093262264e-14,47,1.8800000000000003
2.849999999999972,1.2882896635355298e-14,47,1.8800000000000003
2.899999999999972,3.4640743943979992e-15,47,1.8800000000000003
2.9499999999999718,8.929612210108288e-16,47,1.8800000000000003
2.9999999999999716,2.2031455465789269e-16,47,1.8800000000000003
3.0499999999999723,5.193857967258583e-17,47,1.8800000000000003
3.0999999999999712,1.1679450247797616e-17,47,1.8800000000000003
3.14999999999997,2.500742282985047e-18,47,1.8800000000000003
3.199999999999971,5.089097457780155e-19,47,1.8800000000000003
3.2499999999999716,9.825064427635106e-20,47,1.8800000000000003
3.2999999999999705,1.7961482648809908e-20,47,1.8800000000000003
3.3499999999999694,3.103478410625943e-21,47,1.8800000000000003
3.39999999999997,5.058808574178345e-22,47,1.8800000000000003
3.449999999999971,7.765101926393888e-23,47,1.8800000000000003
3.49999999999997,1.1203990804272909e-23,47,1.8800000000000003
3.5499999999999687,1.5169815513368436e-24,47,1.8800000000000003
3.5999999999999694,1.924241415200067e-25,47,1.8800000000000003
3.64999999999997,2.2831791345010878e-26,47,1.8800000000000003
3.699999999999969,2.5304329369062035e-27,47,1.8800000000000003
3.749999999999968,2.6160365226599263e-28,47,1.8800000000000003
3.7999999999999687,2.5197324583292507e-29,47,1.8800000000000003
3.8499999999999694,2.258614919744409e-30,47,1.8800000000000003
3.8999999999999684,1.8822165213040333e-31,47,1.8800000000000003
3.9499999999999673,1.4569488517255301e-32,47,1.8800000000000003
3.999999999999968,1.0466870397134854e-33,47,1.8800000000000003
4.049999999999969,6.973929658197568e-35,47,1.8800000000000003
4.099999999999968,4.306788321408461e-36,47,1.8800000000000003
4.149999999999967,2.4637988747269827e-37,47,1.8800000000000003
4.199999999999967,1.305038805871271e-38,47,1.8800000000000003
4.249999999999968,6.397727472580226e-40,47,1.8800000000000003
4.299999999999967,2.901709113602181e-41,47,1.8800000000000003
4.349999999999966,1.2172246259698406e-42,47,1.8800000000000003
4.399999999999967,4.721259053010622e-44,47,1.8800000000000003
4.449999999999967,1.6928286625186216e-45,47,1.8800000000000003
4.499999999999966,5.609811754378083e-47,47,1.8800000000000003
4.549999999999965,1.7178611850368164e-48,47,1.8800000000000003
4.599999999999966,4.860348586654953e-50,47,1.8800000000000003
4.649999999999967,1.270371266702679e-51,47,1.8800000000000003
4.6999999999999655,3.067115218883342e-53,47,1.8800000000000003
4.7499999999999645,6.839507946916849e-55,47,1.8800000000000003
4.799999999999965,1.408575138688692e-56,47,1.8800000000000003
4.849999999999966,2.6789566787894702e-58,47,1.8800000000000003
4.899999999999965,4.7049643440368754e-60,47,1.8800000000000003
4.949999999999964,7.630098427910112e-62,47,1.8800000000000003
4.9999999999999645,1.1425346373321236e-63,47,1.8800000000000003
-5.0,5.7926628981717194e-64,48,1.9200000000000004
-4.95,2.3524900713636004e-60,48,1.9200000000000004
-4.9,1.3398597663390131e-58,48,1.9200000000000004
-4.8500000000000005,7.04522817549621e-57,48,1.9200000000000004
-4.800000000000001,3.421093451788468e-55,48,1.9200000000000004
-4.750000000000001,1.5342618970069133e-53,48,1.9200000000000004
-4.700000000000001,6.355276087470217e-52,48,1.9200000000000004
-4.650000000000001,2.4317078509306885e-50,48,1.9200000000000004
-4.600000000000001,8.595657781496062e-49,48,1.9200000000000004
-4.550000000000002,2.8073360514754937e-47,48,1.9200000000000004
-4.500000000000002,8.472732618498016e-46,48,1.9200000000000004
-4.450000000000002,2.36343443237698e-44,48,1.9200000000000004
-4.400000000000002,6.094587273147894e-43,48,1.9200000000000004
-4.350000000000002,1.4532151863243612e-41,48,1.9200000000000004
-4.3000000000000025,3.2049498594130046e-40,48,1.9200000000000004
-4.250000000000003,6.539702574910531e-39,48,1.9200000000000004
-4.200000000000003,1.2350983010972364e-37,48,1.9200000000000004
-4.150000000000003,2.1599193547292535e-36,48,1.9200000000000004
-4.100000000000003,3.4992838234655875e-35,48,1.9200000000000004
-4.050000000000003,5.254969140164493e-34,48,1.9200000000000004
-4.0000000000000036,7.319613906905132e-33,48,1.9200000000000004
-3.9500000000000037,9.463416958488879e-32,48,1.9200000000000004
-3.900000000000004,1.1365922041288544e-30,48,1.9200000000000004
-3.850000000000004,1.269277311768998e-29,48,1.9200000000000004
-3.8000000000000043,1.319311335926491e-28,48,1.9200000000000004
-3.7500000000000044,1.2778151307424435e-27,48,1.9200000000000004
-3.7000000000000046,1.1546697498601465e-26,48,1.9200000000000004
-3.650000000000005,9.7477287227167e-26,48,1.9200000000000004
-3.600000000000005,7.699066712815879e-25,48,1.9200000000000004
-3.550000000000005,5.6982074703570455e-24,48,1.9200000000000004
-3.5000000000000053,3.958400031349345e-23,48,1.9200000000000004
-3.4500000000000055,2.5854242111792667e-22,48,1.9200000000000004
-3.4000000000000057,1.5905646333777288e-21,48,1.9200000000000004
-3.350000000000006,9.23367984522287e-21,48,1.9200000000000004
-3.300000000000006,5.0677022960134095e-20,48,1.9200000000000004
-3.250000000000006,2.634349482235148e-19,48,1.9200000000000004
-3.2000000000000064,1.2994864629865076e-18,48,1.9200000000000004
-3.1500000000000066,6.094049474677813e-18,48,1.9200000000000004
-3.1000000000000068,2.7218172694267146e-17,48,1.9200000000000004
-3.050000000000007,1.1598208576016228e-16,48,1.9200000000000004
-3.000000000000007,4.723175777557806e-16,48,1.9200000000000004
-2.9500000000000073,1.841147771385575e-15,48,1.9200000000000004
-2.9000000000000075,6.8804877662367536e-15,48,1.9200000000000004
-2.8500000000000076,2.46861399065939e-14,48,1.9200000000000004
-2.800000000000008,8.514906041472391e-14,48,1.9200000000000004
-2.750000000000008,2.8271649254814835e-13,48,1.9200000000000004
-2.700000000000008,9.046550188546794e-13,48,1.9200000000000004
-2.6500000000000083,2.79291451707197e-12,48,1.9200000000000004
-2.6000000000000085,8.327721046988379e-12,48,1.9200000000000004
-2.5500000000000087,2.4005525819548713e-11,48,1.9200000000000004
-2.500000000000009,6.695911760405827e-11,48,1.9200000000000004
-2.450000000000009,1.8088198648517182e-10,48,1.9200000000000004
-2.4000000000000092,4.736097596282473e-10,48,1.9200000000000004
-2.3500000000000094,1.202871627900745e-09,48,1.9200000000000004
-2.3000000000000096,2.9655645477282325e-09,48,1.9200000000000004
-2.2500000000000098,7.102073309675028e-09,48,1.9200000000000004
-2.20000000000001,1.6532477229644263e-08,48,1.9200000000000004
-2.15000000000001,3.743150524841194e-08,48,1.9200000000000004
-2.1000000000000103,8.247869238043253e-08,48,1.9200000000000004
-2.0500000000000105,1.76969171955587e-07,48,1.9200000000000004
-2.0000000000000107,3.6994695664732944e-07,48,1.9200000000000004
-1.9500000000000108,7.538600350182297e-07,48,1.9200000000000004
-1.900000000000011,1.498181022938353e-06,48,1.9200000000000004
-1.8500000000000112,2.905111456485152e-06,48,1.9200000000000004
-1.8000000000000114,5.49894414524175e-06,48,1.9200000000000004
-1.7500000000000115,1.0164769579253633e-05,48,1.9200000000000004
-1.7000000000000117,1.8356618008043573e-05,48,1.9200000000000004
-1.650000000000012,3.239900402640307e-05,48,1.9200000000000004
-1.600000000000012,5.5908034033826187e-05,48,1.9200000000000004
-1.5500000000000123,9.435685389666036e-05,48,1.9200000000000004
-1.5000000000000124,0.00015580347183014482,48,1.9200000000000004
-1.4500000000000126,0.0002517844529146259,48,1.9200000000000004
-1.4000000000000128,0.0003983548382595303,48,1.9200000000000004
-1.350000000000013,0.0006172223576704007,48,1.9200000000000004
-1.3000000000000131,0.0009368855958379966,48,1.9200000000000004
-1.2500000000000133,0.0013936468026938596,48,1.9200000000000004
-1.2000000000000135,0.0020323371995238444,48,1.9200000000000004
-1.1500000000000137,0.0029065815703610523,48,1.9200000000000004
-1.1000000000000139,0.004078436953811605,48,1.9200000000000004
-1.050000000000014,0.005617298975141786,48,1.9200000000000004
-1.0000000000000142,0.007598029337838853,48,1.9200000000000004
-0.9500000000000144,0.010098396275489674,48,1.9200000000000004
-0.9000000000000146,0.013195968561606696,48,1.9200000000000004
-0.8500000000000147,0.01696478894864578,48,1.9200000000000004
-0.8000000000000149,0.021472053673440968,48,1.9200000000000004
-0.7500000000000151,0.02677525489318429,48,1.9200000000000004
-0.7000000000000153,0.0329198467113994,48,1.9200000000000004
-0.6500000000000155,0.03993790535700456,48,1.9200000000000004
-0.6000000000000156,0.047847429661385533,48,1.9200000000000004
-0.5500000000000158,0.0566528106139039,48,1.9200000000000004
-0.500000000000016,0.0663455692833473,48,1.9200000000000004
-0.45000000000001616,0.07690618914801622,48,1.9200000000000004
-0.40000000000001634,0.08830554380552387,48,1.9200000000000004
-0.3500000000000165,0.1005073491933604,48,1.9200000000000004
-0.3000000000000167,0.11346948890218816,48,1.9200000000000004
-0.2500000000000169,0.1271464608229893,48,1.9200000000000004
-0.20000000000001705,0.1414900904208539,48,1.9200000000000004
-0.15000000000001723,0.15645159565800656,48,1.9200000000000004
-0.10000000000001741,0.1719815131641383,48,1.9200000000000004
-0.050000000000017586,0.1880311363915305,48,1.9200000000000004
-1.7763568394002505e-14,0.20455169111433358,48,1.9200000000000004
0.04999999999998206,0.22149478086878605,48,1.9200000000000004
0.09999999999998188,0.2388108382122213,48,1.9200000000000004
0.1499999999999817,0.25644771963305196,48,1.9200000000000004
0.19999999999998153,0.27434804015727343,48,1.9200000000000004
0.24999999999998135,0.29244387247426507,48,1.9200000000000004
0.29999999999998117,0.3106511629302047,48,1.9200000000000004
0.349999999999981,0.32885565117843274,48,1.9200000000000004
0.3999999999999808,0.3468985711650585,48,1.9200000000000004
0.44999999999998064,0.36454203920383405,48,1.9200000000000004
0.49999999999998046,0.381430279552817,48,1.9200000000000004
0.5499999999999803,0.39700839758830836,48,1.9200000000000004
0.5999999999999801,0.4104270760913094,48,1.9200000000000004
0.6499999999999799,0.4203813012467186,48,1.9200000000000004
0.6999999999999797,0.4249608438976071,48,1.9200000000000004
0.7499999999999796,0.42153424564544995,48,1.9200000000000004
0.7999999999999794,0.4069573679340499,48,1.9200000000000004
0.8499999999999792,0.3783613163671322,48,1.9200000000000004
0.899999999999979,0.33475308421535205,48,1.9200000000000004
0.9499999999999789,0.27873097801830504,48,1.9200000000000004
0.9999999999999787,0.2168031277212843,48,1.9200000000000004
1.0499999999999785,0.15726743303279567,48,1.9200000000000004
1.0999999999999783,0.10682444343761772,48,1.9200000000000004
1.1499999999999782,0.06849635652710578,48,1.9200000000000004
1.199999999999978,0.04184392092197724,48,1.9200000000000004
1.2499999999999778,0.024562520102920357,48,1.9200000000000004
1.2999999999999776,0.013945027451605025,48,1.9200000000000004
1.3499999999999774,0.007694465346336738,48,1.9200000000000004
1.3999999999999773,0.0041389760812878245,48,1.9200000000000004
1.449999999999977,0.002175645827816044,48,1.9200000000000004
1.499999999999977,0.001119185611927311,48,1.9200000000000004
1.5499999999999767,0.0005642694382809772,48,1.9200000000000004
1.5999999999999766,0.00027913664808471093,48,1.9200000000000004
1.6499999999999764,0.00013568053602408797,48,1.9200000000000004
1.6999999999999762,6.487944860875472e-05,48,1.9200000000000004
1.749999999999976,3.056623862131296e-05,48,1.9200000000000004
1.7999999999999758,1.4205340823810958e-05,48,1.9200000000000004
1.8499999999999757,6.520569531007772e-06,48,1.9200000000000004
1.8999999999999755,2.958634814157646e-06,48,1.9200000000000004
1.9499999999999753,1.3276360673871678e-06,48,1.9200000000000004
1.9999999999999751,5.89114037313192e-07,48,1.9200000000000004
2.049999999999975,2.583312880346375e-07,48,1.9200000000000004
2.0999999999999748,1.1181806899025867e-07,48,1.9200000000000004
2.1499999999999746,4.770009137120458e-08,48,1.9200000000000004
2.1999999999999744,2.0017192428074323e-08,48,1.9200000000000004
2.2499999999999742,8.24701120858298e-09,48,1.9200000000000004
2.299999999999974,3.3291365740148338e-09,48,1.9200000000000004
2.349999999999974,1.3141960043297944e-09,48,1.9200000000000004
2.3999999999999737,5.06389753705982e-10,48,1.9200000000000004
2.4499999999999735,1.9013439921530806e-10,48,1.9200000000000004
2.4999999999999734,6.945339653315888e-11,48,1.9200000000000004
2.549999999999973,2.4645127850199235e-11,48,1.9200000000000004
2.599999999999973,8.483028251133266e-12,48,1.9200000000000004
2.649999999999973,2.828449083458977e-12,48,1.9200000000000004
2.6999999999999726,9.122750922192338e-13,48,1.9200000000000004
2.7499999999999725,2.842390758906268e-13,48,1.9200000000000004
2.7999999999999723,8.543074183215193e-14,48,1.9200000000000004
2.849999999999972,2.473405874383055e-14,48,1.9200000000000004
2.899999999999972,6.8879289281830964e-15,48,1.9200000000000004
2.9499999999999718,1.8421944745279484e-15,48,1.9200000000000004
2.9999999999999716,4.724499003417076e-16,48,1.9200000000000004
3.0499999999999723,1.1599700245284516e-16,48,1.9200000000000004
3.0999999999999712,2.721966097778544e-17,48,1.9200000000000004
3.14999999999997,6.0941799967878154e-18,48,1.9200000000000004
3.199999999999971,1.299496463630699e-18,48,1.9200000000000004
3.2499999999999716,2.634356142134127e-19,48,1.9200000000000004
3.2999999999999705,5.06770613434885e-20,48,1.9200000000000004
3.3499999999999694,9.233681753113872e-21,48,1.9200000000000004
3.39999999999997,1.590564714944941e-21,48,1.9200000000000004
3.449999999999971,2.585424241110537e-22,48,1.9200000000000004
3.49999999999997,3.9584000407637866e-23,48,1.9200000000000004
3.5499999999999687,5.698207472896458e-24,48,1.9200000000000004
3.5999999999999694,7.699066713409272e-25,48,1.9200000000000004
3.64999999999997,9.747728722845645e-26,48,1.9200000000000004
3.699999999999969,1.1546697498638436e-26,48,1.9200000000000004
3.749999999999968,1.277815130744748e-27,48,1.9200000000000004
3.7999999999999687,1.3193113359286853e-28,48,1.9200000000000004
3.8499999999999694,1.2692773117711456e-29,48,1.9200000000000004
3.8999999999999684,1.1365922041308321e-30,48,1.9200000000000004
3.9499999999999673,9.463416958505841e-32,48,1.9200000000000004
3.999999999999968,7.319613906918639e-33,48,1.9200000000000004
4.049999999999969,5.254969140174469e-34,48,1.9200000000000004
4.099999999999968,3.4992838234724186e-35,48,1.9200000000000004
4.149999999999967,2.159919354733587e-36,48,1.9200000000000004
4.199999999999967,1.2350983010997814e-37,48,1.9200000000000004
4.249999999999968,6.539702574924366e-39,48,1.9200000000000004
4.299999999999967,3.204949859419962e-40,48,1.9200000000000004
4.349999999999966,1.4532151863275958e-41,48,1.9200000000000004
4.399999999999967,6.094587273161796e-43,48,1.9200000000000004
4.449999999999967,2.3634344323825e-44,48,1.9200000000000004
4.499999999999966,8.472732618518292e-46,48,1.9200000000000004
4.549999999999965,2.807336051482369e-47,48,1.9200000000000004
4.599999999999966,8.595657781517595e-49,48,1.9200000000000004
4.649999999999967,2.431707850936918e-50,48,1.9200000000000004
4.6999999999999655,6.355276087486854e-52,48,1.9200000000000004
4.7499999999999645,1.5342618970110154e-53,48,1.9200000000000004
4.799999999999965,3.4210934517978194e-55,48,1.9200000000000004
4.849999999999966,7.045228175615479e-57,48,1.9200000000000004
4.899999999999965,1.3398598443161307e-58,48,1.9200000000000004
4.949999999999964,2.3530534393371038e-60,48,1.9200000000000004
4.9999999999999645,3.815849111070167e-62,48,1.9200000000000004
-5.0,1.936887870025942e-62,49,1.9600000000000004
-4.95,6.699327795009556e-59,49,1.9600000000000004
-4.9,3.523790332783787e-57,49,1.9600000000000004
-4.8500000000000005,1.7112166557774035e-55,49,1.9600000000000004
-4.800000000000001,7.674832099122315e-54,49,1.9600000000000004
-4.750000000000001,3.179348590461003e-52,49,1.9600000000000004
-4.700000000000001,1.2166210564138477e-50,49,1.9600000000000004
-4.650000000000001,4.301006528791766e-49,49,1.9600000000000004
-4.600000000000001,1.4048838796632121e-47,49,1.9600000000000004
-4.550000000000002,4.240664138139756e-46,49,1.9600000000000004
-4.500000000000002,1.1831208842142277e-44,49,1.9600000000000004
-4.450000000000002,3.051530002883196e-43,49,1.9600000000000004
-4.400000000000002,7.27789310378369e-42,49,1.9600000000000004
-4.350000000000002,1.6055222233430761e-40,49,1.9600000000000004
-4.3000000000000025,3.277117363386887e-39,49,1.9600000000000004
-4.250000000000003,6.191516254783247e-38,49,1.9600000000000004
-4.200000000000003,1.083229528652082e-36,49,1.9600000000000004
-4.150000000000003,1.75581740323828e-35,49,1.9600000000000004
-4.100000000000003,2.6382841668558928e-34,49,1.9600000000000004
-4.050000000000003,3.677303372569894e-33,49,1.9600000000000004
-4.0000000000000036,4.757983324945262e-32,49,1.9600000000000004
-3.9500000000000037,5.719559090178797e-31,49,1.9600000000000004
-3.900000000000004,6.393703643637434e-30,49,1.9600000000000004
-3.850000000000004,6.653386289838898e-29,49,1.9600000000000004
-3.8000000000000043,6.452539519300668e-28,49,1.9600000000000004
-3.7500000000000044,5.839314316097057e-27,49,1.9600000000000004
-3.7000000000000046,4.937755117895472e-26,49,1.9600000000000004
-3.650000000000005,3.907266843900947e-25,49,1.9600000000000004
-3.600000000000005,2.8978423787921062e-24,49,1.9600000000000004
-3.550000000000005,2.017695349238752e-23,49,1.9600000000000004
-3.5000000000000053,1.3212031429414185e-22,49,1.9600000000000004
-3.4500000000000055,8.150743168456112e-22,49,1.9600000000000004
-3.4000000000000057,4.746111133170399e-21,49,1.9600000000000004
-3.350000000000006,2.6133793796755912e-20,49,1.9600000000000004
-3.300000000000006,1.3633431403436882e-19,49,1.9600000000000004
-3.250000000000006,6.750817429733209e-19,49,1.9600000000000004
-3.2000000000000064,3.1787422114506637e-18,49,1.9600000000000004
-3.1500000000000066,1.4258829578626827e-17,49,1.9600000000000004
-3.1000000000000068,6.103806761742004e-17,49,1.9600000000000004
-3.050000000000007,2.4976787522502386e-16,49,1.9600000000000004
-3.000000000000007,9.78564928572868e-16,49,1.9600000000000004
-2.9500000000000073,3.676402671996257e-15,49,1.9600000000000004
-2.9000000000000075,1.3263643838989616e-14,49,1.9600000000000004
-2.8500000000000076,4.601477409047889e-14,49,1.9600000000000004
-2.800000000000008,1.5370131622735527e-13,49,1.9600000000000004
-2.750000000000008,4.949020396345394e-13,49,1.9600000000000004
-2.700000000000008,1.537815504808515e-12,49,1.9600000000000004
-2.6500000000000083,4.6161880329078224e-12,49,1.9600000000000004
-2.6000000000000085,1.3399220168196648e-11,49,1.9600000000000004
-2.5500000000000087,3.764341932464049e-11,49,1.9600000000000004
-2.500000000000009,1.0244375614593186e-10,49,1.9600000000000004
-2.450000000000009,2.7028443857218824e-10,49,1.9600000000000004
-2.4000000000000092,6.91876806910122e-10,49,1.9600000000000004
-2.3500000000000094,1.7195871519641865e-09,49,1.9600000000000004
-2.3000000000000096,4.152472458989377e-09,49,1.9600000000000004
-2.2500000000000098,9.749020835780601e-09,49,1.9600000000000004
-2.20000000000001,2.2266789008907854e-08,49,1.9600000000000004
-2.15000000000001,4.9505583499156016e-08,49,1.9600000000000004
-2.1000000000000103,1.0720033261860543e-07,49,1.9600000000000004
-2.0500000000000105,2.2621279850227778e-07,49,1.9600000000000004
-2.0000000000000107,4.6541449608953545e-07,49,1.9600000000000004
-1.9500000000000108,9.340635682557158e-07,49,1.9600000000000004
-1.900000000000011,1.8294841714781663e-06,49,1.9600000000000004
-1.8500000000000112,3.4985569853219847e-06,49,1.9600000000000004
-1.8000000000000114,6.534921541295788e-06,49,1.9600000000000004
-1.7500000000000115,1.1927719731235064e-05,49,1.9600000000000004
-1.7000000000000117,2.1281697528244093e-05,49,1.9600000000000004
-1.650000000000012,3.713176827236591e-05,49,1.9600000000000004
-1.600000000000012,6.337635825744863e-05,49,1.9600000000000004
-1.5500000000000123,0.00010585152312927254,49,1.9600000000000004
-1.5000000000000124,0.00017305975496667266,49,1.9600000000000004
-1.4500000000000126,0.0002770522726737715,49,1.9600000000000004
-1.4000000000000128,0.0004344398916868976,49,1.9600000000000004
-1.350000000000013,0.0006674764034402587,49,1.9600000000000004
-1.3000000000000131,0.0010051223225877601,49,1.9600000000000004
-1.2500000000000133,0.0014839608697063446,49,1.9600000000000004
-1.2000000000000135,0.0021488129935245555,49,1.9600000000000004
-1.1500000000000137,0.003052886425968995,49,1.9600000000000004
-1.1000000000000139,0.004257319106481226,49,1.9600000000000004
-1.050000000000014,0.00583001386545874,49,1.9600000000000004
-1.0000000000000142,0.00784376291340359,49,1.9600000000000004
-0.9500000000000144,0.010373718242430724,49,1.9600000000000004
-0.9000000000000146,0.013494427320720674,49,1.9600000000000004
-0.8500000000000147,0.017276628016988586,49,1.9600000000000004
-0.8000000000000149,0.021784199878810456,49,1.9600000000000004
-0.7500000000000151,0.027071416748710803,49,1.9600000000000004
-0.7000000000000153,0.03318095572315241,49,1.9600000000000004
-0.6500000000000155,0.04014250614285263,49,1.9600000000000004
-0.6000000000000156,0.04797245705222427,49,1.9600000000000004
-0.5500000000000158,0.056674027864700376,49,1.9600000000000004
-0.500000000000016,0.06623849568519695,49,1.9600000000000004
-0.45000000000001616,0.07664632964378401,49,1.9600000000000004
-0.40000000000001634,0.08786933610816719,49,1.9600000000000004
-0.3500000000000165,0.09987202518486911,49,1.9600000000000004
-0.3000000000000167,0.11261400595658769,49,1.9600000000000004
-0.2500000000000169,0.1260509655064055,49,1.9600000000000004
-0.20000000000001705,0.14013685238367307,49,1.9600000000000004
-0.15000000000001723,0.15482416275591102,49,1.9600000000000004
-0.10000000000001741,0.17006564473101773,49,1.9600000000000004
-0.050000000000017586,0.1858138514457345,49,1.9600000000000004
-1.7763568394002505e-14,0.202022112690274,49,1.9600000000000004
0.04999999999998206,0.21864342024129943,49,1.9600000000000004
0.09999999999998188,0.23563015126034284,49,1.9600000000000004
0.1499999999999817,0.2529321930466447,49,1.9600000000000004
0.19999999999998153,0.2704941989251081,49,1.9600000000000004
0.24999999999998135,0.2882521419653888,49,1.9600000000000004
0.29999999999998117,0.30612523767349953,49,1.9600000000000004
0.349999999999981,0.3240079723183375,49,1.9600000000000004
0.3999999999999808,0.34174987338415364,49,1.9600000000000004
0.44999999999998064,0.3591343374622616,49,1.9600000000000004
0.49999999999998046,0.3758302645143219,49,1.9600000000000004
0.5499999999999803,0.3913364124962389,49,1.9600000000000004
0.5999999999999801,0.4048738952810638,49,1.9600000000000004
0.6499999999999799,0.4152656931829973,49,1.9600000000000004
0.6999999999999797,0.4207636370832854,49,1.9600000000000004
0.7499999999999796,0.41895458982189987,49,1.9600000000000004
0.7999999999999794,0.40685454791205294,49,1.9600000000000004
0.8499999999999792,0.38156616045952485,49,1.9600000000000004
0.899999999999979,0.3416394127159243,49,1.9600000000000004
0.9499999999999789,0.28878931220871,49,1.9600000000000004
0.9999999999999787,0.22859078804841354,49,1.9600000000000004
1.0499999999999785,0.16893221247424595,49,1.9600000000000004
1.0999999999999783,0.11689015370699803,49,1.9600000000000004
1.1499999999999782,0.0762662917793239,49,1.9600000000000004
1.199999999999978,0.04734712500774947,49,1.9600000000000004
1.2499999999999778,0.028205764172290863,49,1.9600000000000004
1.2999999999999776,0.016237315243996624,49,1.9600000000000004
1.3499999999999774,0.009077468299971334,49,1.9600000000000004
1.3999999999999773,0.004945949859515968,49,1.9600000000000004
1.449999999999977,0.0026322565559210734,49,1.9600000000000004
1.499999999999977,0.0013708406400023336,49,1.9600000000000004
1.5499999999999767,0.0006993960618391392,49,1.9600000000000004
1.5999999999999766,0.000350034985310757,49,1.9600000000000004
1.6499999999999764,0.00017202278993182327,49,1.9600000000000004
1.6999999999999762,8.312688230528293e-05,49,1.9600000000000004
1.749999999999976,3.954319622651161e-05,49,1.9600000000000004
1.7999999999999758,1.8543582431583653e-05,49,1.9600000000000004
1.8499999999999757,8.582026426621894e-06,49,1.9600000000000004
1.8999999999999755,3.924110950239366e-06,49,1.9600000000000004
1.9499999999999753,1.773876107028342e-06,49,1.9600000000000004
1.9999999999999751,7.929840168873973e-07,49,1.9600000000000004
2.049999999999975,3.50466120062139e-07,49,1.9600000000000004
2.0999999999999748,1.5301570259487214e-07,49,1.9600000000000004
2.1499999999999746,6.5917633129685e-08,49,1.9600000000000004
2.1999999999999744,2.7973551731350884e-08,49,1.9600000000000004
2.2499999999999742,1.1673164578965546e-08,49,1.9600000000000004
2.299999999999974,4.780603619713603e-09,49,1.9600000000000004
2.349999999999974,1.9177631660257517e-09,49,1.9600000000000004
2.3999999999999737,7.521652021107433e-10,49,1.9600000000000004
2.4499999999999735,2.8792157516989184e-10,49,1.9600000000000004
2.4999999999999734,1.0738976353986239e-10,49,1.9600000000000004
2.549999999999973,3.896821239309643e-11,49,1.9600000000000004
2.599999999999973,1.3736788466948982e-11,49,1.9600000000000004
2.649999999999973,4.697651671690476e-12,49,1.9600000000000004
2.6999999999999726,1.556344079676386e-12,49,1.9600000000000004
2.7499999999999725,4.988529170258578e-13,49,1.9600000000000004
2.7999999999999723,1.5448656731724472e-13,49,1.9600000000000004
2.849999999999972,4.6159335380168967e-14,49,1.9600000000000004
2.899999999999972,1.328812660917937e-14,49,1.9600000000000004
2.9499999999999718,3.6801894142624116e-15,49,1.9600000000000004
2.9999999999999716,9.790957384903974e-16,49,1.9600000000000004
3.0499999999999723,2.4983478065974655e-16,49,1.9600000000000004
3.0999999999999712,6.104559122481648e-17,49,1.9600000000000004
3.14999999999997,1.4259578720708068e-17,49,1.9600000000000004
3.199999999999971,3.178807805500614e-18,49,1.9600000000000004
3.2499999999999716,6.750867624870937e-19,49,1.9600000000000004
3.2999999999999705,1.3633464798326328e-19,49,1.9600000000000004
3.3499999999999694,2.6133813029216722e-20,49,1.9600000000000004
3.39999999999997,4.746112088612463e-21,49,1.9600000000000004
3.449999999999971,8.150743576762894e-22,49,1.9600000000000004
3.49999999999997,1.321203157919751e-22,49,1.9600000000000004
3.5499999999999687,2.0176953539489397e-23,49,1.9600000000000004
3.5999999999999694,2.897842380062457e-24,49,1.9600000000000004
3.64999999999997,3.9072668441978286e-25,49,1.9600000000000004
3.699999999999969,4.93775511796006e-26,49,1.9600000000000004
3.749999999999968,5.8393143161156524e-27,49,1.9600000000000004
3.7999999999999687,6.452539519312298e-28,49,1.9600000000000004
3.8499999999999694,6.653386289849968e-29,49,1.9600000000000004
3.8999999999999684,6.393703643648257e-30,49,1.9600000000000004
3.9499999999999673,5.7195590901887535e-31,49,1.9600000000000004
3.999999999999968,4.757983324953793e-32,49,1.9600000000000004
4.049999999999969,3.677303372576681e-33,49,1.9600000000000004
4.099999999999968,2.6382841668609026e-34,49,1.9600000000000004
4.149999999999967,1.7558174032417082e-35,49,1.9600000000000004
4.199999999999967,1.0832295286542557e-36,49,1.9600000000000004
4.249999999999968,6.191516254796007e-38,49,1.9600000000000004
4.299999999999967,3.277117363393821e-39,49,1.9600000000000004
4.349999999999966,1.605522223346562e-40,49,1.9600000000000004
4.399999999999967,7.277893103799892e-42,49,1.9600000000000004
4.449999999999967,3.0515300028901574e-43,49,1.9600000000000004
4.499999999999966,1.1831208842169913e-44,49,1.9600000000000004
4.549999999999965,4.240664138149905e-46,49,1.9600000000000004
4.599999999999966,1.404883879666653e-47,49,1.9600000000000004
4.649999999999967,4.301006528802541e-49,49,1.9600000000000004
4.6999999999999655,1.2166210564169647e-50,49,1.9600000000000004
4.7499999999999645,3.1793485904693256e-52,49,1.9600000000000004
4.799999999999965,7.674832099142885e-54,49,1.9600000000000004
4.849999999999966,1.7112166558210678e-55,49,1.9600000000000004
4.899999999999965,3.523790614527408e-57,49,1.9600000000000004
4.949999999999964,6.701207146136188e-59,49,1.9600000000000004
4.9999999999999645,1.1768163528134605e-60,49,1.9600000000000004
-5.0,5.9809261575685993e-61,50,2.0000000000000004
-4.95,1.7619048508312437e-57,50,2.0000000000000004
-4.9,8.559432942784521e-56,50,2.0000000000000004
-4.8500000000000005,3.839177944727549e-54,50,2.0000000000000004
-4.800000000000001,1.5905299035583902e-52,50,2.0000000000000004
-4.750000000000001,6.0869426981188e-51,50,2.0000000000000004
-4.700000000000001,2.1520929386911136e-49,50,2.0000000000000004
-4.650000000000001,7.03050250359813e-48,50,2.0000000000000004
-4.600000000000001,2.1224825723342738e-46,50,2.0000000000000004
-4.550000000000002,5.922628840469454e-45,50,2.0000000000000004
-4.500000000000002,1.527885333510668e-43,50,2.0000000000000004
-4.450000000000002,3.6448621563129166e-42,50,2.0000000000000004
-4.400000000000002,8.042868766729796e-41,50,2.0000000000000004
-4.350000000000002,1.6421976282453353e-39,50,2.0000000000000004
-4.3000000000000025,3.103785738508339e-38,50,2.0000000000000004
-4.250000000000003,5.432533230077344e-37,50,2.0000000000000004
-4.200000000000003,8.810044597465315e-36,50,2.0000000000000004
-4.150000000000003,1.3245582310712068e-34,50,2.0000000000000004
-4.100000000000003,1.847430773301138e-33,50,2.0000000000000004
-4.050000000000003,2.3921830833069103e-32,50,2.0000000000000004
-4.0000000000000036,2.878166061952248e-31,50,2.0000000000000004
-3.9500000000000037,3.220641738443443e-30,50,2.0000000000000004
-3.900000000000004,3.355290940370343e-29,50,2.0000000000000004
-3.850000000000004,3.258238277868521e-28,50,2.0000000000000004
-3.8000000000000043,2.952924089497723e-27,50,2.0000000000000004
-3.7500000000000044,2.5011402565442396e-26,50,2.0000000000000004
-3.7000000000000046,1.9828299935309588e-25,50,2.0000000000000004
-3.650000000000005,1.4736099649855305e-24,50,2.0000000000000004
-3.600000000000005,1.0283840088388808e-23,50,2.0000000000000004
-3.550000000000005,6.750907833646698e-23,50,2.0000000000000004
-3.5000000000000053,4.1762563516899936e-22,50,2.0000000000000004
-3.4500000000000055,2.43911572373227e-21,50,2.0000000000000004
-3.4000000000000057,1.3474434056800762e-20,50,2.0000000000000004
-3.350000000000006,7.054021258376961e-20,50,2.0000000000000004
-3.300000000000006,3.506077683850384e-19,50,2.0000000000000004
-3.250000000000006,1.6575382627425163e-18,50,2.0000000000000004
-3.2000000000000064,7.466955660800074e-18,50,2.0000000000000004
-3.1500000000000066,3.2108404914435354e-17,50,2.0000000000000004
-3.1000000000000068,1.320133524018253e-16,50,2.0000000000000004
-3.050000000000007,5.198014980951438e-16,50,2.0000000000000004
-3.000000000000007,1.963085273610638e-15,50,2.0000000000000004
-2.9500000000000073,7.121104383781208e-15,50,2.0000000000000004
-2.9000000000000075,2.4845588381237153e-14,50,2.0000000000000004
-2.8500000000000076,8.348248003316775e-14,50,2.0000000000000004
-2.800000000000008,2.704584068624606e-13,50,2.0000000000000004
-2.750000000000008,8.457584105174669e-13,50,2.0000000000000004
-2.700000000000008,2.5555450362669677e-12,50,2.0000000000000004
-2.6500000000000083,7.468517836467146e-12,50,2.0000000000000004
-2.6000000000000085,2.112980367849501e-11,50,2.0000000000000004
-2.5500000000000087,5.792148815500122e-11,50,2.0000000000000004
-2.500000000000009,1.5396392893408703e-10,50,2.0000000000000004
-2.450000000000009,3.971602814343872e-10,50,2.0000000000000004
-2.4000000000000092,9.949357946914021e-10,50,2.0000000000000004
-2.3500000000000094,2.422174629596883e-09,50,2.0000000000000004
-2.3000000000000096,5.734303975455108e-09,50,2.0000000000000004
-2.2500000000000098,1.3209630638235243e-08,50,2.0000000000000004
-2.20000000000001,2.962730169631643e-08,50,2.0000000000000004
-2.15000000000001,6.473355861453635e-08,50,2.0000000000000004
-2.1000000000000103,1.3785918125643143e-07,50,2.0000000000000004
-2.0500000000000105,2.8630737333032207e-07,50,2.0000000000000004
-2.0000000000000107,5.801380191184929e-07,50,2.0000000000000004
-1.9500000000000108,1.1474487077035146e-06,50,2.0000000000000004
-1.900000000000011,2.216308003303604e-06,50,2.0000000000000004
-1.8500000000000112,4.1821949847495335e-06,50,2.0000000000000004
-1.8000000000000114,7.713112352159123e-06,50,2.0000000000000004
-1.7500000000000115,1.3908227493679913e-05,50,2.0000000000000004
-1.7000000000000117,2.452949670225708e-05,50,2.0000000000000004
-1.650000000000012,4.232831516241911e-05,50,2.0000000000000004
-1.600000000000012,7.148968054547248e-05,50,2.0000000000000004
-1.5500000000000123,0.00011821286998886002,50,2.0000000000000004
-1.5000000000000124,0.00019143878721815304,50,2.0000000000000004
-1.4500000000000126,0.00030371806565864516,50,2.0000000000000004
-1.4000000000000128,0.000472190584699544,50,2.0000000000000004
-1.350000000000013,0.0007196168005645537,50,2.0000000000000004
-1.3000000000000131,0.0010753673135505677,50,2.0000000000000004
-1.2500000000000133,0.0015762462327766026,50,2.0000000000000004
-1.2000000000000135,0.002267000052704261,50,2.0000000000000004
-1.1500000000000137,0.0032003645762642367,50,2.0000000000000004
-1.1000000000000139,0.004436516356485553,50,2.0000000000000004
-1.050000000000014,0.006041861039808952,50,2.0000000000000004
-1.0000000000000142,0.008087141060244352,50,2.0000000000000004
-0.9500000000000144,0.010644980126647625,50,2.0000000000000004
-0.9000000000000146,0.013786999560616844,50,2.0000000000000004
-0.8500000000000147,0.017580823240636412,50,2.0000000000000004
-0.8000000000000149,0.022087146437020696,50,2.0000000000000004
-0.7500000000000151,0.027357292909313068,50,2.0000000000000004
-0.7000000000000153,0.0334312496068524,50,2.0000000000000004
-0.6500000000000155,0.040336630225103205,50,2.0000000000000004
-0.6000000000000156,0.04808816207678052,50,2.0000000000000004
-0.5500000000000158,0.05668824003370854,50,2.0000000000000004
-0.500000000000016,0.06612763587155124,50,2.0000000000000004
-0.45000000000001616,0.07638721951319162,50,2.0000000000000004
-0.40000000000001634,0.08743922510099386,50,2.0000000000000004
-0.3500000000000165,0.09924949221047738,50,2.0000000000000004
-0.3000000000000167,0.11177861044752331,50,2.0000000000000004
-0.2500000000000169,0.1249841445584478,50,2.0000000000000004
-0.20000000000001705,0.13882122903756391,50,2.0000000000000004
-0.15000000000001723,0.15324445133299075,50,2.0000000000000004
-0.10000000000001741,0.16820775389761702,50,2.0000000000000004
-0.050000000000017586,0.18366575661103288,50,2.0000000000000004
-1.7763568394002505e-14,0.19957300427837377,50,2.0000000000000004
0.04999999999998206,0.21588440514188237,50,2.0000000000000004
0.09999999999998188,0.23255385683105775,50,2.0000000000000004
0.1499999999999817,0.24953306639889272,50,2.0000000000000004
0.19999999999998153,0.26676924689236686,50,2.0000000000000004
0.24999999999998135,0.2842006084015997,50,2.0000000000000004
0.29999999999998117,0.30175168338622194,50,2.0000000000000004
0.349999999999981,0.31932149256534087,50,2.0000000000000004
0.3999999999999808,0.3367718936465761,50,2.0000000000000004
0.44999999999998064,0.3538989865958737,50,2.0000000000000004
0.49999999999998046,0.37040203189905646,50,2.0000000000000004
0.5499999999999803,0.3858171832266615,50,2.0000000000000004
0.5999999999999801,0.3994407712017523,50,2.0000000000000004
0.6499999999999799,0.41019493273987606,50,2.0000000000000004
0.6999999999999797,0.41649467102283233,50,2.0000000000000004
0.7499999999999796,0.4161113755246359,50,2.0000000000000004
0.7999999999999794,0.40624641784571486,50,2.0000000000000004
0.8499999999999792,0.38400960728115646,50,2.0000000000000004
0.899999999999979,0.3476164299264862,50,2.0000000000000004
0.9499999999999789,0.2980078483702263,50,2.0000000000000004
0.9999999999999787,0.2398329972283852,50,2.0000000000000004
1.0499999999999785,0.1804585589470956,50,2.0000000000000004
1.0999999999999783,0.12714356115671988,50,2.0000000000000004
1.1499999999999782,0.08440295091480299,50,2.0000000000000004
1.199999999999978,0.0532402244016526,50,2.0000000000000004
1.2499999999999778,0.03218784009390635,50,2.0000000000000004
1.2999999999999776,0.018784249176492282,50,2.0000000000000004
1.3499999999999774,0.010639470149020312,50,2.0000000000000004
1.3999999999999773,0.0058699567591783625,50,2.0000000000000004
1.449999999999977,0.0031629118929496635,50,2.0000000000000004
1.499999999999977,0.0016671142328250812,50,2.0000000000000004
1.5499999999999767,0.0008607891485704134,50,2.0000000000000004
1.5999999999999766,0.00043580133848769326,50,2.0000000000000004
1.6499999999999764,0.0002166040566904959,50,2.0000000000000004
1.6999999999999762,0.00010578859871434507,50,2.0000000000000004
1.749999999999976,5.0836545611255766e-05,50,2.0000000000000004
1.7999999999999758,2.40629093292048e-05,50,2.0000000000000004
1.8499999999999757,1.123391238407204e-05,50,2.0000000000000004
1.8999999999999755,5.177965367733346e-06,50,2.0000000000000004
1.9499999999999753,2.3585504375280012e-06,50,2.0000000000000004
1.9999999999999751,1.0621717183072289e-06,50,2.0000000000000004
2.049999999999975,4.7299998082310384e-07,50,2.0000000000000004
2.0999999999999748,2.0819190029218542e-07,50,2.0000000000000004
2.1499999999999746,9.049463168936863e-08,50,2.0000000000000004
2.1999999999999744,3.879539969609959e-08,50,2.0000000000000004
2.2499999999999742,1.6377077827465328e-08,50,2.0000000000000004
2.299999999999974,6.79546389901264e-09,50,2.0000000000000004
2.349999999999974,2.766384415369857e-09,50,2.0000000000000004
2.3999999999999737,1.102842371316805e-09,50,2.0000000000000004
2.4499999999999735,4.2977748293614684e-10,50,2.0000000000000004
2.4999999999999734,1.634448937977702e-10,50,2.0000000000000004
2.549999999999973,6.056327600567446e-11,50,2.0000000000000004
2.599999999999973,2.1832932032692746e-11,50,2.0000000000000004
2.649999999999973,7.64656627334994e-12,50,2.0000000000000004
2.6999999999999726,2.5982522943625305e-12,50,2.0000000000000004
2.7499999999999725,8.55415323497295e-13,50,2.0000000000000004
2.7999999999999723,2.725061262030627e-13,50,2.0000000000000004
2.849999999999972,8.388734696321678e-14,50,2.0000000000000004
2.899999999999972,2.491976239721611e-14,50,2.0000000000000004
2.9499999999999718,7.133611173834918e-15,50,2.0000000000000004
2.9999999999999716,1.965012097461082e-15,50,2.0000000000000004
3.0499999999999723,5.200706648576071e-16,50,2.0000000000000004
3.0999999999999712,1.3204717969022732e-16,50,2.0000000000000004
3.14999999999997,3.211219951515855e-17,50,2.0000000000000004
3.199999999999971,7.46733274159758e-18,50,2.0000000000000004
3.2499999999999716,1.6575712267419387e-18,50,2.0000000000000004
3.2999999999999705,3.506102877581552e-19,50,2.0000000000000004
3.3499999999999694,7.054038003593787e-20,50,2.0000000000000004
3.39999999999997,1.3474443693446506e-20,50,2.0000000000000004
3.449999999999971,2.439116202202219e-21,50,2.0000000000000004
3.49999999999997,4.1762565560788943e-22,50,2.0000000000000004
3.5499999999999687,6.750907908601877e-23,50,2.0000000000000004
3.5999999999999694,1.028384011195459e-23,50,2.0000000000000004
3.64999999999997,1.4736099656210288e-24,50,2.0000000000000004
3.699999999999969,1.9828299936794926e-25,50,2.0000000000000004
3.749999999999968,2.5011402565765915e-26,50,2.0000000000000004
3.7999999999999687,2.952924089507076e-27,50,2.0000000000000004
3.8499999999999694,3.25823827787439e-28,50,2.0000000000000004
3.8999999999999684,3.355290940375928e-29,50,2.0000000000000004
3.9499999999999673,3.220641738448898e-30,50,2.0000000000000004
3.999999999999968,2.87816606195726e-31,50,2.0000000000000004
4.049999999999969,2.392183083311201e-32,50,2.0000000000000004
4.099999999999968,1.8474307733045493e-33,50,2.0000000000000004
4.149999999999967,1.3245582310737226e-34,50,2.0000000000000004
4.199999999999967,8.810044597482521e-36,50,2.0000000000000004
4.249999999999968,5.432533230088248e-37,50,2.0000000000000004
4.299999999999967,3.103785738514736e-38,50,2.0000000000000004
4.349999999999966,1.6421976282488103e-39,50,2.0000000000000004
4.399999999999967,8.042868766747261e-41,50,2.0000000000000004
4.449999999999967,3.6448621563210305e-42,50,2.0000000000000004
4.499999999999966,1.5278853335141536e-43,50,2.0000000000000004
4.549999999999965,5.922628840483289e-45,50,2.0000000000000004
4.599999999999966,2.1224825723393537e-46,50,2.0000000000000004
4.649999999999967,7.03050250361535e-48,50,2.0000000000000004
4.6999999999999655,2.1520929386965052e-49,50,2.0000000000000004
4.7499999999999645,6.086942698134395e-51,50,2.0000000000000004
4.799999999999965,1.5905299035625734e-52,50,2.0000000000000004
4.849999999999966,3.8391779448787063e-54,50,2.0000000000000004
4.899999999999965,8.559433882678406e-56,50,2.0000000000000004
4.949999999999964,1.7624837154401108e-57,50,2.0000000000000004
4.9999999999999645,3.3515720170031073e-59,50,2.0000000000000004
